<?xml version="1.0"?>
<COLLADA xmlns="http://www.collada.org/2005/11/COLLADASchema" version="1.4.1">
	<asset>
		<contributor>
			<author>Assimp</author>
			<authoring_tool>Assimp Exporter</authoring_tool>
		</contributor>
		<created>2023-07-28T16:31:26</created>
		<modified>2023-07-28T16:31:26</modified>
		<unit name="meter" meter="0.010000" />
		<up_axis>Y_UP</up_axis>
	</asset>
	<library_effects>
		<effect id="glass-fx" name="glass">
			<profile_COMMON>
				<technique sid="standard">
					<lambert>
						<emission>
							<color sid="emission">0.000000   0.000000   0.000000   1.000000</color>
						</emission>
						<ambient>
							<color sid="ambient">0.000000   0.000000   0.000000   1.000000</color>
						</ambient>
						<diffuse>
							<color sid="diffuse">0.000000   0.000000   0.000000   1.000000</color>
						</diffuse>
						<specular>
							<color sid="specular">0.000000   0.000000   0.000000   1.000000</color>
						</specular>
						<shininess>
							<float sid="shininess">0.000000</float>
						</shininess>
						<transparency>
							<float sid="transparency">0.000000</float>
						</transparency>
						<index_of_refraction>
							<float sid="index_of_refraction">0.000000</float>
						</index_of_refraction>
					</lambert>
				</technique>
			</profile_COMMON>
		</effect>
	</library_effects>
	<library_materials>
		<material id="glass" name="glass">
			<instance_effect url="#glass-fx"/>
		</material>
	</library_materials>
	<library_geometries>
		<geometry id="meshId0" name="meshId0_name" >
			<mesh>
				<source id="meshId0-positions" name="meshId0-positions">
					<float_array id="meshId0-positions-array" count="8958"> 
						-14.720218 -5.404469 -14.705044 -14.565058 -5.295319 -14.737946 -14.667964 -5.295490 -15.054658 -14.812875 -5.404621 -14.990213 -14.834470 -5.295632 -15.343054 -14.962797 -5.404751 -15.249886 -15.057297 -5.295745 -15.590530 -15.163432 -5.404851 -15.472714 -15.326708 -5.295819 -15.786269 -15.406011 -5.404918 -15.648958 -15.630929 -5.295853 -15.921716 -15.679932 -5.404949 -15.770916 -15.956662 -5.295845 -15.990952 -15.973224 -5.404941 -15.833257 -16.289673 -5.295796 -15.990952 -16.273067 -5.404896 -15.833257 -16.615406 -5.295706 -15.921716 -16.566360 -5.404817 -15.770916 -16.919626 -5.295582 -15.786269 -16.840281 -5.404704 -15.648958 -17.189037 -5.295427 -15.590530 -17.082861 -5.404565 -15.472714 -17.411865 -5.295250 -15.343054 -17.283493 -5.404406 -15.249886 -17.578371 -5.295057 -15.054658 -17.433416 -5.404231 -14.990213 -17.681276 -5.294857 -14.737946 -17.526073 -5.404051 -14.705044 -17.716087 -5.294657 -14.406759 -17.557415 -5.403873 -14.406842 -17.681276 -5.294469 -14.075572 -17.526073 -5.403703 -14.108640 -17.578371 -5.294299 -13.758860 -17.433416 -5.403549 -13.823472 -17.411865 -5.294155 -13.470464 -17.283493 -5.403419 -13.563799 -17.189037 -5.294045 -13.222989 -17.082861 -5.403321 -13.340971 -16.919626 -5.293969 -13.027249 -16.840281 -5.403254 -13.164727 -16.615406 -5.293937 -12.891802 -16.566360 -5.403223 -13.042769 -16.289673 -5.293943 -12.822564 -16.273067 -5.403230 -12.980427 -15.956663 -5.293994 -12.822565 -15.973224 -5.403274 -12.980427 -15.630930 -5.294083 -12.891802 -15.679933 -5.403355 -13.042769 -15.326709 -5.294207 -13.027249 -15.406012 -5.403467 -13.164727 -15.057298 -5.294361 -13.222989 -15.163433 -5.403606 -13.340971 -14.834471 -5.294538 -13.470464 -14.962798 -5.403766 -13.563799 -14.667966 -5.294733 -13.758860 -14.812877 -5.403940 -13.823472 -14.565060 -5.294932 -14.075572 -14.720219 -5.404120 -14.108640 -14.530251 -5.295132 -14.406759 -14.688877 -5.404300 -14.406842 -14.565058 -5.295319 -14.737946 -14.720218 -5.404469 -14.705044 -14.426984 -5.116282 -14.767165 -14.539010 -5.116466 -15.111951 
						-14.720276 -5.116623 -15.425911 -14.962854 -5.116744 -15.695322 -15.256147 -5.116825 -15.908410 -15.587332 -5.116863 -16.055866 -15.941939 -5.116854 -16.131239 -16.304466 -5.116798 -16.131239 -16.659075 -5.116703 -16.055866 -16.990259 -5.116567 -15.908411 -17.283550 -5.116399 -15.695322 -17.526131 -5.116206 -15.425911 -17.707396 -5.115995 -15.111951 -17.819424 -5.115777 -14.767166 -17.857319 -5.115560 -14.406623 -17.819424 -5.115355 -14.046080 -17.707394 -5.115171 -13.701294 -17.526131 -5.115014 -13.387335 -17.283552 -5.114894 -13.117923 -16.990259 -5.114812 -12.904833 -16.659075 -5.114776 -12.757380 -16.304468 -5.114785 -12.682006 -15.941940 -5.114838 -12.682006 -15.587333 -5.114935 -12.757380 -15.256147 -5.115070 -12.904833 -14.962856 -5.115238 -13.117923 -14.720277 -5.115432 -13.387335 -14.539013 -5.115642 -13.701294 -14.426985 -5.115860 -14.046079 -14.389092 -5.116077 -14.406622 -14.426984 -5.116282 -14.767165 -14.307496 -4.923062 -14.792424 -14.427416 -4.923260 -15.161506 -14.621456 -4.923427 -15.497588 -14.881128 -4.923558 -15.785984 -15.195086 -4.923644 -16.014088 -15.549610 -4.923683 -16.171932 -15.929204 -4.923674 -16.252617 -16.317280 -4.923616 -16.252617 -16.696873 -4.923512 -16.171932 -17.051397 -4.923368 -16.014088 -17.365356 -4.923187 -15.785984 -17.625029 -4.922979 -15.497589 -17.819065 -4.922755 -15.161506 -17.938988 -4.922521 -14.792424 -17.979551 -4.922290 -14.406475 -17.938988 -4.922071 -14.020526 -17.819065 -4.921873 -13.651445 -17.625029 -4.921705 -13.315362 -17.365356 -4.921576 -13.026966 -17.051397 -4.921489 -12.798861 -16.696875 -4.921450 -12.641017 -16.317280 -4.921459 -12.560331 -15.929205 -4.921516 -12.560331 -15.549611 -4.921621 -12.641018 -15.195088 -4.921765 -12.798861 -14.881128 -4.921946 -13.026966 -14.621457 -4.922152 -13.315362 -14.427419 -4.922378 -13.651445 -14.307497 -4.922611 -14.020526 -14.266932 -4.922842 -14.406475 -14.307496 -4.923062 -14.792424 -14.207904 -4.769427 -14.813445 -14.334407 -4.769636 -15.202779 -14.539091 -4.769812 -15.557303 -14.813011 -4.769950 -15.861525 
						-15.144198 -4.770041 -16.102146 -15.518175 -4.770082 -16.268650 -15.918598 -4.770073 -16.353764 -16.327967 -4.770011 -16.353764 -16.728390 -4.769902 -16.268650 -17.102367 -4.769750 -16.102146 -17.433554 -4.769559 -15.861525 -17.707474 -4.769341 -15.557303 -17.912159 -4.769103 -15.202779 -18.038660 -4.768857 -14.813446 -18.081451 -4.768613 -14.406319 -18.038660 -4.768381 -13.999192 -17.912161 -4.768173 -13.609859 -17.707474 -4.767996 -13.255334 -17.433554 -4.767859 -12.951115 -17.102367 -4.767768 -12.710494 -16.728392 -4.767726 -12.543988 -16.327967 -4.767736 -12.458874 -15.918599 -4.767797 -12.458874 -15.518176 -4.767906 -12.543987 -15.144199 -4.768059 -12.710494 -14.813013 -4.768249 -12.951115 -14.539092 -4.768467 -13.255335 -14.334408 -4.768704 -13.609858 -14.207905 -4.768951 -13.999192 -14.165114 -4.769196 -14.406319 -14.207904 -4.769427 -14.813445 -14.129299 -4.554326 -14.829999 -14.260995 -4.554544 -15.235318 -14.474085 -4.554728 -15.604400 -14.759254 -4.554870 -15.921112 -15.104038 -4.554965 -16.171616 -15.493371 -4.555008 -16.344955 -15.910236 -4.554997 -16.433563 -16.336414 -4.554935 -16.433563 -16.753279 -4.554821 -16.344955 -17.142612 -4.554662 -16.171616 -17.487396 -4.554463 -15.921112 -17.772566 -4.554237 -15.604400 -17.985655 -4.553990 -15.235318 -18.117350 -4.553733 -14.829999 -18.161898 -4.553479 -14.406155 -18.117352 -4.553238 -13.982311 -17.985655 -4.553020 -13.576991 -17.772566 -4.552836 -13.207910 -17.487396 -4.552694 -12.891198 -17.142612 -4.552599 -12.640696 -16.753279 -4.552556 -12.467354 -16.336414 -4.552566 -12.378747 -15.910237 -4.552629 -12.378747 -15.493372 -4.552743 -12.467354 -15.104040 -4.552902 -12.640696 -14.759255 -4.553100 -12.891198 -14.474086 -4.553327 -13.207910 -14.260998 -4.553575 -13.576991 -14.129301 -4.553831 -13.982311 -14.084755 -4.554085 -14.406155 -14.129299 -4.554326 -14.829999 -14.072543 -4.331766 -14.841902 -14.207992 -4.331990 -15.258768 -14.427151 -4.332179 -15.638363 -14.720441 -4.332325 -15.964096 -15.075048 -4.332423 -16.221731 -15.475471 -4.332468 -16.400013 
						-15.904211 -4.332457 -16.491142 -16.342527 -4.332392 -16.491142 -16.771267 -4.332275 -16.400013 -17.171692 -4.332112 -16.221733 -17.526299 -4.331908 -15.964097 -17.819588 -4.331674 -15.638363 -18.038748 -4.331420 -15.258768 -18.174196 -4.331156 -14.841903 -18.220013 -4.330895 -14.405985 -18.174196 -4.330647 -13.970068 -18.038748 -4.330424 -13.553203 -17.819590 -4.330234 -13.173608 -17.526299 -4.330088 -12.847874 -17.171692 -4.329989 -12.590238 -16.771269 -4.329945 -12.411956 -16.342529 -4.329956 -12.320827 -15.904211 -4.330021 -12.320827 -15.475472 -4.330138 -12.411957 -15.075050 -4.330302 -12.590238 -14.720444 -4.330504 -12.847874 -14.427152 -4.330739 -13.173609 -14.207993 -4.330993 -13.553203 -14.072546 -4.331257 -13.970068 -14.026729 -4.331518 -14.405985 -14.072543 -4.331766 -14.841902 -14.038257 -4.104185 -14.849026 -14.175973 -4.104412 -15.272870 -14.398800 -4.104605 -15.658819 -14.697002 -4.104754 -15.990006 -15.057544 -4.104853 -16.251953 -15.464670 -4.104898 -16.433220 -15.900587 -4.104888 -16.525879 -16.346243 -4.104822 -16.525879 -16.782160 -4.104703 -16.433220 -17.189285 -4.104536 -16.251953 -17.549828 -4.104330 -15.990006 -17.848028 -4.104092 -15.658820 -18.070856 -4.103833 -15.272870 -18.208570 -4.103565 -14.849026 -18.255156 -4.103299 -14.405812 -18.208570 -4.103047 -13.962598 -18.070856 -4.102820 -13.538754 -17.848030 -4.102628 -13.152804 -17.549828 -4.102479 -12.821619 -17.189285 -4.102379 -12.559669 -16.782160 -4.102334 -12.378403 -16.346243 -4.102345 -12.285747 -15.900588 -4.102411 -12.285747 -15.464672 -4.102530 -12.378403 -15.057546 -4.102696 -12.559669 -14.697003 -4.102903 -12.821619 -14.398801 -4.103141 -13.152805 -14.175974 -4.103399 -13.538754 -14.038260 -4.103666 -13.962598 -13.991676 -4.103933 -14.405811 -14.038257 -4.104185 -14.849026 -14.026818 -3.874077 -14.851292 -14.165291 -3.874305 -15.277470 -14.389347 -3.874499 -15.665545 -14.689190 -3.874649 -15.998556 -15.051719 -3.874749 -16.261948 -15.461088 -3.874794 -16.444214 -15.899406 -3.874784 -16.537380 -16.347515 -3.874717 -16.537380 
						-16.785833 -3.874597 -16.444214 -17.195202 -3.874430 -16.261948 -17.557730 -3.874222 -15.998557 -17.857574 -3.873983 -15.665545 -18.081629 -3.873723 -15.277470 -18.220102 -3.873453 -14.851292 -18.266943 -3.873186 -14.405636 -18.220102 -3.872933 -13.959981 -18.081629 -3.872704 -13.533802 -17.857574 -3.872511 -13.145727 -17.557732 -3.872361 -12.812716 -17.195202 -3.872261 -12.549323 -16.785833 -3.872215 -12.367061 -16.347515 -3.872226 -12.273894 -15.899406 -3.872293 -12.273894 -15.461089 -3.872413 -12.367061 -15.051721 -3.872580 -12.549323 -14.689191 -3.872788 -12.812716 -14.389348 -3.873027 -13.145727 -14.165294 -3.873287 -13.533802 -14.026819 -3.873556 -13.959981 -13.979980 -3.873824 -14.405636 -14.026818 -3.874077 -14.851292 -14.038350 -3.638640 -14.848671 -14.176066 -3.638867 -15.272515 -14.398893 -3.639059 -15.658463 -14.697095 -3.639209 -15.989651 -15.057636 -3.639308 -16.251598 -15.464763 -3.639354 -16.432865 -15.900680 -3.639343 -16.525524 -16.346334 -3.639276 -16.525524 -16.782251 -3.639157 -16.432865 -17.189379 -3.638991 -16.251598 -17.549919 -3.638784 -15.989651 -17.848122 -3.638547 -15.658463 -18.070950 -3.638288 -15.272516 -18.208666 -3.638020 -14.848671 -18.255249 -3.637754 -14.405457 -18.208666 -3.637502 -13.962243 -18.070950 -3.637275 -13.538399 -17.848122 -3.637083 -13.152450 -17.549919 -3.636933 -12.821263 -17.189379 -3.636834 -12.559313 -16.782251 -3.636789 -12.378050 -16.346336 -3.636800 -12.285392 -15.900681 -3.636866 -12.285392 -15.464764 -3.636985 -12.378050 -15.057638 -3.637151 -12.559313 -14.697096 -3.637358 -12.821264 -14.398894 -3.637596 -13.152450 -14.176067 -3.637854 -13.538399 -14.038352 -3.638122 -13.962242 -13.991770 -3.638388 -14.405457 -14.038350 -3.638640 -14.848671 -14.072733 -3.381006 -14.841177 -14.208180 -3.381229 -15.258043 -14.427339 -3.381418 -15.637638 -14.720631 -3.381565 -15.963372 -15.075237 -3.381662 -16.221008 -15.475660 -3.381707 -16.399286 -15.904400 -3.381697 -16.490419 -16.342716 -3.381632 -16.490419 -16.771458 -3.381514 -16.399286 -17.171881 -3.381351 -16.221008 
						-17.526485 -3.381147 -15.963372 -17.819778 -3.380913 -15.637638 -18.038937 -3.380659 -15.258043 -18.174383 -3.380396 -14.841178 -18.220200 -3.380134 -14.405261 -18.174383 -3.379886 -13.969344 -18.038937 -3.379662 -13.552478 -17.819778 -3.379474 -13.172884 -17.526485 -3.379327 -12.847150 -17.171881 -3.379229 -12.589512 -16.771458 -3.379184 -12.411232 -16.342718 -3.379195 -12.320101 -15.904401 -3.379260 -12.320101 -15.475661 -3.379377 -12.411233 -15.075239 -3.379541 -12.589512 -14.720632 -3.379744 -12.847150 -14.427340 -3.379978 -13.172884 -14.208181 -3.380233 -13.552478 -14.072734 -3.380496 -13.969343 -14.026917 -3.380758 -14.405260 -14.072733 -3.381006 -14.841177 -14.129588 -3.102229 -14.828892 -14.261285 -3.102447 -15.234211 -14.474373 -3.102630 -15.603293 -14.759542 -3.102772 -15.920005 -15.104328 -3.102868 -16.170506 -15.493660 -3.102911 -16.343847 -15.910525 -3.102901 -16.432457 -16.336702 -3.102838 -16.432457 -16.753569 -3.102724 -16.343847 -17.142900 -3.102564 -16.170506 -17.487684 -3.102367 -15.920005 -17.772856 -3.102139 -15.603294 -17.985943 -3.101892 -15.234211 -18.117640 -3.101636 -14.828892 -18.162188 -3.101382 -14.405048 -18.117640 -3.101141 -13.981204 -17.985943 -3.100923 -13.575885 -17.772856 -3.100739 -13.206804 -17.487684 -3.100596 -12.890091 -17.142900 -3.100502 -12.639589 -16.753569 -3.100459 -12.466247 -16.336702 -3.100469 -12.377640 -15.910526 -3.100532 -12.377640 -15.493661 -3.100646 -12.466247 -15.104328 -3.100805 -12.639590 -14.759543 -3.101002 -12.890091 -14.474374 -3.101230 -13.206804 -14.261286 -3.101478 -13.575885 -14.129591 -3.101734 -13.981204 -14.085043 -3.101988 -14.405048 -14.129588 -3.102229 -14.828892 -14.208294 -2.807558 -14.811950 -14.334796 -2.807766 -15.201283 -14.539480 -2.807943 -15.555808 -14.813401 -2.808080 -15.860028 -15.144588 -2.808172 -16.100649 -15.518565 -2.808214 -16.267155 -15.918988 -2.808203 -16.352268 -16.328358 -2.808142 -16.352268 -16.728781 -2.808033 -16.267155 -17.102757 -2.807880 -16.100649 -17.433943 -2.807691 -15.860029 -17.707865 -2.807472 -15.555808 
						-17.912548 -2.807234 -15.201284 -18.039051 -2.806989 -14.811950 -18.081842 -2.806744 -14.404823 -18.039051 -2.806512 -13.997697 -17.912548 -2.806304 -13.608363 -17.707865 -2.806127 -13.253839 -17.433945 -2.805991 -12.949619 -17.102757 -2.805899 -12.708997 -16.728781 -2.805857 -12.542492 -16.328358 -2.805867 -12.457380 -15.918989 -2.805928 -12.457380 -15.518566 -2.806037 -12.542492 -15.144589 -2.806190 -12.708998 -14.813404 -2.806380 -12.949619 -14.539483 -2.806599 -13.253839 -14.334798 -2.806836 -13.608363 -14.208296 -2.807082 -13.997697 -14.165505 -2.807327 -14.404823 -14.208294 -2.807558 -14.811950 -14.307987 -2.504853 -14.790541 -14.427909 -2.505052 -15.159623 -14.621946 -2.505219 -15.495706 -14.881618 -2.505348 -15.784102 -15.195577 -2.505436 -16.012207 -15.550101 -2.505475 -16.170052 -15.929695 -2.505465 -16.250736 -16.317770 -2.505408 -16.250736 -16.697365 -2.505305 -16.170052 -17.051888 -2.505159 -16.012207 -17.365847 -2.504979 -15.784102 -17.625519 -2.504772 -15.495706 -17.819555 -2.504547 -15.159623 -17.939478 -2.504313 -14.790542 -17.980043 -2.504082 -14.404593 -17.939478 -2.503862 -14.018643 -17.819555 -2.503664 -13.649563 -17.625519 -2.503497 -13.313479 -17.365847 -2.503366 -13.025084 -17.051889 -2.503280 -12.796979 -16.697365 -2.503241 -12.639132 -16.317772 -2.503250 -12.558449 -15.929696 -2.503308 -12.558449 -15.550102 -2.503411 -12.639134 -15.195579 -2.503556 -12.796979 -14.881620 -2.503737 -13.025084 -14.621947 -2.503944 -13.313480 -14.427910 -2.504169 -13.649563 -14.307988 -2.504403 -14.018643 -14.267424 -2.504634 -14.404593 -14.307987 -2.504853 -14.790541 -14.427573 -2.204248 -14.764906 -14.539601 -2.204432 -15.109692 -14.720865 -2.204589 -15.423652 -14.963444 -2.204710 -15.693063 -15.256735 -2.204791 -15.906152 -15.587922 -2.204828 -16.053608 -15.942528 -2.204818 -16.128983 -16.305058 -2.204765 -16.128983 -16.659662 -2.204669 -16.053608 -16.990849 -2.204532 -15.906152 -17.284142 -2.204365 -15.693063 -17.526720 -2.204171 -15.423652 -17.707985 -2.203961 -15.109692 -17.820011 -2.203743 -14.764907 
						-17.857906 -2.203526 -14.404364 -17.820011 -2.203322 -14.043821 -17.707985 -2.203137 -13.699035 -17.526720 -2.202980 -13.385076 -17.284142 -2.202860 -13.115664 -16.990850 -2.202778 -12.902574 -16.659662 -2.202741 -12.755121 -16.305058 -2.202749 -12.679747 -15.942529 -2.202804 -12.679747 -15.587923 -2.202901 -12.755121 -15.256737 -2.203037 -12.902574 -14.963445 -2.203204 -13.115664 -14.720866 -2.203397 -13.385076 -14.539602 -2.203608 -13.699035 -14.427574 -2.203826 -14.043821 -14.389681 -2.204043 -14.404363 -14.427573 -2.204248 -14.764906 -14.604835 -1.917414 -14.727006 -14.705158 -1.917584 -15.035772 -14.867486 -1.917727 -15.316932 -15.084723 -1.917838 -15.558199 -15.347374 -1.917915 -15.749026 -15.643961 -1.917950 -15.881075 -15.961522 -1.917945 -15.948575 -16.286177 -1.917898 -15.948575 -16.603739 -1.917813 -15.881075 -16.900326 -1.917693 -15.749026 -17.162975 -1.917542 -15.558199 -17.380213 -1.917369 -15.316932 -17.542540 -1.917178 -15.035772 -17.642862 -1.916983 -14.727007 -17.676800 -1.916785 -14.404130 -17.642862 -1.916600 -14.081253 -17.542540 -1.916430 -13.772487 -17.380213 -1.916287 -13.491328 -17.162975 -1.916174 -13.250062 -16.900326 -1.916099 -13.059234 -16.603739 -1.916063 -12.927184 -16.286177 -1.916069 -12.859686 -15.961522 -1.916114 -12.859684 -15.643962 -1.916201 -12.927184 -15.347375 -1.916321 -13.059234 -15.084723 -1.916471 -13.250062 -14.867487 -1.916645 -13.491328 -14.705161 -1.916834 -13.772487 -14.604836 -1.917031 -14.081253 -14.570901 -1.917229 -14.404130 -14.604835 -1.917414 -14.727006 -14.756170 -1.656619 -14.694657 -14.846502 -1.656773 -14.972671 -14.992663 -1.656902 -15.225828 -15.188263 -1.657001 -15.443066 -15.424756 -1.657070 -15.614887 -15.691804 -1.657102 -15.733785 -15.977737 -1.657099 -15.794563 -16.270058 -1.657057 -15.794563 -16.555990 -1.656981 -15.733785 -16.823038 -1.656872 -15.614888 -17.059530 -1.656735 -15.443066 -17.255131 -1.656580 -15.225829 -17.401293 -1.656409 -14.972671 -17.491623 -1.656230 -14.694657 -17.522179 -1.656053 -14.403938 -17.491625 -1.655888 -14.113218 
						-17.401293 -1.655734 -13.835204 -17.255133 -1.655605 -13.582047 -17.059530 -1.655506 -13.364810 -16.823038 -1.655438 -13.192988 -16.555990 -1.655405 -13.074090 -16.270058 -1.655408 -13.013313 -15.977737 -1.655450 -13.013313 -15.691805 -1.655526 -13.074090 -15.424757 -1.655635 -13.192988 -15.188265 -1.655772 -13.364810 -14.992664 -1.655927 -13.582047 -14.846504 -1.656099 -13.835204 -14.756172 -1.656274 -14.113218 -14.725616 -1.656454 -14.403938 -14.756170 -1.656619 -14.694657 -14.922484 -1.433398 -14.659150 -15.001834 -1.433531 -14.903367 -15.130227 -1.433648 -15.125748 -15.302049 -1.433736 -15.316576 -15.509791 -1.433796 -15.467510 -15.744374 -1.433824 -15.571953 -15.995546 -1.433821 -15.625340 -16.252331 -1.433781 -15.625340 -16.503502 -1.433716 -15.571953 -16.738087 -1.433619 -15.467510 -16.945827 -1.433500 -15.316576 -17.117649 -1.433362 -15.125749 -17.246042 -1.433213 -14.903367 -17.325394 -1.433057 -14.659151 -17.352234 -1.432904 -14.403773 -17.325394 -1.432754 -14.148396 -17.246042 -1.432623 -13.904180 -17.117649 -1.432507 -13.681799 -16.945827 -1.432419 -13.490971 -16.738087 -1.432359 -13.340037 -16.503504 -1.432331 -13.235594 -16.252331 -1.432334 -13.182206 -15.995547 -1.432370 -13.182206 -15.744375 -1.432439 -13.235594 -15.509792 -1.432536 -13.340037 -15.302049 -1.432655 -13.490971 -15.130228 -1.432792 -13.681799 -15.001836 -1.432941 -13.904180 -14.922485 -1.433097 -14.148396 -14.895644 -1.433251 -14.403773 -14.922484 -1.433398 -14.659150 -15.101954 -1.253971 -14.620878 -15.169453 -1.254085 -14.828621 -15.278670 -1.254183 -15.017790 -15.424830 -1.254255 -15.180117 -15.601546 -1.254306 -15.308509 -15.801095 -1.254332 -15.397354 -16.014755 -1.254327 -15.442769 -16.233189 -1.254298 -15.442769 -16.446848 -1.254240 -15.397355 -16.646397 -1.254159 -15.308509 -16.823112 -1.254058 -15.180117 -16.969273 -1.253940 -15.017790 -17.078489 -1.253813 -14.828621 -17.145988 -1.253678 -14.620878 -17.168821 -1.253550 -14.403641 -17.145988 -1.253424 -14.186405 -17.078489 -1.253310 -13.978662 -16.969273 -1.253212 -13.789493 
						-16.823112 -1.253137 -13.627165 -16.646397 -1.253085 -13.498773 -16.446848 -1.253063 -13.409928 -16.233189 -1.253069 -13.364514 -16.014755 -1.253098 -13.364514 -15.801095 -1.253156 -13.409928 -15.601547 -1.253236 -13.498774 -15.424831 -1.253337 -13.627165 -15.278671 -1.253456 -13.789493 -15.169454 -1.253583 -13.978662 -15.101954 -1.253713 -14.186404 -15.079122 -1.253845 -14.403641 -15.101954 -1.253971 -14.620878 -15.250828 -1.053522 -14.589032 -15.308460 -1.053619 -14.766403 -15.401710 -1.053702 -14.927917 -15.526501 -1.053768 -15.066513 -15.677383 -1.053809 -15.176135 -15.847758 -1.053831 -15.251991 -16.030182 -1.053829 -15.290766 -16.216681 -1.053803 -15.290766 -16.399105 -1.053752 -15.251991 -16.569481 -1.053684 -15.176135 -16.720362 -1.053598 -15.066513 -16.845154 -1.053499 -14.927917 -16.938402 -1.053387 -14.766403 -16.996035 -1.053276 -14.589032 -17.015530 -1.053162 -14.403554 -16.996035 -1.053057 -14.218077 -16.938402 -1.052959 -14.040705 -16.845154 -1.052877 -13.879192 -16.720362 -1.052810 -13.740596 -16.569481 -1.052767 -13.630975 -16.399105 -1.052748 -13.555118 -16.216681 -1.052750 -13.516342 -16.030182 -1.052776 -13.516343 -15.847758 -1.052827 -13.555118 -15.677383 -1.052895 -13.630975 -15.526502 -1.052981 -13.740596 -15.401710 -1.053080 -13.879192 -15.308461 -1.053192 -14.040705 -15.250830 -1.053302 -14.218077 -15.231335 -1.053417 -14.403554 -15.250828 -1.053522 -14.589032 -14.812875 -5.404621 -14.990213 -15.204523 -5.458125 -14.815537 -15.139540 -5.457982 -14.615515 -14.720218 -5.404469 -14.705044 -15.204523 -5.458125 -14.815537 -15.257639 -5.458000 -14.791913 -15.196425 -5.457866 -14.603454 -15.139540 -5.457982 -14.615515 -15.257639 -5.458000 -14.791913 -15.368144 -5.458069 -14.742682 -15.314772 -5.457955 -14.578280 -15.196425 -5.457866 -14.603454 -14.962797 -5.404751 -15.249886 -15.309680 -5.458257 -14.997677 -15.204523 -5.458125 -14.815537 -14.812875 -5.404621 -14.990213 -15.309680 -5.458257 -14.997677 -15.356716 -5.458125 -14.963527 -15.257639 -5.458000 -14.791913 -15.204523 -5.458125 -14.815537 
						-15.356716 -5.458125 -14.963527 -15.454584 -5.458179 -14.892399 -15.368144 -5.458069 -14.742682 -15.257639 -5.458000 -14.791913 -15.163432 -5.404851 -15.472714 -15.450408 -5.458370 -15.153973 -15.309680 -5.458257 -14.997677 -14.962797 -5.404751 -15.249886 -15.450408 -5.458370 -15.153973 -15.489315 -5.458232 -15.110791 -15.356716 -5.458125 -14.963527 -15.309680 -5.458257 -14.997677 -15.489315 -5.458232 -15.110791 -15.570261 -5.458272 -15.020866 -15.454584 -5.458179 -14.892399 -15.356716 -5.458125 -14.963527 -15.406011 -5.404918 -15.648958 -15.620559 -5.458459 -15.277594 -15.450408 -5.458370 -15.153973 -15.163432 -5.404851 -15.472714 -15.620559 -5.458459 -15.277594 -15.649630 -5.458316 -15.227271 -15.489315 -5.458232 -15.110791 -15.450408 -5.458370 -15.153973 -15.649630 -5.458316 -15.227271 -15.710115 -5.458345 -15.122477 -15.570261 -5.458272 -15.020866 -15.489315 -5.458232 -15.110791 -15.679932 -5.404949 -15.770916 -15.812690 -5.458521 -15.363139 -15.620559 -5.458459 -15.277594 -15.406011 -5.404918 -15.648958 -15.812690 -5.458521 -15.363139 -15.830657 -5.458375 -15.307871 -15.649630 -5.458316 -15.227271 -15.620559 -5.458459 -15.277594 -15.830657 -5.458375 -15.307871 -15.868041 -5.458398 -15.192788 -15.710115 -5.458345 -15.122477 -15.649630 -5.458316 -15.227271 -15.973224 -5.404941 -15.833257 -16.018410 -5.458552 -15.406862 -15.812690 -5.458521 -15.363139 -15.679932 -5.404949 -15.770916 -16.018410 -5.458552 -15.406862 -16.024488 -5.458404 -15.349068 -15.830657 -5.458375 -15.307871 -15.812690 -5.458521 -15.363139 -16.024488 -5.458404 -15.349068 -16.037134 -5.458422 -15.228718 -15.868041 -5.458398 -15.192788 -15.830657 -5.458375 -15.307871 -16.273067 -5.404896 -15.833257 -16.228725 -5.458551 -15.406862 -16.018410 -5.458552 -15.406862 -15.973224 -5.404941 -15.833257 -16.228725 -5.458551 -15.406862 -16.222649 -5.458402 -15.349068 -16.024488 -5.458404 -15.349068 -16.018410 -5.458552 -15.406862 -16.222649 -5.458402 -15.349068 -16.210003 -5.458419 -15.228724 -16.037134 -5.458422 -15.228718 -16.024488 -5.458404 -15.349068 
						-16.566360 -5.404817 -15.770916 -16.434446 -5.458519 -15.363135 -16.228725 -5.458551 -15.406862 -16.273067 -5.404896 -15.833257 -16.434446 -5.458519 -15.363135 -16.416477 -5.458372 -15.307863 -16.222649 -5.458402 -15.349068 -16.228725 -5.458551 -15.406862 -16.416477 -5.458372 -15.307863 -16.379093 -5.458393 -15.192780 -16.210003 -5.458419 -15.228724 -16.222649 -5.458402 -15.349068 -16.840281 -5.404704 -15.648958 -16.626577 -5.458458 -15.277592 -16.434446 -5.458519 -15.363135 -16.566360 -5.404817 -15.770916 -16.626577 -5.458458 -15.277592 -16.597504 -5.458314 -15.227267 -16.416477 -5.458372 -15.307863 -16.434446 -5.458519 -15.363135 -16.597504 -5.458314 -15.227267 -16.537018 -5.458343 -15.122468 -16.379093 -5.458393 -15.192780 -16.416477 -5.458372 -15.307863 -17.082861 -5.404565 -15.472714 -16.796728 -5.458369 -15.153972 -16.626577 -5.458458 -15.277592 -16.840281 -5.404704 -15.648958 -16.796728 -5.458369 -15.153972 -16.757820 -5.458231 -15.110790 -16.597504 -5.458314 -15.227267 -16.626577 -5.458458 -15.277592 -16.757820 -5.458231 -15.110790 -16.676876 -5.458272 -15.020866 -16.537018 -5.458343 -15.122468 -16.597504 -5.458314 -15.227267 -17.283493 -5.404406 -15.249886 -16.937456 -5.458257 -14.997677 -16.796728 -5.458369 -15.153972 -17.082861 -5.404565 -15.472714 -16.937456 -5.458257 -14.997677 -16.890415 -5.458125 -14.963528 -16.757820 -5.458231 -15.110790 -16.796728 -5.458369 -15.153972 -16.890415 -5.458125 -14.963528 -16.792549 -5.458179 -14.892396 -16.676876 -5.458272 -15.020866 -16.757820 -5.458231 -15.110790 -17.433416 -5.404231 -14.990213 -17.042614 -5.458125 -14.815537 -16.937456 -5.458257 -14.997677 -17.283493 -5.404406 -15.249886 -17.042614 -5.458125 -14.815537 -16.989498 -5.458001 -14.791914 -16.890415 -5.458125 -14.963528 -16.937456 -5.458257 -14.997677 -16.989498 -5.458001 -14.791914 -16.878992 -5.458071 -14.742687 -16.792549 -5.458179 -14.892396 -16.890415 -5.458125 -14.963528 -17.526073 -5.404051 -14.705044 -17.107603 -5.457981 -14.615515 -17.042614 -5.458125 -14.815537 -17.433416 -5.404231 -14.990213 
						-17.107603 -5.457981 -14.615515 -17.050732 -5.457865 -14.603453 -16.989498 -5.458001 -14.791914 -17.042614 -5.458125 -14.815537 -17.050732 -5.457865 -14.603453 -16.932402 -5.457953 -14.578276 -16.878992 -5.458071 -14.742687 -16.989498 -5.458001 -14.791914 -17.557415 -5.403873 -14.406842 -17.129587 -5.457830 -14.406351 -17.107603 -5.457981 -14.615515 -17.526073 -5.404051 -14.705044 -17.129587 -5.457830 -14.406351 -17.071445 -5.457723 -14.406378 -17.050732 -5.457865 -14.603453 -17.107603 -5.457981 -14.615515 -17.071445 -5.457723 -14.406378 -16.950483 -5.457829 -14.406351 -16.932402 -5.457953 -14.578276 -17.050732 -5.457865 -14.603453 -17.526073 -5.403703 -14.108640 -17.107603 -5.457680 -14.197186 -17.129587 -5.457830 -14.406351 -17.557415 -5.403873 -14.406842 -17.107603 -5.457680 -14.197186 -17.050732 -5.457582 -14.209302 -17.071445 -5.457723 -14.406378 -17.129587 -5.457830 -14.406351 -17.050732 -5.457582 -14.209302 -16.932411 -5.457707 -14.234426 -16.950483 -5.457829 -14.406351 -17.071445 -5.457723 -14.406378 -17.433416 -5.403549 -13.823472 -17.042614 -5.457536 -13.997164 -17.107603 -5.457680 -14.197186 -17.526073 -5.403703 -14.108640 -17.042614 -5.457536 -13.997164 -16.989498 -5.457446 -14.020838 -17.050732 -5.457582 -14.209302 -17.107603 -5.457680 -14.197186 -16.989498 -5.457446 -14.020838 -16.878984 -5.457588 -14.070012 -16.932411 -5.457707 -14.234426 -17.050732 -5.457582 -14.209302 -17.283493 -5.403419 -13.563799 -16.937456 -5.457405 -13.815024 -17.042614 -5.457536 -13.997164 -17.433416 -5.403549 -13.823472 -16.937456 -5.457405 -13.815024 -16.890423 -5.457324 -13.849223 -16.989498 -5.457446 -14.020838 -17.042614 -5.457536 -13.997164 -16.890423 -5.457324 -13.849223 -16.792547 -5.457480 -13.920300 -16.878984 -5.457588 -14.070012 -16.989498 -5.457446 -14.020838 -17.082861 -5.403321 -13.340971 -16.796724 -5.457292 -13.658730 -16.937456 -5.457405 -13.815024 -17.283493 -5.403419 -13.563799 -16.796724 -5.457292 -13.658730 -16.757816 -5.457216 -13.701964 -16.890423 -5.457324 -13.849223 -16.937456 -5.457405 -13.815024 
						-16.757816 -5.457216 -13.701964 -16.676870 -5.457386 -13.791839 -16.792547 -5.457480 -13.920300 -16.890423 -5.457324 -13.849223 -16.840281 -5.403254 -13.164727 -16.626577 -5.457202 -13.535109 -16.796724 -5.457292 -13.658730 -17.082861 -5.403321 -13.340971 -16.626577 -5.457202 -13.535109 -16.597507 -5.457130 -13.585485 -16.757816 -5.457216 -13.701964 -16.796724 -5.457292 -13.658730 -16.597507 -5.457130 -13.585485 -16.537025 -5.457310 -13.690226 -16.676870 -5.457386 -13.791839 -16.757816 -5.457216 -13.701964 -16.566360 -5.403223 -13.042769 -16.434446 -5.457141 -13.449567 -16.626577 -5.457202 -13.535109 -16.840281 -5.403254 -13.164727 -16.434446 -5.457141 -13.449567 -16.416483 -5.457073 -13.504889 -16.597507 -5.457130 -13.585485 -16.626577 -5.457202 -13.535109 -16.416483 -5.457073 -13.504889 -16.379101 -5.457262 -13.619915 -16.537025 -5.457310 -13.690226 -16.597507 -5.457130 -13.585485 -16.273067 -5.403230 -12.980427 -16.228725 -5.457110 -13.405841 -16.434446 -5.457141 -13.449567 -16.566360 -5.403223 -13.042769 -16.228725 -5.457110 -13.405841 -16.222649 -5.457046 -13.463688 -16.416483 -5.457073 -13.504889 -16.434446 -5.457141 -13.449567 -16.222649 -5.457046 -13.463688 -16.210003 -5.457238 -13.583985 -16.379101 -5.457262 -13.619915 -16.416483 -5.457073 -13.504889 -15.973224 -5.403274 -12.980427 -16.018410 -5.457110 -13.405842 -16.228725 -5.457110 -13.405841 -16.273067 -5.403230 -12.980427 -16.018410 -5.457110 -13.405842 -16.024487 -5.457046 -13.463691 -16.222649 -5.457046 -13.463688 -16.228725 -5.457110 -13.405841 -16.024487 -5.457046 -13.463691 -16.037134 -5.457236 -13.583985 -16.210003 -5.457238 -13.583985 -16.222649 -5.457046 -13.463688 -15.679933 -5.403355 -13.042769 -15.812691 -5.457142 -13.449567 -16.018410 -5.457110 -13.405842 -15.973224 -5.403274 -12.980427 -15.812691 -5.457142 -13.449567 -15.830657 -5.457075 -13.504889 -16.024487 -5.457046 -13.463691 -16.018410 -5.457110 -13.405842 -15.830657 -5.457075 -13.504889 -15.868040 -5.457264 -13.619915 -16.037134 -5.457236 -13.583985 -16.024487 -5.457046 -13.463691 
						-15.406012 -5.403467 -13.164727 -15.620559 -5.457203 -13.535111 -15.812691 -5.457142 -13.449567 -15.679933 -5.403355 -13.042769 -15.620559 -5.457203 -13.535111 -15.649628 -5.457133 -13.585493 -15.830657 -5.457075 -13.504889 -15.812691 -5.457142 -13.449567 -15.649628 -5.457133 -13.585493 -15.710112 -5.457315 -13.690236 -15.868040 -5.457264 -13.619915 -15.830657 -5.457075 -13.504889 -15.163433 -5.403606 -13.340971 -15.450408 -5.457292 -13.658730 -15.620559 -5.457203 -13.535111 -15.406012 -5.403467 -13.164727 -15.450408 -5.457292 -13.658730 -15.489316 -5.457216 -13.701964 -15.649628 -5.457133 -13.585493 -15.620559 -5.457203 -13.535111 -15.489316 -5.457216 -13.701964 -15.570258 -5.457388 -13.791833 -15.710112 -5.457315 -13.690236 -15.649628 -5.457133 -13.585493 -14.962798 -5.403766 -13.563799 -15.309682 -5.457405 -13.815026 -15.450408 -5.457292 -13.658730 -15.163433 -5.403606 -13.340971 -15.309682 -5.457405 -13.815026 -15.356722 -5.457324 -13.849229 -15.489316 -5.457216 -13.701964 -15.450408 -5.457292 -13.658730 -15.356722 -5.457324 -13.849229 -15.454594 -5.457484 -13.920307 -15.570258 -5.457388 -13.791833 -15.489316 -5.457216 -13.701964 -14.812877 -5.403940 -13.823472 -15.204524 -5.457535 -13.997165 -15.309682 -5.457405 -13.815026 -14.962798 -5.403766 -13.563799 -15.204524 -5.457535 -13.997165 -15.257640 -5.457445 -14.020841 -15.356722 -5.457324 -13.849229 -15.309682 -5.457405 -13.815026 -15.257640 -5.457445 -14.020841 -15.368153 -5.457586 -14.070019 -15.454594 -5.457484 -13.920307 -15.356722 -5.457324 -13.849229 -14.720219 -5.404120 -14.108640 -15.139534 -5.457679 -14.197188 -15.204524 -5.457535 -13.997165 -14.812877 -5.403940 -13.823472 -15.139534 -5.457679 -14.197188 -15.196407 -5.457580 -14.209303 -15.257640 -5.457445 -14.020841 -15.204524 -5.457535 -13.997165 -15.196407 -5.457580 -14.209303 -15.314726 -5.457703 -14.234426 -15.368153 -5.457586 -14.070019 -15.257640 -5.457445 -14.020841 -14.688877 -5.404300 -14.406842 -15.117539 -5.457831 -14.406351 -15.139534 -5.457679 -14.197188 -14.720219 -5.404120 -14.108640 
						-15.117539 -5.457831 -14.406351 -15.175669 -5.457724 -14.406378 -15.196407 -5.457580 -14.209303 -15.139534 -5.457679 -14.197188 -15.175669 -5.457724 -14.406378 -15.296615 -5.457831 -14.406353 -15.314726 -5.457703 -14.234426 -15.196407 -5.457580 -14.209303 -14.720218 -5.404469 -14.705044 -15.139540 -5.457982 -14.615515 -15.117539 -5.457831 -14.406351 -14.688877 -5.404300 -14.406842 -15.139540 -5.457982 -14.615515 -15.196425 -5.457866 -14.603454 -15.175669 -5.457724 -14.406378 -15.117539 -5.457831 -14.406351 -15.196425 -5.457866 -14.603454 -15.314772 -5.457955 -14.578280 -15.296615 -5.457831 -14.406353 -15.175669 -5.457724 -14.406378 -15.296615 -5.457831 -14.406353 -15.314772 -5.457955 -14.578280 -15.368144 -5.458069 -14.742682 -15.454584 -5.458179 -14.892399 -15.570261 -5.458272 -15.020866 -15.710115 -5.458345 -15.122477 -15.868041 -5.458398 -15.192788 -16.037134 -5.458422 -15.228718 -16.210003 -5.458419 -15.228724 -16.379093 -5.458393 -15.192780 -16.537018 -5.458343 -15.122468 -16.676876 -5.458272 -15.020866 -16.792549 -5.458179 -14.892396 -16.878992 -5.458071 -14.742687 -16.932402 -5.457953 -14.578276 -16.950483 -5.457829 -14.406351 -16.932411 -5.457707 -14.234426 -16.878984 -5.457588 -14.070012 -16.792547 -5.457480 -13.920300 -16.676870 -5.457386 -13.791839 -16.537025 -5.457310 -13.690226 -16.379101 -5.457262 -13.619915 -16.210003 -5.457238 -13.583985 -16.037134 -5.457236 -13.583985 -15.868040 -5.457264 -13.619915 -15.710112 -5.457315 -13.690236 -15.570258 -5.457388 -13.791833 -15.454594 -5.457484 -13.920307 -15.368153 -5.457586 -14.070019 -15.314726 -5.457703 -14.234426 -15.536617 -0.382014 -14.528505 -15.571794 2.531961 -14.519073 -15.608150 2.531895 -14.630964 -15.575308 -0.382087 -14.647586 -15.666974 2.531834 -14.732852 -15.637912 -0.382152 -14.756020 -15.745697 2.531779 -14.820283 -15.721693 -0.382209 -14.849068 -15.840877 2.531739 -14.889435 -15.822989 -0.382253 -14.922664 -15.948355 2.531714 -14.937287 -15.937373 -0.382284 -14.973591 -16.063433 2.531702 -14.961749 -16.059845 -0.382300 -14.999624 
						-16.181084 2.531702 -14.961749 -16.185055 -0.382300 -14.999624 -16.296162 2.531717 -14.937287 -16.307526 -0.382285 -14.973591 -16.403639 2.531745 -14.889435 -16.421909 -0.382253 -14.922664 -16.498819 2.531788 -14.820283 -16.523207 -0.382210 -14.849068 -16.577541 2.531841 -14.732852 -16.606985 -0.382153 -14.756020 -16.636366 2.531900 -14.630964 -16.669592 -0.382087 -14.647586 -16.672722 2.531970 -14.519073 -16.708282 -0.382016 -14.528505 -16.685020 2.532038 -14.402068 -16.721371 -0.381939 -14.403983 -16.672722 2.532106 -14.285063 -16.708282 -0.381865 -14.279460 -16.636368 2.532173 -14.173172 -16.669592 -0.381792 -14.160379 -16.577541 2.532234 -14.071285 -16.606985 -0.381726 -14.051945 -16.498819 2.532288 -13.983854 -16.523207 -0.381671 -13.958897 -16.403639 2.532329 -13.914701 -16.421909 -0.381626 -13.885301 -16.296162 2.532354 -13.866849 -16.307528 -0.381595 -13.834374 -16.181084 2.532367 -13.842389 -16.185055 -0.381578 -13.808342 -16.063433 2.532367 -13.842389 -16.059845 -0.381579 -13.808342 -15.948355 2.532351 -13.866849 -15.937373 -0.381594 -13.834374 -15.840878 2.532323 -13.914701 -15.822990 -0.381627 -13.885301 -15.745697 2.532280 -13.983854 -15.721694 -0.381670 -13.958897 -15.666974 2.532228 -14.071285 -15.637913 -0.381726 -14.051945 -15.608150 2.532168 -14.173172 -15.575309 -0.381792 -14.160379 -15.571795 2.532099 -14.285063 -15.536617 -0.381863 -14.279460 -15.559497 2.532030 -14.402068 -15.523530 -0.381939 -14.403983 -15.571794 2.531961 -14.519073 -15.536617 -0.382014 -14.528505 -15.387641 -0.807869 -14.559723 -15.436205 -0.807950 -14.709186 -15.514782 -0.808018 -14.845287 -15.619939 -0.808073 -14.962076 -15.747080 -0.808110 -15.054449 -15.890648 -0.808126 -15.118370 -16.044369 -0.808124 -15.151045 -16.201525 -0.808101 -15.151045 -16.355244 -0.808060 -15.118370 -16.498814 -0.808002 -15.054449 -16.625954 -0.807928 -14.962076 -16.731110 -0.807844 -14.845287 -16.809689 -0.807754 -14.709186 -16.858252 -0.807658 -14.559723 -16.874678 -0.807563 -14.403429 -16.858252 -0.807473 -14.247135 
						-16.809689 -0.807391 -14.097671 -16.731110 -0.807323 -13.961571 -16.625954 -0.807269 -13.844782 -16.498814 -0.807232 -13.752409 -16.355246 -0.807212 -13.688488 -16.201525 -0.807217 -13.655814 -16.044369 -0.807240 -13.655814 -15.890649 -0.807281 -13.688488 -15.747081 -0.807340 -13.752409 -15.619940 -0.807410 -13.844782 -15.514783 -0.807497 -13.961571 -15.436205 -0.807588 -14.097671 -15.387642 -0.807683 -14.247135 -15.371215 -0.807779 -14.403429 -15.387641 -0.807869 -14.559723 -14.682715 -5.455736 -14.712175 -14.777877 -5.455736 -15.005052 -14.629027 -5.346545 -15.071325 -14.523339 -5.346545 -14.746051 -14.931852 -5.455736 -15.271745 -14.800033 -5.346545 -15.367517 -15.137910 -5.455736 -15.500596 -15.028884 -5.346545 -15.621682 -15.387047 -5.455736 -15.681604 -15.305578 -5.346545 -15.822712 -15.668373 -5.455736 -15.806859 -15.618023 -5.346545 -15.961821 -15.969593 -5.455736 -15.870885 -15.952562 -5.346545 -16.032928 -16.277542 -5.455736 -15.870885 -16.294575 -5.346545 -16.032928 -16.578762 -5.455736 -15.806859 -16.629114 -5.346545 -15.961821 -16.860088 -5.455736 -15.681604 -16.941559 -5.346545 -15.822712 -17.109226 -5.455736 -15.500596 -17.218252 -5.346545 -15.621682 -17.315285 -5.455736 -15.271745 -17.447104 -5.346545 -15.367517 -17.469259 -5.455736 -15.005053 -17.618109 -5.346545 -15.071325 -17.564421 -5.455736 -14.712175 -17.723797 -5.346545 -14.746051 -17.596609 -5.455736 -14.405912 -17.759546 -5.346545 -14.405912 -17.564421 -5.455736 -14.099650 -17.723797 -5.346545 -14.065773 -17.469259 -5.455736 -13.806772 -17.618109 -5.346545 -13.740500 -17.315285 -5.455736 -13.540080 -17.447104 -5.346545 -13.444308 -17.109226 -5.455736 -13.311229 -17.218252 -5.346545 -13.190143 -16.860088 -5.455736 -13.130221 -16.941559 -5.346545 -12.989113 -16.578762 -5.455736 -13.004966 -16.629114 -5.346545 -12.850004 -16.277542 -5.455736 -12.940940 -16.294575 -5.346545 -12.778896 -15.969594 -5.455736 -12.940940 -15.952562 -5.346545 -12.778896 -15.668374 -5.455736 -13.004967 -15.618023 -5.346545 -12.850004 -15.387048 -5.455736 -13.130221 
						-15.305579 -5.346545 -12.989113 -15.137911 -5.455736 -13.311229 -15.028885 -5.346545 -13.190143 -14.931853 -5.455736 -13.540080 -14.800034 -5.346545 -13.444308 -14.777878 -5.455736 -13.806772 -14.629028 -5.346545 -13.740500 -14.682717 -5.455736 -14.099650 -14.523340 -5.346545 -14.065773 -14.650527 -5.455736 -14.405912 -14.487590 -5.346545 -14.405912 -14.682715 -5.455736 -14.712175 -14.523339 -5.346545 -14.746051 -14.496551 -5.167469 -15.130307 -14.381495 -5.167469 -14.776201 -14.682715 -5.167469 -15.452753 -14.931852 -5.167469 -15.729447 -15.233072 -5.167469 -15.948296 -15.573211 -5.167469 -16.099735 -15.937404 -5.167469 -16.177147 -16.309732 -5.167469 -16.177147 -16.673925 -5.167469 -16.099735 -17.014065 -5.167469 -15.948297 -17.315285 -5.167469 -15.729447 -17.564421 -5.167469 -15.452753 -17.750586 -5.167469 -15.130307 -17.865641 -5.167469 -14.776201 -17.904560 -5.167469 -14.405912 -17.865641 -5.167469 -14.035623 -17.750586 -5.167469 -13.681518 -17.564421 -5.167469 -13.359072 -17.315285 -5.167469 -13.082378 -17.014065 -5.167469 -12.863528 -16.673925 -5.167469 -12.712089 -16.309732 -5.167469 -12.634678 -15.937404 -5.167469 -12.634678 -15.573212 -5.167469 -12.712089 -15.233073 -5.167469 -12.863529 -14.931853 -5.167469 -13.082378 -14.682717 -5.167469 -13.359072 -14.496552 -5.167469 -13.681518 -14.381497 -5.167469 -14.035623 -14.342578 -5.167469 -14.405912 -14.381495 -5.167469 -14.776201 -14.381901 -4.974217 -15.181352 -14.258737 -4.974217 -14.802294 -14.581184 -4.974217 -15.526520 -14.847876 -4.974217 -15.822712 -15.170322 -4.974217 -16.056984 -15.534430 -4.974217 -16.219093 -15.924285 -4.974217 -16.301958 -16.322851 -4.974217 -16.301958 -16.712708 -4.974217 -16.219093 -17.076815 -4.974217 -16.056984 -17.399260 -4.974217 -15.822712 -17.665953 -4.974217 -15.526520 -17.865234 -4.974217 -15.181352 -17.988398 -4.974217 -14.802294 -18.030060 -4.974217 -14.405912 -17.988398 -4.974217 -14.009531 -17.865234 -4.974217 -13.630473 -17.665953 -4.974217 -13.285305 -17.399260 -4.974217 -12.989113 -17.076815 -4.974217 -12.754842 
						-16.712708 -4.974217 -12.592731 -16.322851 -4.974217 -12.509865 -15.924286 -4.974217 -12.509865 -15.534430 -4.974217 -12.592731 -15.170323 -4.974217 -12.754843 -14.847878 -4.974217 -12.989113 -14.581185 -4.974217 -13.285305 -14.381903 -4.974217 -13.630473 -14.258739 -4.974217 -14.009531 -14.217078 -4.974217 -14.405912 -14.258737 -4.974217 -14.802294 -14.286333 -4.768904 -15.223902 -14.156411 -4.768904 -14.824044 -14.496551 -4.768904 -15.588009 -14.777877 -4.768904 -15.900453 -15.118016 -4.768904 -16.147577 -15.502103 -4.768904 -16.318584 -15.913350 -4.768904 -16.405998 -16.333786 -4.768904 -16.405998 -16.745033 -4.768904 -16.318584 -17.129120 -4.768904 -16.147577 -17.469259 -4.768904 -15.900454 -17.750586 -4.768904 -15.588009 -17.960802 -4.768904 -15.223902 -18.090725 -4.768904 -14.824044 -18.134672 -4.768904 -14.405912 -18.090725 -4.768904 -13.987781 -17.960802 -4.768904 -13.587923 -17.750586 -4.768904 -13.223816 -17.469259 -4.768904 -12.911372 -17.129120 -4.768904 -12.664246 -16.745033 -4.768904 -12.493240 -16.333786 -4.768904 -12.405826 -15.913351 -4.768904 -12.405826 -15.502104 -4.768904 -12.493240 -15.118017 -4.768904 -12.664246 -14.777878 -4.768904 -12.911372 -14.496552 -4.768904 -13.223816 -14.286335 -4.768904 -13.587923 -14.156413 -4.768904 -13.987781 -14.112466 -4.768904 -14.405912 -14.156411 -4.768904 -14.824044 -14.210895 -4.553782 -15.257489 -14.075638 -4.553782 -14.841213 -14.429744 -4.553782 -15.636547 -14.722621 -4.553782 -15.961821 -15.076727 -4.553782 -16.219093 -15.476585 -4.553782 -16.397121 -15.904719 -4.553782 -16.488125 -16.342417 -4.553782 -16.488125 -16.770552 -4.553782 -16.397121 -17.170408 -4.553782 -16.219093 -17.524513 -4.553782 -15.961821 -17.817392 -4.553782 -15.636547 -18.036242 -4.553782 -15.257489 -18.171497 -4.553782 -14.841213 -18.217251 -4.553782 -14.405912 -18.171497 -4.553782 -13.970612 -18.036242 -4.553782 -13.554336 -17.817392 -4.553782 -13.175278 -17.524513 -4.553782 -12.850004 -17.170408 -4.553782 -12.592731 -16.770552 -4.553782 -12.414703 -16.342419 -4.553782 -12.323701 
						-15.904719 -4.553782 -12.323701 -15.476586 -4.553782 -12.414704 -15.076728 -4.553782 -12.592732 -14.722623 -4.553782 -12.850004 -14.429745 -4.553782 -13.175278 -14.210896 -4.553782 -13.554336 -14.075640 -4.553782 -13.970612 -14.029888 -4.553782 -14.405912 -14.075638 -4.553782 -14.841213 -14.156411 -4.331206 -15.281747 -14.017302 -4.331206 -14.853613 -14.381495 -4.331206 -15.671602 -14.682715 -4.331206 -16.006142 -15.046908 -4.331206 -16.270742 -15.458155 -4.331206 -16.453842 -15.898485 -4.331206 -16.547436 -16.348652 -4.331206 -16.547436 -16.788980 -4.331206 -16.453842 -17.200228 -4.331206 -16.270742 -17.564421 -4.331206 -16.006142 -17.865641 -4.331206 -15.671602 -18.090725 -4.331206 -15.281747 -18.229834 -4.331206 -14.853613 -18.276890 -4.331206 -14.405912 -18.229834 -4.331206 -13.958212 -18.090725 -4.331206 -13.530078 -17.865641 -4.331206 -13.140223 -17.564421 -4.331206 -12.805684 -17.200228 -4.331206 -12.541083 -16.788980 -4.331206 -12.357983 -16.348652 -4.331206 -12.264389 -15.898485 -4.331206 -12.264389 -15.458156 -4.331206 -12.357984 -15.046909 -4.331206 -12.541083 -14.682716 -4.331206 -12.805684 -14.381496 -4.331206 -13.140223 -14.156413 -4.331206 -13.530078 -14.017304 -4.331206 -13.958212 -13.970249 -4.331206 -14.405912 -14.017302 -4.331206 -14.853613 -14.123481 -4.103615 -15.296408 -13.982043 -4.103615 -14.861107 -14.352332 -4.103615 -15.692790 -14.658595 -4.103615 -16.032928 -15.028884 -4.103615 -16.301958 -15.447016 -4.103615 -16.488125 -15.894717 -4.103615 -16.583284 -16.352419 -4.103615 -16.583284 -16.800119 -4.103615 -16.488125 -17.218252 -4.103615 -16.301958 -17.588541 -4.103615 -16.032928 -17.894804 -4.103615 -15.692790 -18.123655 -4.103615 -15.296408 -18.265093 -4.103615 -14.861107 -18.312935 -4.103615 -14.405912 -18.265093 -4.103615 -13.950717 -18.123655 -4.103615 -13.515417 -17.894802 -4.103615 -13.119035 -17.588541 -4.103615 -12.778896 -17.218252 -4.103615 -12.509865 -16.800119 -4.103615 -12.323701 -16.352421 -4.103615 -12.228539 -15.894717 -4.103615 -12.228539 -15.447017 -4.103615 -12.323701 
						-15.028885 -4.103615 -12.509865 -14.658597 -4.103615 -12.778896 -14.352334 -4.103615 -13.119035 -14.123483 -4.103615 -13.515417 -13.982045 -4.103615 -13.950717 -13.934203 -4.103615 -14.405912 -13.982043 -4.103615 -14.861107 -14.112464 -3.873504 -15.301313 -13.970247 -3.873504 -14.863614 -14.342576 -3.873504 -15.699878 -14.650526 -3.873504 -16.041889 -15.022854 -3.873504 -16.312403 -15.443290 -3.873504 -16.499596 -15.893456 -3.873504 -16.595280 -16.353680 -3.873504 -16.595280 -16.803846 -3.873504 -16.499596 -17.224281 -3.873504 -16.312403 -17.596609 -3.873504 -16.041889 -17.904560 -3.873504 -15.699879 -18.134672 -3.873504 -15.301313 -18.276890 -3.873504 -14.863615 -18.324995 -3.873504 -14.405912 -18.276888 -3.873504 -13.948210 -18.134670 -3.873504 -13.510512 -17.904560 -3.873504 -13.111946 -17.596609 -3.873504 -12.769934 -17.224281 -3.873504 -12.499421 -16.803846 -3.873504 -12.312231 -16.353680 -3.873504 -12.216546 -15.893457 -3.873504 -12.216546 -15.443290 -3.873504 -12.312232 -15.022856 -3.873504 -12.499421 -14.650527 -3.873504 -12.769934 -14.342578 -3.873504 -13.111947 -14.112466 -3.873504 -13.510512 -13.970249 -3.873504 -13.948210 -13.922143 -3.873504 -14.405912 -13.970247 -3.873504 -14.863614 -14.123481 -3.638070 -15.296408 -13.982043 -3.638070 -14.861107 -14.352332 -3.638070 -15.692790 -14.658595 -3.638070 -16.032928 -15.028884 -3.638070 -16.301958 -15.447016 -3.638070 -16.488125 -15.894717 -3.638070 -16.583284 -16.352419 -3.638070 -16.583284 -16.800119 -3.638070 -16.488125 -17.218252 -3.638070 -16.301958 -17.588541 -3.638070 -16.032928 -17.894804 -3.638070 -15.692790 -18.123655 -3.638070 -15.296408 -18.265093 -3.638070 -14.861107 -18.312935 -3.638070 -14.405912 -18.265093 -3.638070 -13.950717 -18.123655 -3.638070 -13.515417 -17.894802 -3.638070 -13.119035 -17.588541 -3.638070 -12.778896 -17.218252 -3.638070 -12.509865 -16.800119 -3.638070 -12.323701 -16.352421 -3.638070 -12.228539 -15.894717 -3.638070 -12.228539 -15.447017 -3.638070 -12.323701 -15.028885 -3.638070 -12.509865 -14.658597 -3.638070 -12.778896 
						-14.352334 -3.638070 -13.119035 -14.123483 -3.638070 -13.515417 -13.982045 -3.638070 -13.950717 -13.934203 -3.638070 -14.405912 -13.982043 -3.638070 -14.861107 -14.156411 -3.380445 -15.281747 -14.017302 -3.380445 -14.853613 -14.381495 -3.380445 -15.671602 -14.682715 -3.380445 -16.006142 -15.046908 -3.380445 -16.270742 -15.458155 -3.380445 -16.453842 -15.898485 -3.380445 -16.547436 -16.348652 -3.380445 -16.547436 -16.788980 -3.380445 -16.453842 -17.200228 -3.380445 -16.270742 -17.564421 -3.380445 -16.006142 -17.865641 -3.380445 -15.671602 -18.090725 -3.380445 -15.281747 -18.229834 -3.380445 -14.853613 -18.276890 -3.380445 -14.405912 -18.229834 -3.380445 -13.958212 -18.090725 -3.380445 -13.530078 -17.865641 -3.380445 -13.140223 -17.564421 -3.380445 -12.805684 -17.200228 -3.380445 -12.541083 -16.788980 -3.380445 -12.357983 -16.348652 -3.380445 -12.264389 -15.898485 -3.380445 -12.264389 -15.458156 -3.380445 -12.357984 -15.046909 -3.380445 -12.541083 -14.682716 -3.380445 -12.805684 -14.381496 -3.380445 -13.140223 -14.156413 -3.380445 -13.530078 -14.017304 -3.380445 -13.958212 -13.970249 -3.380445 -14.405912 -14.017302 -3.380445 -14.853613 -14.210895 -3.101683 -15.257489 -14.075638 -3.101683 -14.841213 -14.429744 -3.101683 -15.636547 -14.722621 -3.101683 -15.961821 -15.076727 -3.101683 -16.219093 -15.476585 -3.101683 -16.397121 -15.904719 -3.101683 -16.488125 -16.342417 -3.101683 -16.488125 -16.770552 -3.101683 -16.397121 -17.170408 -3.101683 -16.219093 -17.524513 -3.101683 -15.961821 -17.817392 -3.101683 -15.636547 -18.036242 -3.101683 -15.257489 -18.171497 -3.101683 -14.841213 -18.217251 -3.101683 -14.405912 -18.171497 -3.101683 -13.970612 -18.036242 -3.101683 -13.554336 -17.817392 -3.101683 -13.175278 -17.524513 -3.101683 -12.850004 -17.170408 -3.101683 -12.592731 -16.770552 -3.101683 -12.414703 -16.342419 -3.101683 -12.323701 -15.904719 -3.101683 -12.323701 -15.476586 -3.101683 -12.414704 -15.076728 -3.101683 -12.592732 -14.722623 -3.101683 -12.850004 -14.429745 -3.101683 -13.175278 -14.210896 -3.101683 -13.554336 
						-14.075640 -3.101683 -13.970612 -14.029888 -3.101683 -14.405912 -14.075638 -3.101683 -14.841213 -14.286333 -2.807034 -15.223902 -14.156411 -2.807034 -14.824044 -14.496551 -2.807034 -15.588009 -14.777877 -2.807034 -15.900453 -15.118016 -2.807034 -16.147577 -15.502103 -2.807034 -16.318584 -15.913350 -2.807034 -16.405998 -16.333786 -2.807034 -16.405998 -16.745033 -2.807034 -16.318584 -17.129120 -2.807034 -16.147577 -17.469259 -2.807034 -15.900454 -17.750586 -2.807034 -15.588009 -17.960802 -2.807034 -15.223902 -18.090725 -2.807034 -14.824044 -18.134672 -2.807034 -14.405912 -18.090725 -2.807034 -13.987781 -17.960802 -2.807034 -13.587923 -17.750586 -2.807034 -13.223816 -17.469259 -2.807034 -12.911372 -17.129120 -2.807034 -12.664246 -16.745033 -2.807034 -12.493240 -16.333786 -2.807034 -12.405826 -15.913351 -2.807034 -12.405826 -15.502104 -2.807034 -12.493240 -15.118017 -2.807034 -12.664246 -14.777878 -2.807034 -12.911372 -14.496552 -2.807034 -13.223816 -14.286335 -2.807034 -13.587923 -14.156413 -2.807034 -13.987781 -14.112466 -2.807034 -14.405912 -14.156411 -2.807034 -14.824044 -14.381901 -2.504356 -15.181352 -14.258737 -2.504356 -14.802294 -14.581184 -2.504356 -15.526520 -14.847876 -2.504356 -15.822712 -15.170322 -2.504356 -16.056984 -15.534430 -2.504356 -16.219093 -15.924285 -2.504356 -16.301958 -16.322851 -2.504356 -16.301958 -16.712708 -2.504356 -16.219093 -17.076815 -2.504356 -16.056984 -17.399260 -2.504356 -15.822712 -17.665953 -2.504356 -15.526520 -17.865234 -2.504356 -15.181352 -17.988398 -2.504356 -14.802294 -18.030060 -2.504356 -14.405912 -17.988398 -2.504356 -14.009531 -17.865234 -2.504356 -13.630473 -17.665953 -2.504356 -13.285305 -17.399260 -2.504356 -12.989113 -17.076815 -2.504356 -12.754842 -16.712708 -2.504356 -12.592731 -16.322851 -2.504356 -12.509865 -15.924286 -2.504356 -12.509865 -15.534430 -2.504356 -12.592731 -15.170323 -2.504356 -12.754843 -14.847878 -2.504356 -12.989113 -14.581185 -2.504356 -13.285305 -14.381903 -2.504356 -13.630473 -14.258739 -2.504356 -14.009531 -14.217078 -2.504356 -14.405912 
						-14.258737 -2.504356 -14.802294 -14.496551 -2.203782 -15.130307 -14.381495 -2.203782 -14.776201 -14.682715 -2.203782 -15.452753 -14.931852 -2.203782 -15.729447 -15.233072 -2.203782 -15.948296 -15.573211 -2.203782 -16.099735 -15.937404 -2.203782 -16.177147 -16.309732 -2.203782 -16.177147 -16.673925 -2.203782 -16.099735 -17.014065 -2.203782 -15.948297 -17.315285 -2.203782 -15.729447 -17.564421 -2.203782 -15.452753 -17.750586 -2.203782 -15.130307 -17.865641 -2.203782 -14.776201 -17.904560 -2.203782 -14.405912 -17.865641 -2.203782 -14.035623 -17.750586 -2.203782 -13.681518 -17.564421 -2.203782 -13.359072 -17.315285 -2.203782 -13.082378 -17.014065 -2.203782 -12.863528 -16.673925 -2.203782 -12.712089 -16.309732 -2.203782 -12.634678 -15.937404 -2.203782 -12.634678 -15.573212 -2.203782 -12.712089 -15.233073 -2.203782 -12.863529 -14.931853 -2.203782 -13.082378 -14.682717 -2.203782 -13.359072 -14.496552 -2.203782 -13.681518 -14.381497 -2.203782 -14.035623 -14.342578 -2.203782 -14.405912 -14.381495 -2.203782 -14.776201 -14.629027 -1.917004 -15.071325 -14.523339 -1.917004 -14.746051 -14.800033 -1.917004 -15.367517 -15.028884 -1.917004 -15.621682 -15.305578 -1.917004 -15.822712 -15.618023 -1.917004 -15.961821 -15.952562 -1.917004 -16.032928 -16.294575 -1.917004 -16.032928 -16.629114 -1.917004 -15.961821 -16.941559 -1.917004 -15.822712 -17.218252 -1.917004 -15.621682 -17.447104 -1.917004 -15.367517 -17.618109 -1.917004 -15.071325 -17.723797 -1.917004 -14.746051 -17.759546 -1.917004 -14.405912 -17.723797 -1.917004 -14.065773 -17.618109 -1.917004 -13.740500 -17.447104 -1.917004 -13.444308 -17.218252 -1.917004 -13.190143 -16.941559 -1.917004 -12.989113 -16.629114 -1.917004 -12.850004 -16.294575 -1.917004 -12.778896 -15.952562 -1.917004 -12.778896 -15.618023 -1.917004 -12.850004 -15.305579 -1.917004 -12.989113 -15.028885 -1.917004 -13.190143 -14.800034 -1.917004 -13.444308 -14.629028 -1.917004 -13.740500 -14.523340 -1.917004 -14.065773 -14.487590 -1.917004 -14.405912 -14.523339 -1.917004 -14.746051 -14.777877 -1.656251 -15.005052 
						-14.682715 -1.656251 -14.712175 -14.931852 -1.656251 -15.271745 -15.137910 -1.656251 -15.500596 -15.387047 -1.656251 -15.681604 -15.668373 -1.656251 -15.806859 -15.969593 -1.656251 -15.870885 -16.277542 -1.656251 -15.870885 -16.578762 -1.656251 -15.806859 -16.860088 -1.656251 -15.681604 -17.109226 -1.656251 -15.500596 -17.315285 -1.656251 -15.271745 -17.469259 -1.656251 -15.005053 -17.564421 -1.656251 -14.712175 -17.596609 -1.656251 -14.405912 -17.564421 -1.656251 -14.099650 -17.469259 -1.656251 -13.806772 -17.315285 -1.656251 -13.540080 -17.109226 -1.656251 -13.311229 -16.860088 -1.656251 -13.130221 -16.578762 -1.656251 -13.004966 -16.277542 -1.656251 -12.940940 -15.969594 -1.656251 -12.940940 -15.668374 -1.656251 -13.004967 -15.387048 -1.656251 -13.130221 -15.137911 -1.656251 -13.311229 -14.931853 -1.656251 -13.540080 -14.777878 -1.656251 -13.806772 -14.682717 -1.656251 -14.099650 -14.650527 -1.656251 -14.405912 -14.682715 -1.656251 -14.712175 -14.941471 -1.433074 -14.932216 -14.857878 -1.433074 -14.674943 -15.076727 -1.433074 -15.166487 -15.257736 -1.433074 -15.367517 -15.476585 -1.433074 -15.526520 -15.723711 -1.433074 -15.636547 -15.988312 -1.433074 -15.692790 -16.258823 -1.433074 -15.692790 -16.523426 -1.433074 -15.636547 -16.770552 -1.433074 -15.526520 -16.989401 -1.433074 -15.367517 -17.170408 -1.433074 -15.166487 -17.305664 -1.433074 -14.932216 -17.389257 -1.433074 -14.674943 -17.417534 -1.433074 -14.405912 -17.389257 -1.433074 -14.136882 -17.305664 -1.433074 -13.879609 -17.170408 -1.433074 -13.645338 -16.989401 -1.433074 -13.444308 -16.770552 -1.433074 -13.285305 -16.523426 -1.433074 -13.175278 -16.258825 -1.433074 -13.119035 -15.988312 -1.433074 -13.119035 -15.723711 -1.433074 -13.175278 -15.476586 -1.433074 -13.285305 -15.257736 -1.433074 -13.444308 -15.076728 -1.433074 -13.645338 -14.941472 -1.433074 -13.879609 -14.857879 -1.433074 -14.136882 -14.829603 -1.433074 -14.405912 -14.857878 -1.433074 -14.674943 -15.118016 -1.253694 -14.853613 -15.046908 -1.253694 -14.634763 -15.233072 -1.253694 -15.052895 
						-15.387047 -1.253694 -15.223902 -15.573211 -1.253694 -15.359158 -15.783429 -1.253694 -15.452753 -16.008512 -1.253694 -15.500596 -16.238625 -1.253694 -15.500596 -16.463707 -1.253694 -15.452753 -16.673925 -1.253694 -15.359158 -16.860088 -1.253694 -15.223902 -17.014065 -1.253694 -15.052895 -17.129120 -1.253694 -14.853613 -17.200228 -1.253694 -14.634764 -17.224281 -1.253694 -14.405912 -17.200228 -1.253694 -14.177061 -17.129120 -1.253694 -13.958212 -17.014065 -1.253694 -13.758929 -16.860088 -1.253694 -13.587923 -16.673925 -1.253694 -13.452667 -16.463707 -1.253694 -13.359072 -16.238625 -1.253694 -13.311229 -16.008512 -1.253694 -13.311229 -15.783429 -1.253694 -13.359072 -15.573212 -1.253694 -13.452667 -15.387048 -1.253694 -13.587923 -15.233073 -1.253694 -13.758929 -15.118017 -1.253694 -13.958212 -15.046909 -1.253694 -14.177061 -15.022856 -1.253694 -14.405912 -15.046908 -1.253694 -14.634763 -15.264416 -1.053286 -14.788225 -15.203703 -1.053286 -14.601370 -15.362651 -1.053286 -14.958373 -15.494116 -1.053286 -15.104379 -15.653064 -1.053286 -15.219861 -15.832548 -1.053286 -15.299773 -16.024725 -1.053286 -15.340622 -16.221195 -1.053286 -15.340622 -16.413372 -1.053286 -15.299773 -16.592857 -1.053286 -15.219861 -16.751804 -1.053286 -15.104379 -16.883268 -1.053286 -14.958373 -16.981504 -1.053286 -14.788225 -17.042217 -1.053286 -14.601370 -17.062754 -1.053286 -14.405976 -17.042217 -1.053286 -14.210582 -16.981504 -1.053286 -14.023728 -16.883268 -1.053286 -13.853579 -16.751804 -1.053286 -13.707573 -16.592857 -1.053286 -13.592091 -16.413372 -1.053286 -13.512180 -16.221195 -1.053286 -13.471331 -16.024725 -1.053286 -13.471331 -15.832548 -1.053286 -13.512180 -15.653064 -1.053286 -13.592091 -15.494116 -1.053286 -13.707574 -15.362652 -1.053286 -13.853580 -15.264417 -1.053286 -14.023728 -15.203704 -1.053286 -14.210582 -15.183168 -1.053286 -14.405976 -15.203703 -1.053286 -14.601370 -14.777877 -5.455736 -15.005052 -14.682715 -5.455736 -14.712175 -14.772199 -5.509482 -14.693158 -14.861440 -5.509481 -14.967847 -14.861440 -5.509481 -14.967847 
						-14.772199 -5.509482 -14.693158 -14.850319 -5.559979 -14.676558 -14.934385 -5.559977 -14.935369 -14.934385 -5.559977 -14.935369 -14.850319 -5.559979 -14.676558 -15.012846 -5.509482 -14.642023 -15.086142 -5.509478 -14.867796 -14.931852 -5.455736 -15.271745 -14.777877 -5.455736 -15.005052 -14.861440 -5.509481 -14.967847 -15.005852 -5.509481 -15.217981 -15.005852 -5.509481 -15.217981 -14.861440 -5.509481 -14.967847 -14.934385 -5.559977 -14.935369 -15.070447 -5.559978 -15.171046 -15.070447 -5.559978 -15.171046 -14.934385 -5.559977 -14.935369 -15.086142 -5.509478 -14.867796 -15.204850 -5.509480 -15.073402 -15.137910 -5.455736 -15.500596 -14.931852 -5.455736 -15.271745 -15.005852 -5.509481 -15.217981 -15.199114 -5.509482 -15.432622 -15.199114 -5.509482 -15.432622 -15.005852 -5.509481 -15.217981 -15.070447 -5.559978 -15.171046 -15.252545 -5.559979 -15.373284 -15.252545 -5.559979 -15.373284 -15.070447 -5.559978 -15.171046 -15.204850 -5.509480 -15.073402 -15.363709 -5.509480 -15.249827 -15.387047 -5.455736 -15.681604 -15.137910 -5.455736 -15.500596 -15.199114 -5.509482 -15.432622 -15.432784 -5.509482 -15.602391 -15.432784 -5.509482 -15.602391 -15.199114 -5.509482 -15.432622 -15.252545 -5.559979 -15.373284 -15.472707 -5.559979 -15.533246 -15.472707 -5.559979 -15.533246 -15.252545 -5.559979 -15.373284 -15.363709 -5.509480 -15.249827 -15.555771 -5.509480 -15.389369 -15.668373 -5.455736 -15.806859 -15.387047 -5.455736 -15.681604 -15.432784 -5.509482 -15.602391 -15.696638 -5.509482 -15.719870 -15.696638 -5.509482 -15.719870 -15.432784 -5.509482 -15.602391 -15.472707 -5.559979 -15.533246 -15.721312 -5.559980 -15.643934 -15.721312 -5.559980 -15.643934 -15.472707 -5.559979 -15.533246 -15.555771 -5.509480 -15.389369 -15.772651 -5.509482 -15.485927 -15.969593 -5.455736 -15.870885 -15.668373 -5.455736 -15.806859 -15.696638 -5.509482 -15.719870 -15.979154 -5.509482 -15.779915 -15.979154 -5.509482 -15.779915 -15.696638 -5.509482 -15.719870 -15.721312 -5.559980 -15.643934 -15.987501 -5.559979 -15.700511 -15.987501 -5.559979 -15.700511 
						-15.721312 -5.559980 -15.643934 -15.772651 -5.509482 -15.485927 -16.004868 -5.509480 -15.535269 -16.277542 -5.455736 -15.870885 -15.969593 -5.455736 -15.870885 -15.979154 -5.509482 -15.779915 -16.267982 -5.509481 -15.779915 -16.267982 -5.509481 -15.779915 -15.979154 -5.509482 -15.779915 -15.987501 -5.559979 -15.700511 -16.259636 -5.559977 -15.700511 -16.259636 -5.559977 -15.700511 -15.987501 -5.559979 -15.700511 -16.004868 -5.509480 -15.535269 -16.242268 -5.509478 -15.535278 -16.578762 -5.455736 -15.806859 -16.277542 -5.455736 -15.870885 -16.267982 -5.509481 -15.779915 -16.550497 -5.509481 -15.719865 -16.550497 -5.509481 -15.719865 -16.267982 -5.509481 -15.779915 -16.259636 -5.559977 -15.700511 -16.525822 -5.559977 -15.643924 -16.525822 -5.559977 -15.643924 -16.259636 -5.559977 -15.700511 -16.242268 -5.509478 -15.535278 -16.474482 -5.509478 -15.485917 -16.860088 -5.455736 -15.681604 -16.578762 -5.455736 -15.806859 -16.550497 -5.509481 -15.719865 -16.814350 -5.509481 -15.602389 -16.814350 -5.509481 -15.602389 -16.550497 -5.509481 -15.719865 -16.525822 -5.559977 -15.643924 -16.774426 -5.559977 -15.533240 -16.774426 -5.559977 -15.533240 -16.525822 -5.559977 -15.643924 -16.474482 -5.509478 -15.485917 -16.691360 -5.509478 -15.389356 -17.109226 -5.455736 -15.500596 -16.860088 -5.455736 -15.681604 -16.814350 -5.509481 -15.602389 -17.048021 -5.509481 -15.432621 -17.048021 -5.509481 -15.432621 -16.814350 -5.509481 -15.602389 -16.774426 -5.559977 -15.533240 -16.994589 -5.559978 -15.373282 -16.994589 -5.559978 -15.373282 -16.774426 -5.559977 -15.533240 -16.691360 -5.509478 -15.389356 -16.883427 -5.509480 -15.249827 -17.315285 -5.455736 -15.271745 -17.109226 -5.455736 -15.500596 -17.048021 -5.509481 -15.432621 -17.241283 -5.509481 -15.217981 -17.241283 -5.509481 -15.217981 -17.048021 -5.509481 -15.432621 -16.994589 -5.559978 -15.373282 -17.176683 -5.559978 -15.171047 -17.176683 -5.559978 -15.171047 -16.994589 -5.559978 -15.373282 -16.883427 -5.509480 -15.249827 -17.042282 -5.509480 -15.073398 -17.469259 -5.455736 -15.005053 
						-17.315285 -5.455736 -15.271745 -17.241283 -5.509481 -15.217981 -17.385696 -5.509481 -14.967848 -17.385696 -5.509481 -14.967848 -17.241283 -5.509481 -15.217981 -17.176683 -5.559978 -15.171047 -17.312754 -5.559978 -14.935370 -17.312754 -5.559978 -14.935370 -17.176683 -5.559978 -15.171047 -17.042282 -5.509480 -15.073398 -17.160994 -5.509480 -14.867803 -17.564421 -5.455736 -14.712175 -17.469259 -5.455736 -15.005053 -17.385696 -5.509481 -14.967848 -17.474945 -5.509481 -14.693157 -17.474945 -5.509481 -14.693157 -17.385696 -5.509481 -14.967848 -17.312754 -5.559978 -14.935370 -17.396843 -5.559978 -14.676556 -17.396843 -5.559978 -14.676556 -17.312754 -5.559978 -14.935370 -17.160994 -5.509480 -14.867803 -17.234343 -5.509480 -14.642017 -17.596609 -5.455736 -14.405912 -17.564421 -5.455736 -14.712175 -17.474945 -5.509481 -14.693157 -17.505136 -5.509481 -14.405912 -17.505136 -5.509481 -14.405912 -17.474945 -5.509481 -14.693157 -17.396843 -5.559978 -14.676556 -17.425291 -5.559978 -14.405913 -17.425291 -5.559978 -14.405913 -17.396843 -5.559978 -14.676556 -17.234343 -5.509480 -14.642017 -17.259174 -5.509480 -14.405912 -17.564421 -5.455736 -14.099650 -17.596609 -5.455736 -14.405912 -17.505136 -5.509481 -14.405912 -17.474945 -5.509482 -14.118667 -17.474945 -5.509482 -14.118667 -17.505136 -5.509481 -14.405912 -17.425291 -5.559978 -14.405913 -17.396843 -5.559979 -14.135267 -17.396843 -5.559979 -14.135267 -17.425291 -5.559978 -14.405913 -17.259174 -5.509480 -14.405912 -17.234356 -5.509482 -14.169806 -17.469259 -5.455736 -13.806772 -17.564421 -5.455736 -14.099650 -17.474945 -5.509482 -14.118667 -17.385696 -5.509482 -13.843975 -17.385696 -5.509482 -13.843975 -17.474945 -5.509482 -14.118667 -17.396843 -5.559979 -14.135267 -17.312754 -5.559979 -13.876450 -17.312754 -5.559979 -13.876450 -17.396843 -5.559979 -14.135267 -17.234356 -5.509482 -14.169806 -17.160984 -5.509482 -13.944016 -17.315285 -5.455736 -13.540080 -17.469259 -5.455736 -13.806772 -17.385696 -5.509482 -13.843975 -17.241285 -5.509482 -13.593842 -17.241285 -5.509482 -13.593842 
						-17.385696 -5.509482 -13.843975 -17.312754 -5.559979 -13.876450 -17.176691 -5.559980 -13.640771 -17.176691 -5.559980 -13.640771 -17.312754 -5.559979 -13.876450 -17.160984 -5.509482 -13.944016 -17.042278 -5.509482 -13.738419 -17.109226 -5.455736 -13.311229 -17.315285 -5.455736 -13.540080 -17.241285 -5.509482 -13.593842 -17.048018 -5.509482 -13.379203 -17.048018 -5.509482 -13.379203 -17.241285 -5.509482 -13.593842 -17.176691 -5.559980 -13.640771 -16.994583 -5.559979 -13.438540 -16.994583 -5.559979 -13.438540 -17.176691 -5.559980 -13.640771 -17.042278 -5.509482 -13.738419 -16.883419 -5.509480 -13.562002 -16.860088 -5.455736 -13.130221 -17.109226 -5.455736 -13.311229 -17.048018 -5.509482 -13.379203 -16.814352 -5.509481 -13.209434 -16.814352 -5.509481 -13.209434 -17.048018 -5.509482 -13.379203 -16.994583 -5.559979 -13.438540 -16.774429 -5.559977 -13.278579 -16.774429 -5.559977 -13.278579 -16.994583 -5.559979 -13.438540 -16.883419 -5.509480 -13.562002 -16.691372 -5.509478 -13.422456 -16.578762 -5.455736 -13.004966 -16.860088 -5.455736 -13.130221 -16.814352 -5.509481 -13.209434 -16.550499 -5.509481 -13.091958 -16.550499 -5.509481 -13.091958 -16.814352 -5.509481 -13.209434 -16.774429 -5.559977 -13.278579 -16.525827 -5.559978 -13.167897 -16.525827 -5.559978 -13.167897 -16.774429 -5.559977 -13.278579 -16.691372 -5.509478 -13.422456 -16.474489 -5.509480 -13.325898 -16.277542 -5.455736 -12.940940 -16.578762 -5.455736 -13.004966 -16.550499 -5.509481 -13.091958 -16.267982 -5.509482 -13.031910 -16.267982 -5.509482 -13.031910 -16.550499 -5.509481 -13.091958 -16.525827 -5.559978 -13.167897 -16.259636 -5.559980 -13.111315 -16.259636 -5.559980 -13.111315 -16.525827 -5.559978 -13.167897 -16.474489 -5.509480 -13.325898 -16.242270 -5.509482 -13.276556 -15.969594 -5.455736 -12.940940 -16.277542 -5.455736 -12.940940 -16.267982 -5.509482 -13.031910 -15.979154 -5.509482 -13.031911 -15.979154 -5.509482 -13.031911 -16.267982 -5.509482 -13.031910 -16.259636 -5.559980 -13.111315 -15.987500 -5.559980 -13.111319 -15.987500 -5.559980 -13.111319 
						-16.259636 -5.559980 -13.111315 -16.242270 -5.509482 -13.276556 -16.004868 -5.509480 -13.276556 -15.668374 -5.455736 -13.004967 -15.969594 -5.455736 -12.940940 -15.979154 -5.509482 -13.031911 -15.696639 -5.509482 -13.091959 -15.696639 -5.509482 -13.091959 -15.979154 -5.509482 -13.031911 -15.987500 -5.559980 -13.111319 -15.721313 -5.559980 -13.167897 -15.721313 -5.559980 -13.167897 -15.987500 -5.559980 -13.111319 -16.004868 -5.509480 -13.276556 -15.772650 -5.509482 -13.325898 -15.387048 -5.455736 -13.130221 -15.668374 -5.455736 -13.004967 -15.696639 -5.509482 -13.091959 -15.432784 -5.509482 -13.209437 -15.432784 -5.509482 -13.209437 -15.696639 -5.509482 -13.091959 -15.721313 -5.559980 -13.167897 -15.472705 -5.559979 -13.278590 -15.472705 -5.559979 -13.278590 -15.721313 -5.559980 -13.167897 -15.772650 -5.509482 -13.325898 -15.555767 -5.509482 -13.422470 -15.137911 -5.455736 -13.311229 -15.387048 -5.455736 -13.130221 -15.432784 -5.509482 -13.209437 -15.199115 -5.509482 -13.379203 -15.199115 -5.509482 -13.379203 -15.432784 -5.509482 -13.209437 -15.472705 -5.559979 -13.278590 -15.252547 -5.559979 -13.438540 -15.252547 -5.559979 -13.438540 -15.472705 -5.559979 -13.278590 -15.555767 -5.509482 -13.422470 -15.363705 -5.509482 -13.561994 -14.931853 -5.455736 -13.540080 -15.137911 -5.455736 -13.311229 -15.199115 -5.509482 -13.379203 -15.005855 -5.509482 -13.593844 -15.005855 -5.509482 -13.593844 -15.199115 -5.509482 -13.379203 -15.252547 -5.559979 -13.438540 -15.070456 -5.559980 -13.640779 -15.070456 -5.559980 -13.640779 -15.252547 -5.559979 -13.438540 -15.363705 -5.509482 -13.561994 -15.204863 -5.509485 -13.738427 -14.777878 -5.455736 -13.806772 -14.931853 -5.455736 -13.540080 -15.005855 -5.509482 -13.593844 -14.861441 -5.509481 -13.843977 -14.861441 -5.509481 -13.843977 -15.005855 -5.509482 -13.593844 -15.070456 -5.559980 -13.640779 -14.934386 -5.559978 -13.876454 -14.934386 -5.559978 -13.876454 -15.070456 -5.559980 -13.640779 -15.204863 -5.509485 -13.738427 -15.086154 -5.509480 -13.944027 -14.682717 -5.455736 -14.099650 
						-14.777878 -5.455736 -13.806772 -14.861441 -5.509481 -13.843977 -14.772191 -5.509481 -14.118668 -14.772191 -5.509481 -14.118668 -14.861441 -5.509481 -13.843977 -14.934386 -5.559978 -13.876454 -14.850294 -5.559977 -14.135269 -14.850294 -5.559977 -14.135269 -14.934386 -5.559978 -13.876454 -15.086154 -5.509480 -13.944027 -15.012782 -5.509478 -14.169808 -14.650527 -5.455736 -14.405912 -14.682717 -5.455736 -14.099650 -14.772191 -5.509481 -14.118668 -14.741985 -5.509482 -14.405913 -14.741985 -5.509482 -14.405913 -14.772191 -5.509481 -14.118668 -14.850294 -5.559977 -14.135269 -14.821815 -5.559979 -14.405913 -14.821815 -5.559979 -14.405913 -14.850294 -5.559977 -14.135269 -15.012782 -5.509478 -14.169808 -14.987911 -5.509482 -14.405915 -14.987911 -5.509482 -14.405915 -15.012782 -5.509478 -14.169808 -15.086154 -5.509480 -13.944027 -15.204863 -5.509485 -13.738427 -15.363705 -5.509482 -13.561994 -15.555767 -5.509482 -13.422470 -15.772650 -5.509482 -13.325898 -16.004868 -5.509480 -13.276556 -16.242270 -5.509482 -13.276556 -16.474489 -5.509480 -13.325898 -16.691372 -5.509478 -13.422456 -16.883419 -5.509480 -13.562002 -17.042278 -5.509482 -13.738419 -17.160984 -5.509482 -13.944016 -17.234356 -5.509482 -14.169806 -17.259174 -5.509480 -14.405912 -17.234343 -5.509480 -14.642017 -17.160994 -5.509480 -14.867803 -17.042282 -5.509480 -15.073398 -16.883427 -5.509480 -15.249827 -16.691360 -5.509478 -15.389356 -16.474482 -5.509478 -15.485917 -16.242268 -5.509478 -15.535278 -16.004868 -5.509480 -15.535269 -15.772651 -5.509482 -15.485927 -15.555771 -5.509480 -15.389369 -15.363709 -5.509480 -15.249827 -15.204850 -5.509480 -15.073402 -15.086142 -5.509478 -14.867796 -15.012846 -5.509482 -14.642023 -14.682715 -5.455736 -14.712175 -14.650527 -5.455736 -14.405912 -14.741985 -5.509482 -14.405913 -14.772199 -5.509482 -14.693158 -14.772199 -5.509482 -14.693158 -14.741985 -5.509482 -14.405913 -14.821815 -5.559979 -14.405913 -14.850319 -5.559979 -14.676558 -14.850319 -5.559979 -14.676558 -14.821815 -5.559979 -14.405913 -14.987911 -5.509482 -14.405915 
						-15.012846 -5.509482 -14.642023 -15.452727 -0.381935 -14.548335 -15.496929 -0.381935 -14.684375 -15.549187 2.532041 -14.661035 -15.508695 2.532041 -14.536415 -15.568450 -0.381935 -14.808252 -15.614703 2.532041 -14.774513 -15.664162 -0.381935 -14.914552 -15.702380 2.532041 -14.871889 -15.779885 -0.381935 -14.998629 -15.808388 2.532041 -14.948907 -15.910559 -0.381935 -15.056809 -15.928092 2.532041 -15.002203 -16.050474 -0.381935 -15.086550 -16.056261 2.532041 -15.029447 -16.193516 -0.381935 -15.086550 -16.187294 2.532041 -15.029447 -16.333431 -0.381935 -15.056809 -16.315464 2.532041 -15.002203 -16.464106 -0.381935 -14.998629 -16.435167 2.532041 -14.948907 -16.579828 -0.381935 -14.914552 -16.541176 2.532041 -14.871889 -16.675541 -0.381935 -14.808252 -16.628853 2.532041 -14.774513 -16.747061 -0.381935 -14.684375 -16.694370 2.532041 -14.661035 -16.791264 -0.381935 -14.548335 -16.734861 2.532041 -14.536415 -16.806215 -0.381935 -14.406078 -16.748558 2.532041 -14.406100 -16.791264 -0.381935 -14.263820 -16.734861 2.532041 -14.275786 -16.747061 -0.381935 -14.127780 -16.694370 2.532041 -14.151166 -16.675541 -0.381935 -14.003903 -16.628853 2.532041 -14.037689 -16.579828 -0.381935 -13.897603 -16.541176 2.532041 -13.940312 -16.464106 -0.381935 -13.813525 -16.435167 2.532041 -13.863293 -16.333431 -0.381935 -13.755346 -16.315464 2.532041 -13.809997 -16.193516 -0.381935 -13.725606 -16.187294 2.532041 -13.782755 -16.050474 -0.381935 -13.725606 -16.056261 2.532041 -13.782755 -15.910559 -0.381935 -13.755346 -15.928092 2.532041 -13.809997 -15.779886 -0.381935 -13.813526 -15.808389 2.532041 -13.863293 -15.664163 -0.381935 -13.897603 -15.702381 2.532041 -13.940312 -15.568450 -0.381935 -14.003903 -15.614703 2.532041 -14.037689 -15.496930 -0.381935 -14.127780 -15.549187 2.532041 -14.151166 -15.452728 -0.381935 -14.263820 -15.508696 2.532041 -14.275786 -15.437776 -0.381935 -14.406078 -15.495000 2.532041 -14.406100 -15.452727 -0.381935 -14.548335 -15.508695 2.532041 -14.536415 -15.347783 -0.807666 -14.570685 
						-15.398943 -0.807666 -14.728139 -15.481722 -0.807666 -14.871516 -15.592501 -0.807666 -14.994549 -15.726440 -0.807666 -15.091861 -15.877684 -0.807666 -15.159199 -16.039623 -0.807666 -15.193621 -16.205179 -0.807666 -15.193621 -16.367121 -0.807666 -15.159199 -16.518364 -0.807666 -15.091861 -16.652302 -0.807666 -14.994549 -16.763083 -0.807666 -14.871516 -16.845860 -0.807666 -14.728139 -16.897020 -0.807666 -14.570685 -16.914326 -0.807666 -14.406035 -16.897020 -0.807666 -14.241385 -16.845860 -0.807666 -14.083930 -16.763083 -0.807666 -13.940554 -16.652302 -0.807666 -13.817521 -16.518364 -0.807666 -13.720208 -16.367121 -0.807666 -13.652870 -16.205181 -0.807666 -13.618449 -16.039623 -0.807666 -13.618449 -15.877684 -0.807666 -13.652870 -15.726440 -0.807666 -13.720209 -15.592502 -0.807666 -13.817521 -15.481722 -0.807666 -13.940554 -15.398944 -0.807666 -14.083930 -15.347784 -0.807666 -14.241385 -15.330479 -0.807666 -14.406035 -15.347783 -0.807666 -14.570685 -15.508695 2.532041 -14.536415 -15.549187 2.532041 -14.661035 -15.427829 2.518486 -14.716313 -15.378536 2.518485 -14.565263 -15.549187 2.532041 -14.661035 -15.614703 2.532041 -14.774513 -15.507449 2.518486 -14.853814 -15.427829 2.518486 -14.716313 -15.614703 2.532041 -14.774513 -15.702380 2.532041 -14.871889 -15.613918 2.518487 -14.971755 -15.507449 2.518486 -14.853814 -15.702380 2.532041 -14.871889 -15.808388 2.532041 -14.948907 -15.742582 2.518488 -15.064983 -15.613918 2.518487 -14.971755 -15.808388 2.532041 -14.948907 -15.928092 2.532041 -15.002203 -15.887817 2.518489 -15.129424 -15.742582 2.518488 -15.064983 -15.928092 2.532041 -15.002203 -16.056261 2.532041 -15.029447 -16.043278 2.518489 -15.162261 -15.887817 2.518489 -15.129424 -16.056261 2.532041 -15.029447 -16.187294 2.532041 -15.029447 -16.202168 2.518490 -15.162057 -16.043278 2.518489 -15.162261 -16.187294 2.532041 -15.029447 -16.315464 2.532041 -15.002203 -16.357542 2.518491 -15.128822 -16.202168 2.518490 -15.162057 -16.315464 2.532041 -15.002203 -16.435167 2.532041 -14.948907 
						-16.502611 2.518492 -15.064010 -16.357542 2.518491 -15.128822 -16.435167 2.532041 -14.948907 -16.541176 2.532041 -14.871889 -16.631037 2.518493 -14.970453 -16.502611 2.518492 -15.064010 -16.541176 2.532041 -14.871889 -16.628853 2.532041 -14.774513 -16.737204 2.518494 -14.852239 -16.631037 2.518493 -14.970453 -16.628853 2.532041 -14.774513 -16.694370 2.532041 -14.661035 -16.816471 2.518495 -14.714534 -16.737204 2.518494 -14.852239 -16.694370 2.532041 -14.661035 -16.734861 2.532041 -14.536415 -16.865377 2.518495 -14.563358 -16.816471 2.518495 -14.714534 -16.734861 2.532041 -14.536415 -16.748558 2.532041 -14.406100 -16.881784 2.518496 -14.405318 -16.865377 2.518495 -14.563358 -16.748558 2.532041 -14.406100 -16.734861 2.532041 -14.275786 -16.864975 2.518496 -14.247320 -16.881784 2.518496 -14.405318 -16.734861 2.532041 -14.275786 -16.694370 2.532041 -14.151166 -16.815680 2.518495 -14.096270 -16.864975 2.518496 -14.247320 -16.694370 2.532041 -14.151166 -16.628853 2.532041 -14.037689 -16.736059 2.518495 -13.958770 -16.815680 2.518495 -14.096270 -16.628853 2.532041 -14.037689 -16.541176 2.532041 -13.940312 -16.629589 2.518494 -13.840827 -16.736059 2.518495 -13.958770 -16.541176 2.532041 -13.940312 -16.435167 2.532041 -13.863293 -16.500927 2.518493 -13.747599 -16.629589 2.518494 -13.840827 -16.435167 2.532041 -13.863293 -16.315464 2.532041 -13.809997 -16.355690 2.518492 -13.683159 -16.500927 2.518493 -13.747599 -16.315464 2.532041 -13.809997 -16.187294 2.532041 -13.782755 -16.200230 2.518491 -13.650323 -16.355690 2.518492 -13.683159 -16.187294 2.532041 -13.782755 -16.056261 2.532041 -13.782755 -16.041342 2.518490 -13.650527 -16.200230 2.518491 -13.650323 -16.056261 2.532041 -13.782755 -15.928092 2.532041 -13.809997 -15.885966 2.518489 -13.683761 -16.041342 2.518490 -13.650527 -15.928092 2.532041 -13.809997 -15.808389 2.532041 -13.863293 -15.740896 2.518489 -13.748572 -15.885966 2.518489 -13.683761 -15.808389 2.532041 -13.863293 -15.702381 2.532041 -13.940312 
						-15.612472 2.518488 -13.842130 -15.740896 2.518489 -13.748572 -15.702381 2.532041 -13.940312 -15.614703 2.532041 -14.037689 -15.506305 2.518487 -13.960345 -15.612472 2.518488 -13.842130 -15.614703 2.532041 -14.037689 -15.549187 2.532041 -14.151166 -15.427038 2.518486 -14.098049 -15.506305 2.518487 -13.960345 -15.549187 2.532041 -14.151166 -15.508696 2.532041 -14.275786 -15.378132 2.518486 -14.249225 -15.427038 2.518486 -14.098049 -15.508696 2.532041 -14.275786 -15.495000 2.532041 -14.406100 -15.361725 2.518485 -14.407265 -15.378132 2.518486 -14.249225 -15.495000 2.532041 -14.406100 -15.508695 2.532041 -14.536415 -15.378536 2.518485 -14.565263 -15.361725 2.518485 -14.407265 -15.571794 2.531961 -14.519073 -15.509553 2.587790 -14.532651 -15.550114 2.587682 -14.657187 -15.608150 2.531895 -14.630964 -15.608150 2.531895 -14.630964 -15.550114 2.587682 -14.657187 -15.615676 2.587621 -14.770573 -15.666974 2.531834 -14.732852 -15.666974 2.531834 -14.732852 -15.615676 2.587621 -14.770573 -15.703380 2.587575 -14.867851 -15.745697 2.531779 -14.820283 -15.745697 2.531779 -14.820283 -15.703380 2.587575 -14.867851 -15.809392 2.587533 -14.944765 -15.840877 2.531739 -14.889435 -15.840877 2.531739 -14.889435 -15.809392 2.587533 -14.944765 -15.929079 2.587496 -14.997958 -15.948355 2.531714 -14.937287 -15.948355 2.531714 -14.937287 -15.929079 2.587496 -14.997958 -16.057213 2.587450 -15.025098 -16.063433 2.531702 -14.961749 -16.063433 2.531702 -14.961749 -16.057213 2.587450 -15.025098 -16.188187 2.587451 -15.025013 -16.181084 2.531702 -14.961749 -16.181084 2.531702 -14.961749 -16.188187 2.587451 -15.025013 -16.316282 2.587499 -14.997700 -16.296162 2.531717 -14.937287 -16.296162 2.531717 -14.937287 -16.316282 2.587499 -14.997700 -16.435900 2.587536 -14.944347 -16.403639 2.531745 -14.889435 -16.403639 2.531745 -14.889435 -16.435900 2.587536 -14.944347 -16.541809 2.587580 -14.867291 -16.498819 2.531788 -14.820283 -16.498819 2.531788 -14.820283 -16.541809 2.587580 -14.867291 
						-16.629383 2.587628 -14.769898 -16.577541 2.531841 -14.732852 -16.577541 2.531841 -14.732852 -16.629383 2.587628 -14.769898 -16.694799 2.587733 -14.656428 -16.636366 2.531900 -14.630964 -16.636366 2.531900 -14.630964 -16.694799 2.587733 -14.656428 -16.735189 2.587800 -14.531834 -16.672722 2.531970 -14.519073 -16.672722 2.531970 -14.519073 -16.735189 2.587800 -14.531834 -16.748793 2.587879 -14.401567 -16.685020 2.532038 -14.402068 -16.685020 2.532038 -14.402068 -16.748793 2.587879 -14.401567 -16.735020 2.587990 -14.271316 -16.672722 2.532106 -14.285063 -16.672722 2.532106 -14.285063 -16.735020 2.587990 -14.271316 -16.694460 2.588065 -14.146778 -16.636368 2.532173 -14.173172 -16.636368 2.532173 -14.173172 -16.694460 2.588065 -14.146778 -16.628897 2.588137 -14.033392 -16.577541 2.532234 -14.071285 -16.577541 2.532234 -14.071285 -16.628897 2.588137 -14.033392 -16.541193 2.588216 -13.936114 -16.498819 2.532288 -13.983854 -16.498819 2.532288 -13.983854 -16.541193 2.588216 -13.936114 -16.435179 2.588258 -13.859197 -16.403639 2.532329 -13.914701 -16.403639 2.532329 -13.914701 -16.435179 2.588258 -13.859197 -16.315491 2.588285 -13.806005 -16.296162 2.532354 -13.866849 -16.296162 2.532354 -13.866849 -16.315491 2.588285 -13.806005 -16.187357 2.588306 -13.778860 -16.181084 2.532367 -13.842389 -16.181084 2.532367 -13.842389 -16.187357 2.588306 -13.778860 -16.056381 2.588306 -13.778946 -16.063433 2.532367 -13.842389 -16.063433 2.532367 -13.842389 -16.056381 2.588306 -13.778946 -15.928284 2.588283 -13.806263 -15.948355 2.532351 -13.866849 -15.948355 2.532351 -13.866849 -15.928284 2.588283 -13.806263 -15.808666 2.588252 -13.859615 -15.840878 2.532323 -13.914701 -15.840878 2.532323 -13.914701 -15.808666 2.588252 -13.859615 -15.702754 2.588210 -13.936672 -15.745697 2.532280 -13.983854 -15.745697 2.532280 -13.983854 -15.702754 2.588210 -13.936672 -15.615183 2.588128 -14.034068 -15.666974 2.532228 -14.071285 -15.666974 2.532228 -14.071285 -15.615183 2.588128 -14.034068 
						-15.549770 2.588059 -14.147540 -15.608150 2.532168 -14.173172 -15.608150 2.532168 -14.173172 -15.549770 2.588059 -14.147540 -15.509376 2.587982 -14.272133 -15.571795 2.532099 -14.285063 -15.571795 2.532099 -14.285063 -15.509376 2.587982 -14.272133 -15.495778 2.587869 -14.402401 -15.559497 2.532030 -14.402068 -15.559497 2.532030 -14.402068 -15.495778 2.587869 -14.402401 -15.509553 2.587790 -14.532651 -15.571794 2.531961 -14.519073 -15.541576 2.619466 -14.661273 -15.608161 2.619409 -14.776346 -15.541576 2.619466 -14.661273 -15.483585 2.651230 -14.687449 -15.556868 2.651162 -14.814009 -15.608161 2.619409 -14.776346 -15.483585 2.651230 -14.687449 -15.541576 2.619466 -14.661273 -15.500366 2.619586 -14.534873 -15.438214 2.651373 -14.548421 -15.541576 2.619466 -14.661273 -15.500366 2.619586 -14.534873 -15.608161 2.619409 -14.776346 -15.697218 2.619351 -14.875060 -15.608161 2.619409 -14.776346 -15.556868 2.651162 -14.814009 -15.654865 2.651097 -14.922566 -15.697218 2.619351 -14.875060 -15.697218 2.619351 -14.875060 -15.804853 2.619307 -14.953099 -15.697218 2.619351 -14.875060 -15.654865 2.651097 -14.922566 -15.773291 2.651050 -15.008373 -15.804853 2.619307 -14.953099 -15.804853 2.619307 -14.953099 -15.926360 2.619269 -15.007056 -15.804853 2.619307 -14.953099 -15.773291 2.651050 -15.008373 -15.906967 2.651011 -15.067687 -15.926360 2.619269 -15.007056 -15.926360 2.619269 -15.007056 -16.056431 2.619222 -15.034569 -15.926360 2.619269 -15.007056 -15.906967 2.651011 -15.067687 -16.050056 2.650959 -15.097910 -16.056431 2.619222 -15.034569 -16.056431 2.619222 -15.034569 -16.189381 2.619223 -15.034440 -16.056431 2.619222 -15.034569 -16.050056 2.650959 -15.097910 -16.196302 2.650961 -15.097724 -16.189381 2.619223 -15.034440 -16.189381 2.619223 -15.034440 -16.319399 2.619272 -15.006671 -16.189381 2.619223 -15.034440 -16.196302 2.650961 -15.097724 -16.339314 2.651014 -15.067133 -16.319399 2.619272 -15.006671 -16.319399 2.619272 -15.006671 -16.440800 2.619310 -14.952476 
						-16.319399 2.619272 -15.006671 -16.339314 2.651014 -15.067133 -16.472837 2.651055 -15.007478 -16.440800 2.619310 -14.952476 -16.440800 2.619310 -14.952476 -16.548281 2.619357 -14.874227 -16.440800 2.619310 -14.952476 -16.472837 2.651055 -15.007478 -16.591043 2.651104 -14.921368 -16.548281 2.619357 -14.874227 -16.548281 2.619357 -14.874227 -16.637142 2.619410 -14.775337 -16.548281 2.619357 -14.874227 -16.591043 2.651104 -14.921368 -16.688763 2.651172 -14.812559 -16.637142 2.619410 -14.775337 -16.637142 2.619410 -14.775337 -16.703508 2.619519 -14.660137 -16.637142 2.619410 -14.775337 -16.688763 2.651172 -14.812559 -16.761723 2.651286 -14.685815 -16.703508 2.619519 -14.660137 -16.703508 2.619519 -14.660137 -16.744467 2.619597 -14.533654 -16.703508 2.619519 -14.660137 -16.761723 2.651286 -14.685815 -16.806738 2.651385 -14.546668 -16.744467 2.619597 -14.533654 -16.744467 2.619597 -14.533654 -16.758232 2.619670 -14.401419 -16.744467 2.619597 -14.533654 -16.806738 2.651385 -14.546668 -16.821836 2.651471 -14.401204 -16.758232 2.619670 -14.401419 -16.758232 2.619670 -14.401419 -16.744209 2.619797 -14.269211 -16.758232 2.619670 -14.401419 -16.821836 2.651471 -14.401204 -16.806362 2.651595 -14.255779 -16.744209 2.619797 -14.269211 -16.744209 2.619797 -14.269211 -16.703001 2.619865 -14.142809 -16.744209 2.619797 -14.269211 -16.806362 2.651595 -14.255779 -16.760994 2.651692 -14.116750 -16.703001 2.619865 -14.142809 -16.703001 2.619865 -14.142809 -16.636414 2.619939 -14.027736 -16.703001 2.619865 -14.142809 -16.760994 2.651692 -14.116750 -16.687708 2.651770 -13.990190 -16.636414 2.619939 -14.027736 -16.636414 2.619939 -14.027736 -16.547356 2.620024 -13.929022 -16.636414 2.619939 -14.027736 -16.687708 2.651770 -13.990190 -16.589710 2.651871 -13.881635 -16.547356 2.620024 -13.929022 -16.547356 2.620024 -13.929022 -16.439720 2.620077 -13.850981 -16.547356 2.620024 -13.929022 -16.589710 2.651871 -13.881635 -16.471287 2.651917 -13.795824 -16.439720 2.620077 -13.850981 
						-16.439720 2.620077 -13.850981 -16.318213 2.620103 -13.797024 -16.439720 2.620077 -13.850981 -16.471287 2.651917 -13.795824 -16.337608 2.651948 -13.736513 -16.318213 2.620103 -13.797024 -16.318213 2.620103 -13.797024 -16.188141 2.620117 -13.769512 -16.318213 2.620103 -13.797024 -16.337608 2.651948 -13.736513 -16.194519 2.651971 -13.706292 -16.188141 2.620117 -13.769512 -16.188141 2.620117 -13.769512 -16.055193 2.620117 -13.769641 -16.188141 2.620117 -13.769512 -16.194519 2.651971 -13.706292 -16.048275 2.651970 -13.706479 -16.055193 2.620117 -13.769641 -16.055193 2.620117 -13.769641 -15.925175 2.620101 -13.797410 -16.055193 2.620117 -13.769641 -16.048275 2.651970 -13.706479 -15.905264 2.651945 -13.737067 -15.925175 2.620101 -13.797410 -15.925175 2.620101 -13.797410 -15.803772 2.620062 -13.851604 -15.925175 2.620101 -13.797410 -15.905264 2.651945 -13.737067 -15.771738 2.651910 -13.796720 -15.803772 2.620062 -13.851604 -15.803772 2.620062 -13.851604 -15.696291 2.620018 -13.929856 -15.803772 2.620062 -13.851604 -15.771738 2.651910 -13.796720 -15.653535 2.651864 -13.882835 -15.696291 2.620018 -13.929856 -15.696291 2.620018 -13.929856 -15.607428 2.619930 -14.028745 -15.696291 2.620018 -13.929856 -15.653535 2.651864 -13.882835 -15.555817 2.651759 -13.991640 -15.607428 2.619930 -14.028745 -15.607428 2.619930 -14.028745 -15.541066 2.619857 -14.143948 -15.607428 2.619930 -14.028745 -15.555817 2.651759 -13.991640 -15.482857 2.651683 -14.118387 -15.541066 2.619857 -14.143948 -15.541066 2.619857 -14.143948 -15.500106 2.619787 -14.270430 -15.541066 2.619857 -14.143948 -15.482857 2.651683 -14.118387 -15.437842 2.651584 -14.257532 -15.500106 2.619787 -14.270430 -15.500106 2.619787 -14.270430 -15.486343 2.619660 -14.402665 -15.500106 2.619787 -14.270430 -15.437842 2.651584 -14.257532 -15.422743 2.651460 -14.402996 -15.486343 2.619660 -14.402665 -15.438214 2.651373 -14.548421 -15.500366 2.619586 -14.534873 -15.486343 2.619660 -14.402665 -15.422743 2.651460 -14.402996 
						-15.500366 2.619586 -14.534873 -15.486343 2.619660 -14.402665 -15.420858 2.614346 -14.719426 -15.454887 2.652711 -14.704223 -15.407486 2.652772 -14.559070 -15.371067 2.614374 -14.566860 -15.454887 2.652711 -14.704223 -15.420858 2.614346 -14.719426 -15.501281 2.614324 -14.858307 -15.531414 2.652688 -14.836354 -15.371067 2.614374 -14.566860 -15.407486 2.652772 -14.559070 -15.391316 2.652799 -14.407227 -15.354087 2.614388 -14.407275 -15.531414 2.652688 -14.836354 -15.501281 2.614324 -14.858307 -15.608819 2.614314 -14.977432 -15.633737 2.652669 -14.949686 -15.633737 2.652669 -14.949686 -15.608819 2.614314 -14.977432 -15.738776 2.614305 -15.071594 -15.757385 2.652643 -15.039265 -15.757385 2.652643 -15.039265 -15.738776 2.614305 -15.071594 -15.885469 2.614300 -15.136679 -15.896952 2.652631 -15.101181 -15.896952 2.652631 -15.101181 -15.885469 2.614300 -15.136679 -16.042488 2.614284 -15.169845 -16.046343 2.652603 -15.132720 -16.046343 2.652603 -15.132720 -16.042488 2.614284 -15.169845 -16.202972 2.614285 -15.169638 -16.199022 2.652603 -15.132523 -16.199022 2.652603 -15.132523 -16.202972 2.614285 -15.169638 -16.359907 2.614299 -15.136069 -16.348330 2.652627 -15.100598 -16.348330 2.652627 -15.100598 -16.359907 2.614299 -15.136069 -16.506432 2.614305 -15.070606 -16.487734 2.652637 -15.038320 -16.487734 2.652637 -15.038320 -16.506432 2.614305 -15.070606 -16.636143 2.614315 -14.976110 -16.611147 2.652652 -14.948422 -16.611147 2.652652 -14.948422 -16.636143 2.614315 -14.976110 -16.743374 2.614325 -14.856709 -16.713173 2.652678 -14.834829 -16.713173 2.652678 -14.834829 -16.743374 2.614325 -14.856709 -16.823439 2.614357 -14.717625 -16.789368 2.652719 -14.702509 -16.789368 2.652719 -14.702509 -16.823439 2.614357 -14.717625 -16.872835 2.614375 -14.564934 -16.836382 2.652752 -14.557235 -16.836382 2.652752 -14.557235 -16.872835 2.614375 -14.564934 -16.889406 2.614389 -14.405308 -16.852161 2.652786 -14.405356 -16.852161 2.652786 -14.405356 -16.889406 2.614389 -14.405308 
						-16.872431 2.614442 -14.245725 -16.836033 2.652832 -14.253517 -16.836033 2.652832 -14.253517 -16.872431 2.614442 -14.245725 -16.822643 2.612034 -14.093158 -16.789557 2.651427 -14.107946 -16.789557 2.651427 -14.107946 -16.822643 2.612034 -14.093158 -16.742226 2.612056 -13.954276 -16.712990 2.651479 -13.975567 -16.712990 2.651479 -13.975567 -16.742226 2.612056 -13.954276 -16.634689 2.614496 -13.835147 -16.609875 2.652943 -13.862766 -16.609875 2.652943 -13.862766 -16.634689 2.614496 -13.835147 -16.504734 2.614486 -13.740982 -16.486197 2.652968 -13.773186 -16.486197 2.652968 -13.773186 -16.504734 2.614486 -13.740982 -16.358042 2.614519 -13.675890 -16.346601 2.652979 -13.711239 -16.346601 2.652979 -13.711239 -16.358042 2.614519 -13.675890 -16.201017 2.610486 -13.642724 -16.197351 2.650623 -13.678006 -16.197351 2.650623 -13.678006 -16.201017 2.610486 -13.642724 -16.040531 2.610482 -13.642929 -16.044279 2.650614 -13.678120 -16.044279 2.650614 -13.678120 -16.040531 2.610482 -13.642929 -15.883594 2.614521 -13.676494 -15.895101 2.652987 -13.711751 -15.895101 2.652987 -13.711751 -15.883594 2.614521 -13.676494 -15.737066 2.614487 -13.741960 -15.755682 2.652975 -13.774110 -15.755682 2.652975 -13.774110 -15.737066 2.614487 -13.741960 -15.607350 2.614478 -13.836458 -15.632248 2.652951 -13.864040 -15.632248 2.652951 -13.864040 -15.607350 2.614478 -13.836458 -15.500117 2.614455 -13.955862 -15.530222 2.652910 -13.977676 -15.530222 2.652910 -13.977676 -15.500117 2.614455 -13.955862 -15.420053 2.614442 -14.094950 -15.454046 2.652888 -14.110033 -15.454046 2.652888 -14.110033 -15.420053 2.614442 -14.094950 -15.370656 2.614414 -14.247646 -15.407059 2.652845 -14.255336 -15.407059 2.652845 -14.255336 -15.370656 2.614414 -14.247646 -15.354087 2.614388 -14.407275 -15.391316 2.652799 -14.407227 -15.378536 2.518485 -14.565263 -15.427829 2.518486 -14.716313 -15.420858 2.614346 -14.719426 -15.371067 2.614374 -14.566860 -15.427829 2.518486 -14.716313 -15.507449 2.518486 -14.853814 
						-15.501281 2.614324 -14.858307 -15.420858 2.614346 -14.719426 -15.507449 2.518486 -14.853814 -15.613918 2.518487 -14.971755 -15.608819 2.614314 -14.977432 -15.501281 2.614324 -14.858307 -15.613918 2.518487 -14.971755 -15.742582 2.518488 -15.064983 -15.738776 2.614305 -15.071594 -15.608819 2.614314 -14.977432 -15.742582 2.518488 -15.064983 -15.887817 2.518489 -15.129424 -15.885469 2.614300 -15.136679 -15.738776 2.614305 -15.071594 -15.887817 2.518489 -15.129424 -16.043278 2.518489 -15.162261 -16.042488 2.614284 -15.169845 -15.885469 2.614300 -15.136679 -16.043278 2.518489 -15.162261 -16.202168 2.518490 -15.162057 -16.202972 2.614285 -15.169638 -16.042488 2.614284 -15.169845 -16.202168 2.518490 -15.162057 -16.357542 2.518491 -15.128822 -16.359907 2.614299 -15.136069 -16.202972 2.614285 -15.169638 -16.357542 2.518491 -15.128822 -16.502611 2.518492 -15.064010 -16.506432 2.614305 -15.070606 -16.359907 2.614299 -15.136069 -16.502611 2.518492 -15.064010 -16.631037 2.518493 -14.970453 -16.636143 2.614315 -14.976110 -16.506432 2.614305 -15.070606 -16.631037 2.518493 -14.970453 -16.737204 2.518494 -14.852239 -16.743374 2.614325 -14.856709 -16.636143 2.614315 -14.976110 -16.737204 2.518494 -14.852239 -16.816471 2.518495 -14.714534 -16.823439 2.614357 -14.717625 -16.743374 2.614325 -14.856709 -16.816471 2.518495 -14.714534 -16.865377 2.518495 -14.563358 -16.872835 2.614375 -14.564934 -16.823439 2.614357 -14.717625 -16.865377 2.518495 -14.563358 -16.881784 2.518496 -14.405318 -16.889406 2.614389 -14.405308 -16.872835 2.614375 -14.564934 -16.881784 2.518496 -14.405318 -16.864975 2.518496 -14.247320 -16.872431 2.614442 -14.245725 -16.889406 2.614389 -14.405308 -16.864975 2.518496 -14.247320 -16.815680 2.518495 -14.096270 -16.822643 2.612034 -14.093158 -16.872431 2.614442 -14.245725 -16.815680 2.518495 -14.096270 -16.736059 2.518495 -13.958770 -16.742226 2.612056 -13.954276 -16.822643 2.612034 -14.093158 -16.736059 2.518495 -13.958770 -16.629589 2.518494 -13.840827 
						-16.634689 2.614496 -13.835147 -16.742226 2.612056 -13.954276 -16.629589 2.518494 -13.840827 -16.500927 2.518493 -13.747599 -16.504734 2.614486 -13.740982 -16.634689 2.614496 -13.835147 -16.500927 2.518493 -13.747599 -16.355690 2.518492 -13.683159 -16.358042 2.614519 -13.675890 -16.504734 2.614486 -13.740982 -16.355690 2.518492 -13.683159 -16.200230 2.518491 -13.650323 -16.201017 2.610486 -13.642724 -16.358042 2.614519 -13.675890 -16.200230 2.518491 -13.650323 -16.041342 2.518490 -13.650527 -16.040531 2.610482 -13.642929 -16.201017 2.610486 -13.642724 -16.041342 2.518490 -13.650527 -15.885966 2.518489 -13.683761 -15.883594 2.614521 -13.676494 -16.040531 2.610482 -13.642929 -15.885966 2.518489 -13.683761 -15.740896 2.518489 -13.748572 -15.737066 2.614487 -13.741960 -15.883594 2.614521 -13.676494 -15.740896 2.518489 -13.748572 -15.612472 2.518488 -13.842130 -15.607350 2.614478 -13.836458 -15.737066 2.614487 -13.741960 -15.612472 2.518488 -13.842130 -15.506305 2.518487 -13.960345 -15.500117 2.614455 -13.955862 -15.607350 2.614478 -13.836458 -15.506305 2.518487 -13.960345 -15.427038 2.518486 -14.098049 -15.420053 2.614442 -14.094950 -15.500117 2.614455 -13.955862 -15.427038 2.518486 -14.098049 -15.378132 2.518486 -14.249225 -15.370656 2.614414 -14.247646 -15.420053 2.614442 -14.094950 -15.378132 2.518486 -14.249225 -15.361725 2.518485 -14.407265 -15.354087 2.614388 -14.407275 -15.370656 2.614414 -14.247646 -15.361725 2.518485 -14.407265 -15.378536 2.518485 -14.565263 -15.371067 2.614374 -14.566860 -15.354087 2.614388 -14.407275 -15.483585 2.651230 -14.687449 -15.438214 2.651373 -14.548421 -15.407486 2.652772 -14.559070 -15.454887 2.652711 -14.704223 -15.556868 2.651162 -14.814009 -15.483585 2.651230 -14.687449 -15.454887 2.652711 -14.704223 -15.531414 2.652688 -14.836354 -15.654865 2.651097 -14.922566 -15.556868 2.651162 -14.814009 -15.531414 2.652688 -14.836354 -15.633737 2.652669 -14.949686 -15.773291 2.651050 -15.008373 -15.654865 2.651097 -14.922566 
						-15.633737 2.652669 -14.949686 -15.757385 2.652643 -15.039265 -15.906967 2.651011 -15.067687 -15.773291 2.651050 -15.008373 -15.757385 2.652643 -15.039265 -15.896952 2.652631 -15.101181 -16.050056 2.650959 -15.097910 -15.906967 2.651011 -15.067687 -15.896952 2.652631 -15.101181 -16.046343 2.652603 -15.132720 -16.196302 2.650961 -15.097724 -16.050056 2.650959 -15.097910 -16.046343 2.652603 -15.132720 -16.199022 2.652603 -15.132523 -16.339314 2.651014 -15.067133 -16.196302 2.650961 -15.097724 -16.199022 2.652603 -15.132523 -16.348330 2.652627 -15.100598 -16.472837 2.651055 -15.007478 -16.339314 2.651014 -15.067133 -16.348330 2.652627 -15.100598 -16.487734 2.652637 -15.038320 -16.591043 2.651104 -14.921368 -16.472837 2.651055 -15.007478 -16.487734 2.652637 -15.038320 -16.611147 2.652652 -14.948422 -16.688763 2.651172 -14.812559 -16.591043 2.651104 -14.921368 -16.611147 2.652652 -14.948422 -16.713173 2.652678 -14.834829 -16.761723 2.651286 -14.685815 -16.688763 2.651172 -14.812559 -16.713173 2.652678 -14.834829 -16.789368 2.652719 -14.702509 -16.806738 2.651385 -14.546668 -16.761723 2.651286 -14.685815 -16.789368 2.652719 -14.702509 -16.836382 2.652752 -14.557235 -16.821836 2.651471 -14.401204 -16.806738 2.651385 -14.546668 -16.836382 2.652752 -14.557235 -16.852161 2.652786 -14.405356 -16.806362 2.651595 -14.255779 -16.821836 2.651471 -14.401204 -16.852161 2.652786 -14.405356 -16.836033 2.652832 -14.253517 -16.760994 2.651692 -14.116750 -16.806362 2.651595 -14.255779 -16.836033 2.652832 -14.253517 -16.789557 2.651427 -14.107946 -16.687708 2.651770 -13.990190 -16.760994 2.651692 -14.116750 -16.789557 2.651427 -14.107946 -16.712990 2.651479 -13.975567 -16.589710 2.651871 -13.881635 -16.687708 2.651770 -13.990190 -16.712990 2.651479 -13.975567 -16.609875 2.652943 -13.862766 -16.471287 2.651917 -13.795824 -16.589710 2.651871 -13.881635 -16.609875 2.652943 -13.862766 -16.486197 2.652968 -13.773186 -16.337608 2.651948 -13.736513 -16.471287 2.651917 -13.795824 
						-16.486197 2.652968 -13.773186 -16.346601 2.652979 -13.711239 -16.194519 2.651971 -13.706292 -16.337608 2.651948 -13.736513 -16.346601 2.652979 -13.711239 -16.197351 2.650623 -13.678006 -16.048275 2.651970 -13.706479 -16.194519 2.651971 -13.706292 -16.197351 2.650623 -13.678006 -16.044279 2.650614 -13.678120 -15.905264 2.651945 -13.737067 -16.048275 2.651970 -13.706479 -16.044279 2.650614 -13.678120 -15.895101 2.652987 -13.711751 -15.771738 2.651910 -13.796720 -15.905264 2.651945 -13.737067 -15.895101 2.652987 -13.711751 -15.755682 2.652975 -13.774110 -15.653535 2.651864 -13.882835 -15.771738 2.651910 -13.796720 -15.755682 2.652975 -13.774110 -15.632248 2.652951 -13.864040 -15.555817 2.651759 -13.991640 -15.653535 2.651864 -13.882835 -15.632248 2.652951 -13.864040 -15.530222 2.652910 -13.977676 -15.482857 2.651683 -14.118387 -15.555817 2.651759 -13.991640 -15.530222 2.652910 -13.977676 -15.454046 2.652888 -14.110033 -15.437842 2.651584 -14.257532 -15.482857 2.651683 -14.118387 -15.454046 2.652888 -14.110033 -15.407059 2.652845 -14.255336 -15.422743 2.651460 -14.402996 -15.437842 2.651584 -14.257532 -15.407059 2.652845 -14.255336 -15.391316 2.652799 -14.407227 -15.438214 2.651373 -14.548421 -15.422743 2.651460 -14.402996 -15.391316 2.652799 -14.407227 -15.407486 2.652772 -14.559070 
					</float_array>
					<technique_common>
						<accessor count="2986" offset="0" source="#meshId0-positions-array" stride="3">
							<param name="X" type="float" />
							<param name="Y" type="float" />
							<param name="Z" type="float" />
						</accessor>
					</technique_common>
				</source>
				<source id="meshId0-normals" name="meshId0-normals">
					<float_array id="meshId0-normals-array" count="8958"> 
						-0.554600 0.823786 0.117453 -0.687960 0.710942 0.145853 -0.642590 0.710933 0.285748 -0.518016 0.823804 0.230233 -0.569110 0.710925 0.413159 -0.458772 0.823818 0.332946 -0.470725 0.710918 0.522507 -0.379452 0.823828 0.421097 -0.351736 0.710914 0.609002 -0.283525 0.823835 0.490825 -0.217351 0.710914 0.668849 -0.175187 0.823839 0.539073 -0.073454 0.710916 0.699430 -0.059182 0.823840 0.563725 0.073653 0.710919 0.699406 0.059411 0.823835 0.563708 0.217531 0.710923 0.668781 0.175403 0.823825 0.539023 0.351879 0.710930 0.608900 0.283713 0.823815 0.490751 0.470821 0.710939 0.522391 0.379606 0.823801 0.421013 0.569158 0.710950 0.413048 0.458891 0.823783 0.332866 0.642597 0.710962 0.285661 0.518103 0.823767 0.230168 0.687935 0.710975 0.145807 0.554663 0.823749 0.117418 0.703206 0.710986 -0.000397 0.566983 0.823729 -0.000454 0.687752 0.710997 -0.146562 0.554531 0.823711 -0.118299 0.642262 0.711006 -0.286305 0.517860 0.823696 -0.230969 0.568730 0.711014 -0.413527 0.458580 0.823683 -0.333544 0.470373 0.711020 -0.522685 0.379281 0.823672 -0.421558 0.351488 0.711024 -0.609016 0.283429 0.823664 -0.491167 0.217265 0.711027 -0.668757 0.175209 0.823662 -0.539336 0.073559 0.711026 -0.699307 0.059343 0.823663 -0.563966 -0.073361 0.711023 -0.699332 -0.059114 0.823668 -0.563982 -0.217085 0.711017 -0.668826 -0.174995 0.823676 -0.539384 -0.351345 0.711010 -0.609116 -0.283240 0.823686 -0.491239 -0.470275 0.711000 -0.522800 -0.379125 0.823700 -0.421642 -0.568681 0.710989 -0.413639 -0.458460 0.823716 -0.333628 -0.642255 0.710977 -0.286391 -0.517771 0.823734 -0.231032 -0.687775 0.710965 -0.146609 -0.554462 0.823753 -0.118333 -0.703240 0.710953 -0.000397 -0.566926 0.823769 -0.000455 -0.687960 0.710942 0.145853 -0.554600 0.823786 0.117453 -0.800920 0.574153 0.169927 -0.748103 0.574105 0.332785 
						-0.662559 0.574064 0.481109 -0.548023 0.574034 0.608404 -0.409503 0.574014 0.709095 -0.253061 0.574005 0.778767 -0.085544 0.574007 0.814370 0.085709 0.574021 0.814342 0.253203 0.574048 0.778689 0.409605 0.574083 0.708980 0.548072 0.574126 0.608274 0.662553 0.574176 0.480983 0.748050 0.574230 0.332687 0.800836 0.574286 0.169876 0.818616 0.574341 -0.000329 0.800628 0.574394 -0.170490 0.747670 0.574441 -0.333176 0.662069 0.574480 -0.481287 0.547565 0.574511 -0.608366 0.409162 0.574531 -0.708873 0.252903 0.574539 -0.778425 0.085603 0.574537 -0.813990 -0.085440 0.574522 -0.814017 -0.252760 0.574496 -0.778503 -0.409061 0.574462 -0.708987 -0.547516 0.574419 -0.608497 -0.662074 0.574369 -0.481413 -0.747724 0.574315 -0.333274 -0.800713 0.574259 -0.170543 -0.818712 0.574204 -0.000330 -0.800920 0.574153 0.169927 -0.821471 0.542957 0.174306 -0.767305 0.542887 0.341345 -0.679570 0.542829 0.493478 -0.562097 0.542786 0.624043 -0.420023 0.542756 0.727322 -0.259565 0.542741 0.798786 -0.087746 0.542744 0.835302 0.087905 0.542765 0.835272 0.259698 0.542803 0.798700 0.420112 0.542856 0.727195 0.562128 0.542920 0.623899 0.679542 0.542991 0.493339 0.767224 0.543069 0.341237 0.821355 0.543152 0.174249 0.839582 0.543233 -0.000318 0.821125 0.543310 -0.174835 0.766805 0.543380 -0.341685 0.679007 0.543437 -0.493585 0.561570 0.543481 -0.623913 0.419625 0.543510 -0.726988 0.259368 0.543523 -0.798318 0.087789 0.543520 -0.834793 -0.087630 0.543500 -0.834823 -0.259233 0.543462 -0.798403 -0.419536 0.543410 -0.727115 -0.561539 0.543347 -0.624058 -0.679036 0.543275 -0.493724 -0.766887 0.543196 -0.341794 -0.821241 0.543115 -0.174895 -0.839710 0.543035 -0.000319 -0.821471 0.542957 0.174306 -0.879650 0.437428 0.186743 -0.821630 0.437335 0.365598 -0.727674 0.437255 0.528487 -0.601882 0.437193 0.668282 
						-0.449752 0.437152 0.778859 -0.277945 0.437134 0.855372 -0.093977 0.437141 0.894470 0.094098 0.437169 0.894443 0.278043 0.437218 0.855297 0.449812 0.437288 0.778748 0.601891 0.437375 0.668154 0.727630 0.437475 0.528365 0.821541 0.437582 0.365503 0.879528 0.437694 0.186693 0.899069 0.437806 -0.000243 0.879326 0.437911 -0.187136 0.821172 0.438005 -0.365825 0.727158 0.438086 -0.528510 0.601398 0.438146 -0.668093 0.449384 0.438187 -0.778490 0.277753 0.438205 -0.854886 0.093995 0.438200 -0.893950 -0.093874 0.438171 -0.893976 -0.277654 0.438121 -0.854961 -0.449324 0.438051 -0.778601 -0.601389 0.437964 -0.668221 -0.727202 0.437865 -0.528631 -0.821262 0.437757 -0.365920 -0.879448 0.437644 -0.187189 -0.899203 0.437532 -0.000245 -0.879650 0.437428 0.186743 -0.933270 0.299534 0.198208 -0.871688 0.299425 0.387949 -0.771990 0.299331 0.560743 -0.638527 0.299259 0.709033 -0.477135 0.299211 0.826326 -0.294873 0.299190 0.907488 -0.099715 0.299195 0.948968 0.099800 0.299229 0.948948 0.294942 0.299290 0.907433 0.477175 0.299372 0.826245 0.638531 0.299472 0.708939 0.771955 0.299588 0.560653 0.871620 0.299715 0.387879 0.933177 0.299846 0.198173 0.953946 0.299977 -0.000170 0.933030 0.300098 -0.198483 0.871351 0.300208 -0.388102 0.771610 0.300304 -0.560746 0.638170 0.300376 -0.708882 0.476862 0.300424 -0.826044 0.294730 0.300445 -0.907120 0.099725 0.300437 -0.948574 -0.099640 0.300403 -0.948594 -0.294661 0.300346 -0.907175 -0.476822 0.300265 -0.826125 -0.638167 0.300163 -0.708975 -0.771645 0.300046 -0.560835 -0.871419 0.299919 -0.388171 -0.933123 0.299786 -0.198521 -0.954047 0.299656 -0.000173 -0.933270 0.299534 0.198208 -0.958185 0.201113 0.203557 -0.894941 0.200987 0.398352 -0.792571 0.200882 0.575742 -0.655543 0.200800 0.727971 -0.489850 0.200746 0.848380 -0.302736 0.200722 0.931698 
						-0.102384 0.200730 0.974282 0.102441 0.200767 0.974268 0.302780 0.200833 0.931660 0.489875 0.200926 0.848323 0.655543 0.201040 0.727905 0.792542 0.201173 0.575679 0.894889 0.201318 0.398302 0.958116 0.201467 0.203533 0.979465 0.201613 -0.000115 0.958011 0.201752 -0.203741 0.894699 0.201878 -0.398447 0.792298 0.201983 -0.575731 0.655287 0.202064 -0.727853 0.489654 0.202118 -0.848167 0.302631 0.202143 -0.931425 0.102387 0.202136 -0.973991 -0.102330 0.202099 -0.974004 -0.302585 0.202032 -0.931464 -0.489629 0.201939 -0.848224 -0.655288 0.201824 -0.727918 -0.792326 0.201693 -0.575794 -0.894751 0.201549 -0.398496 -0.958080 0.201399 -0.203766 -0.979540 0.201252 -0.000118 -0.958185 0.201113 0.203557 -0.973173 0.100839 0.206797 -0.908920 0.100705 0.404627 -0.804936 0.100590 0.584773 -0.665764 0.100501 0.739363 -0.497486 0.100443 0.861637 -0.307460 0.100419 0.946248 -0.103992 0.100428 0.989495 0.104020 0.100468 0.989488 0.307482 0.100537 0.946228 0.497498 0.100635 0.861608 0.665763 0.100759 0.739329 0.804921 0.100903 0.584740 0.908893 0.101057 0.404600 0.973137 0.101216 0.206786 0.994848 0.101373 -0.000058 0.973083 0.101523 -0.206890 0.908794 0.101659 -0.404671 0.804794 0.101772 -0.584764 0.665629 0.101861 -0.739298 0.497383 0.101919 -0.861523 0.307404 0.101944 -0.946103 0.103992 0.101938 -0.989340 -0.103963 0.101897 -0.989348 -0.307381 0.101825 -0.946123 -0.497371 0.101726 -0.861553 -0.665631 0.101603 -0.739332 -0.804810 0.101460 -0.584796 -0.908822 0.101306 -0.404696 -0.973119 0.101148 -0.206903 -0.994888 0.100988 -0.000061 -0.973173 0.100839 0.206797 -0.978148 -0.000354 0.207909 -0.913545 -0.000492 0.406738 -0.809016 -0.000608 0.587786 -0.669131 -0.000698 0.743144 -0.500001 -0.000757 0.866025 -0.309019 -0.000784 0.951056 -0.104529 -0.000777 0.994521 0.104528 -0.000735 0.994522 
						0.309018 -0.000660 0.951056 0.500000 -0.000559 0.866025 0.669130 -0.000433 0.743145 0.809016 -0.000287 0.587786 0.913545 -0.000130 0.406737 0.978147 0.000035 0.207913 1.000000 0.000197 0.000001 0.978148 0.000349 -0.207911 0.913546 0.000486 -0.406735 0.809018 0.000602 -0.587784 0.669131 0.000693 -0.743144 0.500000 0.000753 -0.866025 0.309017 0.000778 -0.951056 0.104529 0.000771 -0.994521 -0.104529 0.000730 -0.994522 -0.309018 0.000656 -0.951056 -0.500001 0.000555 -0.866025 -0.669132 0.000429 -0.743144 -0.809018 0.000283 -0.587784 -0.913546 0.000125 -0.406735 -0.978148 -0.000037 -0.207910 -1.000000 -0.000200 -0.000001 -0.978148 -0.000354 0.207909 -0.973767 -0.094422 0.207033 -0.909433 -0.094557 0.404957 -0.805361 -0.094670 0.585176 -0.666100 -0.094757 0.739819 -0.497734 -0.094816 0.862131 -0.307621 -0.094845 0.946770 -0.104067 -0.094839 0.990038 0.104037 -0.094798 0.990045 0.307598 -0.094725 0.946790 0.497721 -0.094623 0.862160 0.666100 -0.094498 0.739852 0.805375 -0.094357 0.585207 0.909459 -0.094202 0.404981 0.973800 -0.094042 0.207049 0.995583 -0.093883 0.000058 0.973852 -0.093733 -0.206944 0.909554 -0.093598 -0.404908 0.805497 -0.093484 -0.585180 0.666227 -0.093396 -0.739877 0.497832 -0.093336 -0.862237 0.307673 -0.093309 -0.946906 0.104065 -0.093316 -0.990183 -0.104093 -0.093357 -0.990176 -0.307696 -0.093429 -0.946887 -0.497845 -0.093530 -0.862208 -0.666227 -0.093654 -0.739845 -0.805483 -0.093796 -0.585149 -0.909529 -0.093951 -0.404884 -0.973819 -0.094111 -0.206929 -0.995547 -0.094270 0.000057 -0.973767 -0.094422 0.207033 -0.963775 -0.170687 0.204950 -0.900086 -0.170816 0.400833 -0.797073 -0.170925 0.579189 -0.659238 -0.171009 0.732230 -0.492605 -0.171066 0.853274 -0.304454 -0.171091 0.937036 -0.103003 -0.171084 0.979857 0.102952 -0.171046 0.979869 0.304413 -0.170978 0.937069 0.492583 -0.170881 0.853324 
						0.659238 -0.170762 0.732288 0.797097 -0.170626 0.579244 0.900131 -0.170479 0.400876 0.963833 -0.170326 0.204976 0.985414 -0.170174 0.000101 0.963924 -0.170031 -0.204793 0.900297 -0.169901 -0.400748 0.797310 -0.169792 -0.579196 0.659462 -0.169707 -0.732332 0.492777 -0.169651 -0.853457 0.304545 -0.169626 -0.937272 0.102999 -0.169633 -0.980110 -0.103049 -0.169671 -0.980098 -0.304586 -0.169740 -0.937238 -0.492800 -0.169836 -0.853407 -0.659461 -0.169955 -0.732275 -0.797285 -0.170091 -0.579141 -0.900253 -0.170240 -0.400704 -0.963865 -0.170393 -0.204768 -0.985350 -0.170544 0.000100 -0.963775 -0.170687 0.204950 -0.950945 -0.234084 0.202257 -0.888092 -0.234206 0.395525 -0.786443 -0.234308 0.571495 -0.650442 -0.234389 0.722487 -0.486032 -0.234441 0.841909 -0.300395 -0.234464 0.924548 -0.101635 -0.234457 0.966799 0.101567 -0.234421 0.966815 0.300339 -0.234356 0.924594 0.486001 -0.234267 0.841975 0.650441 -0.234157 0.722563 0.786474 -0.234028 0.571568 0.888151 -0.233888 0.395582 0.951022 -0.233743 0.202291 0.972333 -0.233600 0.000137 0.951143 -0.233466 -0.202043 0.888371 -0.233346 -0.395407 0.786757 -0.233243 -0.571499 0.650737 -0.233164 -0.722617 0.486259 -0.233112 -0.842147 0.300514 -0.233089 -0.924857 0.101629 -0.233096 -0.967129 -0.101697 -0.233133 -0.967113 -0.300569 -0.233197 -0.924812 -0.486290 -0.233286 -0.842081 -0.650738 -0.233398 -0.722541 -0.786726 -0.233526 -0.571427 -0.888313 -0.233665 -0.395349 -0.951066 -0.233808 -0.202010 -0.972249 -0.233950 0.000135 -0.950945 -0.234084 0.202257 -0.935802 -0.290942 0.199068 -0.873940 -0.291055 0.389251 -0.773904 -0.291150 0.562410 -0.640067 -0.291224 0.710987 -0.478280 -0.291271 0.828498 -0.295606 -0.291293 0.909816 -0.100020 -0.291288 0.951392 0.099936 -0.291255 0.951411 0.295537 -0.291194 0.909870 0.478241 -0.291111 0.828577 0.640064 -0.291008 0.711078 0.773938 -0.290889 0.562497 
						0.874007 -0.290760 0.389320 0.935891 -0.290627 0.199108 0.956877 -0.290495 0.000168 0.936036 -0.290369 -0.198803 0.874272 -0.290257 -0.389102 0.774277 -0.290162 -0.562407 0.640419 -0.290088 -0.711134 0.478549 -0.290039 -0.828775 0.295746 -0.290017 -0.910178 0.100010 -0.290024 -0.951779 -0.100094 -0.290058 -0.951760 -0.295815 -0.290118 -0.910124 -0.478589 -0.290202 -0.828695 -0.640422 -0.290306 -0.711043 -0.774242 -0.290424 -0.562320 -0.874204 -0.290551 -0.389033 -0.935946 -0.290684 -0.198764 -0.956779 -0.290817 0.000166 -0.935802 -0.290942 0.199068 -0.917371 -0.346893 0.195179 -0.856719 -0.346995 0.381612 -0.758648 -0.347082 0.551351 -0.627447 -0.347148 0.696993 -0.468850 -0.347192 0.812181 -0.289780 -0.347211 0.891892 -0.098054 -0.347205 0.932649 0.097955 -0.347174 0.932671 0.289699 -0.347121 0.891954 0.468801 -0.347045 0.812271 0.627440 -0.346951 0.697097 0.758684 -0.346842 0.551451 0.856793 -0.346725 0.381690 0.917471 -0.346605 0.195224 0.938055 -0.346486 0.000199 0.917636 -0.346371 -0.194862 0.857095 -0.346269 -0.381427 0.759071 -0.346183 -0.551334 0.627845 -0.346116 -0.697147 0.469153 -0.346072 -0.812483 0.289937 -0.346052 -0.892292 0.098040 -0.346057 -0.933077 -0.098139 -0.346088 -0.933055 -0.290019 -0.346143 -0.892230 -0.469202 -0.346219 -0.812392 -0.627852 -0.346312 -0.697044 -0.759035 -0.346420 -0.551235 -0.857021 -0.346537 -0.381349 -0.917537 -0.346659 -0.194818 -0.937947 -0.346779 0.000197 -0.917371 -0.346893 0.195179 -0.871882 -0.453196 0.185566 -0.814220 -0.453279 0.362744 -0.721003 -0.453349 0.524051 -0.596306 -0.453405 0.662452 -0.445580 -0.453443 0.771912 -0.275403 -0.453461 0.847659 -0.093201 -0.453458 0.886391 0.093074 -0.453435 0.886416 0.275296 -0.453394 0.847730 0.445510 -0.453336 0.772015 0.596284 -0.453262 0.662570 0.721029 -0.453176 0.524164 0.814290 -0.453083 0.362832 0.871980 -0.452987 0.185617 
						0.891565 -0.452892 0.000259 0.872178 -0.452799 -0.185142 0.814653 -0.452716 -0.362477 0.721494 -0.452645 -0.523984 0.596771 -0.452590 -0.662591 0.445933 -0.452553 -0.772230 0.275582 -0.452535 -0.848096 0.093176 -0.452537 -0.886865 -0.093302 -0.452559 -0.886840 -0.275690 -0.452601 -0.848026 -0.446003 -0.452659 -0.772127 -0.596793 -0.452732 -0.662474 -0.721468 -0.452818 -0.523871 -0.814583 -0.452911 -0.362388 -0.872080 -0.453008 -0.185093 -0.891458 -0.453104 0.000257 -0.871882 -0.453196 0.185566 -0.833025 -0.524039 0.177347 -0.777925 -0.524105 0.346622 -0.688857 -0.524161 0.500730 -0.569718 -0.524206 0.632954 -0.425711 -0.524236 0.737527 -0.263127 -0.524253 0.809891 -0.089055 -0.524253 0.846893 0.088910 -0.524237 0.846918 0.263002 -0.524206 0.809962 0.425624 -0.524160 0.737631 0.569679 -0.524103 0.633074 0.688867 -0.524038 0.500846 0.777979 -0.523965 0.346712 0.833109 -0.523889 0.177398 0.851833 -0.523814 0.000301 0.833320 -0.523741 -0.176842 0.778365 -0.523675 -0.346283 0.689362 -0.523619 -0.500603 0.570195 -0.523575 -0.633045 0.426075 -0.523545 -0.737808 0.263307 -0.523530 -0.810300 0.089018 -0.523529 -0.847345 -0.089162 -0.523545 -0.847320 -0.263433 -0.523576 -0.810229 -0.426163 -0.523621 -0.737704 -0.570234 -0.523678 -0.632925 -0.689351 -0.523744 -0.500487 -0.778310 -0.523816 -0.346193 -0.833236 -0.523892 -0.176793 -0.851739 -0.523967 0.000300 -0.833025 -0.524039 0.177347 -0.815122 -0.552679 0.173557 -0.761207 -0.552729 0.339196 -0.674056 -0.552772 0.489991 -0.557479 -0.552806 0.619373 -0.416568 -0.552827 0.721702 -0.257476 -0.552837 0.792513 -0.087146 -0.552835 0.828721 0.086996 -0.552820 0.828747 0.257348 -0.552793 0.792585 0.416477 -0.552756 0.721809 0.557437 -0.552711 0.619496 0.674065 -0.552658 0.490108 0.761260 -0.552602 0.339285 0.815203 -0.552543 0.173609 0.833523 -0.552485 0.000316 0.815406 -0.552429 -0.173019 
						0.761630 -0.552380 -0.338816 0.674538 -0.552338 -0.489818 0.557931 -0.552305 -0.619412 0.416909 -0.552283 -0.721921 0.257642 -0.552273 -0.792852 0.087100 -0.552276 -0.829099 -0.087249 -0.552291 -0.829073 -0.257771 -0.552317 -0.792780 -0.417001 -0.552354 -0.721814 -0.557974 -0.552399 -0.619290 -0.674529 -0.552451 -0.489702 -0.761577 -0.552507 -0.338727 -0.815323 -0.552566 -0.172969 -0.833431 -0.552623 0.000315 -0.815122 -0.552679 0.173557 -0.740319 -0.653494 0.157713 -0.691347 -0.653517 0.308146 -0.612193 -0.653536 0.445095 -0.506318 -0.653552 0.562594 -0.378342 -0.653561 0.655527 -0.233856 -0.653566 0.719835 -0.079166 -0.653564 0.752720 0.078987 -0.653557 0.752744 0.233700 -0.653543 0.719907 0.378221 -0.653527 0.655630 0.506244 -0.653506 0.562714 0.612171 -0.653481 0.445207 0.691368 -0.653454 0.308232 0.740367 -0.653428 0.157762 0.757011 -0.653402 0.000374 0.740562 -0.653377 -0.157054 0.691728 -0.653353 -0.307641 0.612631 -0.653334 -0.444791 0.506725 -0.653318 -0.562499 0.378641 -0.653308 -0.655607 0.233984 -0.653304 -0.720031 0.079088 -0.653308 -0.752950 -0.079265 -0.653315 -0.752925 -0.234143 -0.653327 -0.719959 -0.378763 -0.653344 -0.655500 -0.506798 -0.653365 -0.562379 -0.612653 -0.653389 -0.444679 -0.691707 -0.653415 -0.307555 -0.740515 -0.653442 -0.157008 -0.756954 -0.653468 0.000373 -0.740319 -0.653494 0.157713 -0.726932 -0.669012 0.154896 -0.678818 -0.669055 0.302607 -0.601053 -0.669118 0.437054 -0.497050 -0.669198 0.552373 -0.371360 -0.669292 0.643537 -0.229491 -0.669397 0.706571 -0.077645 -0.669507 0.738736 0.077552 -0.669618 0.738646 0.229327 -0.669722 0.706315 0.371063 -0.669819 0.643160 0.496578 -0.669902 0.551943 0.600405 -0.669967 0.436644 0.678018 -0.670012 0.302285 0.726026 -0.670035 0.154720 0.742328 -0.670037 0.000391 0.726203 -0.670016 -0.153974 0.678343 -0.669973 -0.301641 0.600824 -0.669910 -0.436156 
						0.497014 -0.669829 -0.551639 0.371439 -0.669734 -0.643031 0.229581 -0.669630 -0.706320 0.077644 -0.669521 -0.738724 -0.077734 -0.669411 -0.738814 -0.229749 -0.669306 -0.706573 -0.371739 -0.669208 -0.643406 -0.497484 -0.669124 -0.552072 -0.601470 -0.669059 -0.436570 -0.679144 -0.669014 -0.301966 -0.727110 -0.668990 -0.154153 -0.743272 -0.668989 0.000391 -0.726932 -0.669012 0.154896 -0.814002 -0.554398 0.173332 -0.760122 -0.554511 0.338722 -0.673028 -0.554677 0.489251 -0.556550 -0.554892 0.618342 -0.415801 -0.555141 0.720366 -0.256952 -0.555416 0.790879 -0.086956 -0.555704 0.826820 0.086759 -0.555993 0.826647 0.256614 -0.556271 0.790387 0.415206 -0.556525 0.719641 0.555621 -0.556744 0.617512 0.671752 -0.556919 0.488457 0.758545 -0.557043 0.338101 0.812220 -0.557109 0.172995 0.830437 -0.557112 0.000333 0.812391 -0.557057 -0.172363 0.758854 -0.556945 -0.337568 0.672147 -0.556780 -0.488072 0.556034 -0.556568 -0.617299 0.415562 -0.556318 -0.719596 0.256857 -0.556042 -0.790469 0.086845 -0.555753 -0.826799 -0.087044 -0.555463 -0.826973 -0.257197 -0.555186 -0.790961 -0.416159 -0.554929 -0.720323 -0.556962 -0.554709 -0.618135 -0.673425 -0.554533 -0.488869 -0.760430 -0.554411 -0.338193 -0.814170 -0.554347 -0.172706 -0.832289 -0.554342 0.000332 -0.814002 -0.554398 0.173332 -0.113321 0.992306 0.049869 -0.103480 0.993592 0.045466 -0.110729 0.993587 0.022911 -0.121264 0.992301 0.025174 -0.103480 0.993592 0.045466 0.000140 1.000000 -0.000780 0.000145 1.000000 -0.000745 -0.110729 0.993587 0.022911 0.000140 1.000000 -0.000780 -0.000009 1.000000 -0.000716 -0.000010 1.000000 -0.000717 0.000145 1.000000 -0.000745 -0.100423 0.992307 0.072398 -0.091704 0.993594 0.066043 -0.103480 0.993592 0.045466 -0.113321 0.992306 0.049869 -0.091704 0.993594 0.066043 0.000121 1.000000 -0.000815 0.000140 1.000000 -0.000780 -0.103480 0.993592 0.045466 
						0.000121 1.000000 -0.000815 -0.000008 1.000000 -0.000714 -0.000009 1.000000 -0.000716 0.000140 1.000000 -0.000780 -0.083117 0.992304 0.091779 -0.075899 0.993592 0.083747 -0.091704 0.993594 0.066043 -0.100423 0.992307 0.072398 -0.075899 0.993592 0.083747 0.000100 1.000000 -0.000835 0.000121 1.000000 -0.000815 -0.091704 0.993594 0.066043 0.000100 1.000000 -0.000835 -0.000006 1.000000 -0.000712 -0.000008 1.000000 -0.000714 0.000121 1.000000 -0.000815 -0.062146 0.992298 0.107158 -0.056746 0.993588 0.097794 -0.075899 0.993592 0.083747 -0.083117 0.992304 0.091779 -0.056746 0.993588 0.097794 0.000072 1.000000 -0.000852 0.000100 1.000000 -0.000835 -0.075899 0.993592 0.083747 0.000072 1.000000 -0.000852 -0.000005 1.000000 -0.000711 -0.000006 1.000000 -0.000712 0.000100 1.000000 -0.000835 -0.038411 0.992288 0.117854 -0.035068 0.993580 0.107562 -0.056746 0.993588 0.097794 -0.062146 0.992298 0.107158 -0.035068 0.993580 0.107562 0.000046 1.000000 -0.000862 0.000072 1.000000 -0.000852 -0.056746 0.993588 0.097794 0.000046 1.000000 -0.000862 -0.000003 1.000000 -0.000710 -0.000005 1.000000 -0.000711 0.000072 1.000000 -0.000852 -0.012948 0.992275 0.123384 -0.011810 0.993569 0.112609 -0.035068 0.993580 0.107562 -0.038411 0.992288 0.117854 -0.011810 0.993569 0.112609 0.000024 1.000000 -0.000871 0.000046 1.000000 -0.000862 -0.035068 0.993580 0.107562 0.000024 1.000000 -0.000871 -0.000001 1.000000 -0.000710 -0.000003 1.000000 -0.000710 0.000046 1.000000 -0.000862 0.013127 0.992259 0.123490 0.012003 0.993557 0.112700 -0.011810 0.993569 0.112609 -0.012948 0.992275 0.123384 0.012003 0.993557 0.112700 -0.000012 1.000000 -0.000877 0.000024 1.000000 -0.000871 -0.011810 0.993569 0.112609 -0.000012 1.000000 -0.000877 0.000002 1.000000 -0.000710 -0.000001 1.000000 -0.000710 0.000024 1.000000 -0.000871 
						0.038676 0.992242 0.118156 0.035335 0.993542 0.107822 0.012003 0.993557 0.112700 0.013127 0.992259 0.123490 0.035335 0.993542 0.107822 -0.000049 1.000000 -0.000872 -0.000012 1.000000 -0.000877 0.012003 0.993557 0.112700 -0.000049 1.000000 -0.000872 0.000004 1.000000 -0.000710 0.000002 1.000000 -0.000710 -0.000012 1.000000 -0.000877 0.062570 0.992223 0.107608 0.057151 0.993526 0.098183 0.035335 0.993542 0.107822 0.038676 0.992242 0.118156 0.057151 0.993526 0.098183 -0.000081 1.000000 -0.000855 -0.000049 1.000000 -0.000872 0.035335 0.993542 0.107822 -0.000081 1.000000 -0.000855 0.000005 1.000000 -0.000711 0.000004 1.000000 -0.000710 -0.000049 1.000000 -0.000872 0.083746 0.992203 0.092299 0.076482 0.993510 0.084198 0.057151 0.993526 0.098183 0.062570 0.992223 0.107608 0.076482 0.993510 0.084198 -0.000105 1.000000 -0.000832 -0.000081 1.000000 -0.000855 0.057151 0.993526 0.098183 -0.000105 1.000000 -0.000832 0.000007 1.000000 -0.000712 0.000005 1.000000 -0.000711 -0.000081 1.000000 -0.000855 0.101269 0.992185 0.072894 0.092476 0.993493 0.066475 0.076482 0.993510 0.084198 0.083746 0.992203 0.092299 0.092476 0.993493 0.066475 -0.000121 1.000000 -0.000809 -0.000105 1.000000 -0.000832 0.076482 0.993510 0.084198 -0.000121 1.000000 -0.000809 0.000009 1.000000 -0.000714 0.000007 1.000000 -0.000712 -0.000105 1.000000 -0.000832 0.114357 0.992168 0.050255 0.104419 0.993478 0.045801 0.092476 0.993493 0.066475 0.101269 0.992185 0.072894 0.104419 0.993478 0.045801 -0.000137 1.000000 -0.000782 -0.000121 1.000000 -0.000809 0.092476 0.993493 0.066475 -0.000137 1.000000 -0.000782 0.000010 1.000000 -0.000716 0.000009 1.000000 -0.000714 -0.000121 1.000000 -0.000809 0.122428 0.992153 0.025384 0.111779 0.993465 0.023094 0.104419 0.993478 0.045801 0.114357 0.992168 0.050255 
						0.111779 0.993465 0.023094 -0.000147 1.000000 -0.000752 -0.000137 1.000000 -0.000782 0.104419 0.993478 0.045801 -0.000147 1.000000 -0.000752 0.000010 1.000000 -0.000718 0.000010 1.000000 -0.000716 -0.000137 1.000000 -0.000782 0.125126 0.992141 -0.000621 0.114236 0.993453 -0.000646 0.111779 0.993465 0.023094 0.122428 0.992153 0.025384 0.114236 0.993453 -0.000646 -0.000148 1.000000 -0.000718 -0.000147 1.000000 -0.000752 0.111779 0.993465 0.023094 -0.000148 1.000000 -0.000718 0.000011 1.000000 -0.000720 0.000010 1.000000 -0.000718 -0.000147 1.000000 -0.000752 0.122338 0.992132 -0.026608 0.111685 0.993445 -0.024367 0.114236 0.993453 -0.000646 0.125126 0.992141 -0.000621 0.111685 0.993445 -0.024367 -0.000140 1.000000 -0.000688 -0.000148 1.000000 -0.000718 0.114236 0.993453 -0.000646 -0.000140 1.000000 -0.000688 0.000011 1.000000 -0.000722 0.000011 1.000000 -0.000720 -0.000148 1.000000 -0.000718 0.114195 0.992126 -0.051428 0.104248 0.993439 -0.047021 0.111685 0.993445 -0.024367 0.122338 0.992132 -0.026608 0.104248 0.993439 -0.047021 -0.000129 1.000000 -0.000662 -0.000140 1.000000 -0.000688 0.111685 0.993445 -0.024367 -0.000129 1.000000 -0.000662 0.000010 1.000000 -0.000724 0.000011 1.000000 -0.000722 -0.000140 1.000000 -0.000688 0.101063 0.992125 -0.073987 0.092259 0.993437 -0.067610 0.104248 0.993439 -0.047021 0.114195 0.992126 -0.051428 0.092259 0.993437 -0.067610 -0.000119 1.000000 -0.000636 -0.000129 1.000000 -0.000662 0.104248 0.993439 -0.047021 -0.000119 1.000000 -0.000636 0.000009 1.000000 -0.000726 0.000010 1.000000 -0.000724 -0.000129 1.000000 -0.000662 0.083528 0.992128 -0.093298 0.076252 0.993439 -0.085234 0.092259 0.993437 -0.067610 0.101063 0.992125 -0.073987 0.076252 0.993439 -0.085234 -0.000108 1.000000 -0.000613 -0.000119 1.000000 -0.000636 0.092259 0.993437 -0.067610 
						-0.000108 1.000000 -0.000613 0.000007 1.000000 -0.000727 0.000009 1.000000 -0.000726 -0.000119 1.000000 -0.000636 0.062377 0.992135 -0.108521 0.056947 0.993444 -0.099128 0.076252 0.993439 -0.085234 0.083528 0.992128 -0.093298 0.056947 0.993444 -0.099128 -0.000079 1.000000 -0.000588 -0.000108 1.000000 -0.000613 0.076252 0.993439 -0.085234 -0.000079 1.000000 -0.000588 0.000005 1.000000 -0.000729 0.000007 1.000000 -0.000727 -0.000108 1.000000 -0.000613 0.038548 0.992145 -0.119003 0.035199 0.993452 -0.108697 0.056947 0.993444 -0.099128 0.062377 0.992135 -0.108521 0.035199 0.993452 -0.108697 -0.000039 1.000000 -0.000575 -0.000079 1.000000 -0.000588 0.056947 0.993444 -0.099128 -0.000039 1.000000 -0.000575 0.000004 1.000000 -0.000729 0.000005 1.000000 -0.000729 -0.000079 1.000000 -0.000588 0.013082 0.992158 -0.124300 0.011956 0.993462 -0.113535 0.035199 0.993452 -0.108697 0.038548 0.992145 -0.119003 0.011956 0.993462 -0.113535 -0.000012 1.000000 -0.000572 -0.000039 1.000000 -0.000575 0.035199 0.993452 -0.108697 -0.000012 1.000000 -0.000572 0.000002 1.000000 -0.000730 0.000004 1.000000 -0.000729 -0.000039 1.000000 -0.000575 -0.012905 0.992174 -0.124193 -0.011764 0.993475 -0.113443 0.011956 0.993462 -0.113535 0.013082 0.992158 -0.124300 -0.011764 0.993475 -0.113443 0.000016 1.000000 -0.000573 -0.000012 1.000000 -0.000572 0.011956 0.993462 -0.113535 0.000016 1.000000 -0.000573 -0.000001 1.000000 -0.000730 0.000002 1.000000 -0.000730 -0.000012 1.000000 -0.000572 -0.038283 0.992192 -0.118699 -0.034932 0.993490 -0.108433 -0.011764 0.993475 -0.113443 -0.012905 0.992174 -0.124193 -0.034932 0.993490 -0.108433 0.000045 1.000000 -0.000582 0.000016 1.000000 -0.000573 -0.011764 0.993475 -0.113443 0.000045 1.000000 -0.000582 -0.000003 1.000000 -0.000730 -0.000001 1.000000 -0.000730 0.000016 1.000000 -0.000573 
						-0.061955 0.992211 -0.108072 -0.056543 0.993506 -0.098738 -0.034932 0.993490 -0.108433 -0.038283 0.992192 -0.118699 -0.056543 0.993506 -0.098738 0.000070 1.000000 -0.000597 0.000045 1.000000 -0.000582 -0.034932 0.993490 -0.108433 0.000070 1.000000 -0.000597 -0.000005 1.000000 -0.000729 -0.000003 1.000000 -0.000730 0.000045 1.000000 -0.000582 -0.082897 0.992230 -0.092782 -0.075667 0.993522 -0.084785 -0.056543 0.993506 -0.098738 -0.061955 0.992211 -0.108072 -0.075667 0.993522 -0.084785 0.000095 1.000000 -0.000621 0.000070 1.000000 -0.000597 -0.056543 0.993506 -0.098738 0.000095 1.000000 -0.000621 -0.000007 1.000000 -0.000728 -0.000005 1.000000 -0.000729 0.000070 1.000000 -0.000597 -0.100214 0.992248 -0.073491 -0.091483 0.993538 -0.067178 -0.075667 0.993522 -0.084785 -0.082897 0.992230 -0.092782 -0.091483 0.993538 -0.067178 0.000110 1.000000 -0.000637 0.000095 1.000000 -0.000621 -0.075667 0.993522 -0.084785 0.000110 1.000000 -0.000637 -0.000008 1.000000 -0.000726 -0.000007 1.000000 -0.000728 0.000095 1.000000 -0.000621 -0.113160 0.992265 -0.051038 -0.103310 0.993553 -0.046681 -0.091483 0.993538 -0.067178 -0.100214 0.992248 -0.073491 -0.103310 0.993553 -0.046681 0.000129 1.000000 -0.000652 0.000110 1.000000 -0.000637 -0.091483 0.993538 -0.067178 0.000129 1.000000 -0.000652 -0.000009 1.000000 -0.000724 -0.000008 1.000000 -0.000726 0.000110 1.000000 -0.000637 -0.121176 0.992280 -0.026399 -0.110637 0.993567 -0.024185 -0.103310 0.993553 -0.046681 -0.113160 0.992265 -0.051038 -0.110637 0.993567 -0.024185 0.000149 1.000000 -0.000692 0.000129 1.000000 -0.000652 -0.103310 0.993553 -0.046681 0.000149 1.000000 -0.000692 -0.000010 1.000000 -0.000722 -0.000009 1.000000 -0.000724 0.000129 1.000000 -0.000652 -0.123919 0.992292 -0.000624 -0.113151 0.993578 -0.000649 -0.110637 0.993567 -0.024185 -0.121176 0.992280 -0.026399 
						-0.113151 0.993578 -0.000649 0.000147 1.000000 -0.000727 0.000149 1.000000 -0.000692 -0.110637 0.993567 -0.024185 0.000147 1.000000 -0.000727 -0.000010 1.000000 -0.000720 -0.000010 1.000000 -0.000722 0.000149 1.000000 -0.000692 -0.121264 0.992301 0.025174 -0.110729 0.993587 0.022911 -0.113151 0.993578 -0.000649 -0.123919 0.992292 -0.000624 -0.110729 0.993587 0.022911 0.000145 1.000000 -0.000745 0.000147 1.000000 -0.000727 -0.113151 0.993578 -0.000649 0.000145 1.000000 -0.000745 -0.000010 1.000000 -0.000717 -0.000010 1.000000 -0.000720 0.000147 1.000000 -0.000727 -0.000010 1.000000 -0.000720 -0.000010 1.000000 -0.000717 -0.000009 1.000000 -0.000716 -0.000008 1.000000 -0.000714 -0.000006 1.000000 -0.000712 -0.000005 1.000000 -0.000711 -0.000003 1.000000 -0.000710 -0.000001 1.000000 -0.000710 0.000002 1.000000 -0.000710 0.000004 1.000000 -0.000710 0.000005 1.000000 -0.000711 0.000007 1.000000 -0.000712 0.000009 1.000000 -0.000714 0.000010 1.000000 -0.000716 0.000010 1.000000 -0.000718 0.000011 1.000000 -0.000720 0.000011 1.000000 -0.000722 0.000010 1.000000 -0.000724 0.000009 1.000000 -0.000726 0.000007 1.000000 -0.000727 0.000005 1.000000 -0.000729 0.000004 1.000000 -0.000729 0.000002 1.000000 -0.000730 -0.000001 1.000000 -0.000730 -0.000003 1.000000 -0.000730 -0.000005 1.000000 -0.000729 -0.000007 1.000000 -0.000728 -0.000008 1.000000 -0.000726 -0.000009 1.000000 -0.000724 -0.000010 1.000000 -0.000722 -0.976155 -0.063444 0.207598 -0.978109 0.010778 0.207813 -0.913527 0.010640 0.406639 -0.911659 -0.063533 0.406007 -0.809016 0.010512 0.587693 -0.807329 -0.063622 0.586662 -0.669139 0.010399 0.743065 -0.667719 -0.063712 0.741682 -0.500011 0.010306 0.865957 -0.498939 -0.063796 0.864286 -0.309034 0.010238 0.950996 -0.308366 -0.063871 0.949121 -0.104540 0.010197 0.994468 -0.104317 -0.063935 0.992487 
						0.104533 0.010186 0.994469 0.104294 -0.063983 0.992486 0.309028 0.010205 0.950998 0.308342 -0.064015 0.949119 0.500008 0.010251 0.865960 0.498914 -0.064028 0.864283 0.669136 0.010326 0.743068 0.667695 -0.064024 0.741677 0.809015 0.010423 0.587696 0.807301 -0.063999 0.586660 0.913527 0.010540 0.406642 0.911630 -0.063957 0.406005 0.978109 0.010672 0.207818 0.976124 -0.063901 0.207601 0.999942 0.010811 -0.000088 0.997961 -0.063829 0.000116 0.978071 0.010953 -0.207983 0.976181 -0.063749 -0.207379 0.913456 0.011091 -0.406787 0.911733 -0.063661 -0.405820 0.808922 0.011219 -0.587809 0.807432 -0.063570 -0.586526 0.669043 0.011333 -0.743137 0.667835 -0.063482 -0.741597 0.499928 0.011426 -0.865991 0.499037 -0.063397 -0.864259 0.308965 0.011493 -0.951004 0.308418 -0.063322 -0.949141 0.104505 0.011533 -0.994457 0.104317 -0.063258 -0.992530 -0.104515 0.011545 -0.994456 -0.104341 -0.063210 -0.992531 -0.308974 0.011527 -0.951001 -0.308443 -0.063177 -0.949143 -0.499935 0.011481 -0.865987 -0.499061 -0.063165 -0.864262 -0.669047 0.011406 -0.743132 -0.667859 -0.063169 -0.741603 -0.808927 0.011308 -0.587800 -0.807460 -0.063194 -0.586527 -0.913458 0.011191 -0.406779 -0.911763 -0.063236 -0.405820 -0.978070 0.011060 -0.207982 -0.976211 -0.063292 -0.207381 -0.999940 0.010920 -0.000090 -0.997990 -0.063364 0.000112 -0.978109 0.010778 0.207813 -0.976155 -0.063444 0.207598 -0.892699 -0.408676 0.189929 -0.833719 -0.408657 0.371365 -0.738293 -0.408695 0.536556 -0.610600 -0.408789 0.678276 -0.456238 -0.408935 0.790328 -0.281963 -0.409125 0.867821 -0.095403 -0.409351 0.907375 0.095286 -0.409604 0.907273 0.281763 -0.409874 0.867533 0.455885 -0.410147 0.789904 0.610054 -0.410411 0.677788 0.737542 -0.410656 0.536090 0.832791 -0.410872 0.371002 0.891651 -0.411047 0.189735 0.911556 -0.411175 0.000197 0.891641 -0.411250 -0.189339 
						0.832774 -0.411268 -0.370602 0.737519 -0.411231 -0.535681 0.610032 -0.411138 -0.677368 0.455866 -0.410993 -0.789475 0.281747 -0.410802 -0.867099 0.095276 -0.410577 -0.906835 -0.095397 -0.410323 -0.906937 -0.281948 -0.410053 -0.867388 -0.456215 -0.409780 -0.789904 -0.610578 -0.409514 -0.677859 -0.738271 -0.409270 -0.536147 -0.833701 -0.409053 -0.370968 -0.892689 -0.408878 -0.189539 -0.912646 -0.408750 0.000194 -0.892699 -0.408676 0.189929 0.544533 -0.830715 -0.115743 0.508569 -0.830715 -0.226430 0.633765 -0.720224 -0.282170 0.678582 -0.720224 -0.144235 0.450379 -0.830715 -0.327219 0.561249 -0.720224 -0.407771 0.372504 -0.830715 -0.413708 0.464204 -0.720224 -0.515551 0.278349 -0.830715 -0.482115 0.346871 -0.720224 -0.600798 0.172029 -0.830715 -0.529452 0.214378 -0.720224 -0.659788 0.058191 -0.830714 -0.553649 0.072516 -0.720224 -0.689942 -0.058191 -0.830715 -0.553649 -0.072516 -0.720224 -0.689942 -0.172029 -0.830715 -0.529452 -0.214378 -0.720224 -0.659788 -0.278349 -0.830715 -0.482115 -0.346871 -0.720224 -0.600798 -0.372504 -0.830715 -0.413708 -0.464204 -0.720224 -0.515551 -0.450378 -0.830715 -0.327219 -0.561249 -0.720224 -0.407771 -0.508569 -0.830715 -0.226430 -0.633765 -0.720224 -0.282170 -0.544533 -0.830715 -0.115744 -0.678582 -0.720224 -0.144237 -0.556698 -0.830715 0.000000 -0.693742 -0.720224 0.000000 -0.544533 -0.830715 0.115744 -0.678582 -0.720224 0.144237 -0.508570 -0.830714 0.226430 -0.633765 -0.720223 0.282170 -0.450379 -0.830714 0.327219 -0.561249 -0.720224 0.407771 -0.372504 -0.830715 0.413708 -0.464204 -0.720224 0.515551 -0.278349 -0.830715 0.482115 -0.346871 -0.720224 0.600798 -0.172029 -0.830715 0.529452 -0.214378 -0.720223 0.659788 -0.058191 -0.830715 0.553649 -0.072516 -0.720224 0.689942 0.058191 -0.830715 0.553649 0.072516 -0.720224 0.689942 0.172029 -0.830715 0.529452 0.214378 -0.720224 0.659788 0.278349 -0.830715 0.482115 
						0.346871 -0.720224 0.600798 0.372504 -0.830715 0.413708 0.464204 -0.720224 0.515551 0.450379 -0.830714 0.327219 0.561249 -0.720223 0.407771 0.508570 -0.830714 0.226430 0.633765 -0.720223 0.282170 0.544533 -0.830715 0.115744 0.678582 -0.720223 0.144237 0.556699 -0.830714 0.000001 0.693742 -0.720224 0.000002 0.544533 -0.830715 -0.115743 0.678582 -0.720224 -0.144235 0.741239 -0.584510 -0.330021 0.793657 -0.584509 -0.168695 0.656426 -0.584509 -0.476921 0.542924 -0.584509 -0.602978 0.405694 -0.584510 -0.702681 0.250732 -0.584510 -0.771675 0.084813 -0.584510 -0.806942 -0.084813 -0.584509 -0.806942 -0.250732 -0.584509 -0.771675 -0.405693 -0.584509 -0.702682 -0.542924 -0.584509 -0.602978 -0.656426 -0.584509 -0.476921 -0.741239 -0.584509 -0.330021 -0.793656 -0.584509 -0.168697 -0.811387 -0.584509 0.000000 -0.793656 -0.584509 0.168697 -0.741239 -0.584509 0.330021 -0.656426 -0.584509 0.476921 -0.542924 -0.584509 0.602978 -0.405693 -0.584509 0.702682 -0.250732 -0.584509 0.771675 -0.084813 -0.584509 0.806942 0.084813 -0.584509 0.806942 0.250732 -0.584509 0.771675 0.405694 -0.584509 0.702682 0.542924 -0.584509 0.602978 0.656426 -0.584509 0.476921 0.741239 -0.584509 0.330021 0.793656 -0.584509 0.168697 0.811387 -0.584509 0.000002 0.793657 -0.584509 -0.168695 0.792670 -0.497114 -0.352920 0.848725 -0.497114 -0.180400 0.701972 -0.497114 -0.510013 0.580595 -0.497114 -0.644816 0.433843 -0.497114 -0.751437 0.268130 -0.497114 -0.825218 0.090698 -0.497114 -0.862932 -0.090698 -0.497114 -0.862932 -0.268129 -0.497114 -0.825218 -0.433843 -0.497114 -0.751437 -0.580595 -0.497114 -0.644816 -0.701972 -0.497114 -0.510013 -0.792670 -0.497113 -0.352920 -0.848725 -0.497113 -0.180402 -0.867685 -0.497114 0.000000 -0.848724 -0.497114 0.180402 -0.792670 -0.497114 0.352919 -0.701972 -0.497114 0.510013 -0.580595 -0.497114 0.644816 -0.433843 -0.497114 0.751438 
						-0.268129 -0.497114 0.825218 -0.090698 -0.497114 0.862932 0.090698 -0.497114 0.862932 0.268129 -0.497114 0.825218 0.433843 -0.497114 0.751438 0.580595 -0.497114 0.644816 0.701972 -0.497114 0.510013 0.792670 -0.497114 0.352920 0.848724 -0.497114 0.180402 0.867685 -0.497114 0.000002 0.848725 -0.497114 -0.180400 0.835544 -0.404321 -0.372008 0.894631 -0.404321 -0.190157 0.739941 -0.404321 -0.537598 0.611998 -0.404321 -0.679693 0.457309 -0.404321 -0.792082 0.282632 -0.404321 -0.869852 0.095604 -0.404321 -0.909607 -0.095603 -0.404321 -0.909607 -0.282632 -0.404321 -0.869852 -0.457309 -0.404321 -0.792082 -0.611998 -0.404321 -0.679693 -0.739941 -0.404321 -0.537598 -0.835544 -0.404321 -0.372008 -0.894631 -0.404321 -0.190160 -0.914617 -0.404321 0.000000 -0.894630 -0.404321 0.190160 -0.835544 -0.404321 0.372008 -0.739941 -0.404321 0.537598 -0.611998 -0.404321 0.679693 -0.457309 -0.404321 0.792082 -0.282632 -0.404321 0.869853 -0.095603 -0.404321 0.909607 0.095603 -0.404321 0.909607 0.282632 -0.404321 0.869853 0.457309 -0.404321 0.792082 0.611998 -0.404321 0.679693 0.739941 -0.404321 0.537598 0.835544 -0.404321 0.372008 0.894631 -0.404321 0.190159 0.914617 -0.404321 0.000002 0.894631 -0.404321 -0.190157 0.869388 -0.307141 -0.387077 0.930868 -0.307142 -0.197860 0.769912 -0.307141 -0.559374 0.636787 -0.307141 -0.707224 0.475832 -0.307142 -0.824165 0.294080 -0.307142 -0.905086 0.099476 -0.307142 -0.946450 -0.099476 -0.307141 -0.946451 -0.294080 -0.307141 -0.905086 -0.475832 -0.307141 -0.824165 -0.636787 -0.307141 -0.707224 -0.769912 -0.307141 -0.559374 -0.869388 -0.307142 -0.387076 -0.930868 -0.307141 -0.197862 -0.951664 -0.307141 0.000000 -0.930868 -0.307141 0.197862 -0.869388 -0.307141 0.387077 -0.769912 -0.307141 0.559374 -0.636787 -0.307141 0.707224 -0.475832 -0.307141 0.824165 -0.294080 -0.307141 0.905086 -0.099476 -0.307141 0.946451 
						0.099476 -0.307141 0.946451 0.294080 -0.307141 0.905086 0.475832 -0.307141 0.824165 0.636788 -0.307141 0.707224 0.769912 -0.307141 0.559374 0.869388 -0.307141 0.387077 0.930868 -0.307141 0.197862 0.951664 -0.307141 0.000002 0.930868 -0.307142 -0.197860 0.893830 -0.206630 -0.397959 0.957039 -0.206630 -0.203423 0.791558 -0.206630 -0.575100 0.654690 -0.206630 -0.727107 0.489210 -0.206630 -0.847336 0.302348 -0.206630 -0.930532 0.102273 -0.206630 -0.973059 -0.102273 -0.206630 -0.973059 -0.302348 -0.206630 -0.930532 -0.489210 -0.206630 -0.847336 -0.654690 -0.206630 -0.727107 -0.791558 -0.206630 -0.575100 -0.893830 -0.206630 -0.397959 -0.957038 -0.206630 -0.203425 -0.978419 -0.206630 0.000000 -0.957038 -0.206630 0.203425 -0.893830 -0.206630 0.397959 -0.791558 -0.206630 0.575100 -0.654690 -0.206630 0.727107 -0.489210 -0.206630 0.847336 -0.302348 -0.206630 0.930532 -0.102273 -0.206630 0.973059 0.102273 -0.206630 0.973059 0.302348 -0.206630 0.930532 0.489210 -0.206630 0.847336 0.654690 -0.206630 0.727107 0.791558 -0.206630 0.575100 0.893830 -0.206630 0.397959 0.957038 -0.206630 0.203425 0.978419 -0.206630 0.000002 0.957039 -0.206630 -0.203423 0.908603 -0.103878 -0.404536 0.972856 -0.103878 -0.206785 0.804640 -0.103878 -0.584605 0.665511 -0.103878 -0.739124 0.497295 -0.103878 -0.861340 0.307345 -0.103878 -0.945911 0.103963 -0.103878 -0.989142 -0.103963 -0.103878 -0.989142 -0.307345 -0.103878 -0.945911 -0.497295 -0.103878 -0.861340 -0.665511 -0.103878 -0.739124 -0.804640 -0.103878 -0.584605 -0.908603 -0.103878 -0.404536 -0.972856 -0.103878 -0.206787 -0.994590 -0.103878 0.000000 -0.972856 -0.103878 0.206787 -0.908603 -0.103878 0.404536 -0.804640 -0.103878 0.584605 -0.665511 -0.103878 0.739124 -0.497295 -0.103878 0.861340 -0.307345 -0.103878 0.945911 -0.103963 -0.103878 0.989142 0.103963 -0.103878 0.989142 0.307346 -0.103878 0.945911 
						0.497295 -0.103878 0.861340 0.665510 -0.103878 0.739125 0.804640 -0.103878 0.584605 0.908603 -0.103878 0.404536 0.972856 -0.103878 0.206787 0.994590 -0.103878 0.000002 0.972856 -0.103878 -0.206785 0.913545 0.000002 -0.406737 0.978148 0.000002 -0.207909 0.809017 0.000002 -0.587785 0.669131 0.000002 -0.743145 0.500000 0.000002 -0.866025 0.309017 0.000002 -0.951057 0.104529 0.000002 -0.994522 -0.104528 0.000002 -0.994522 -0.309017 0.000002 -0.951056 -0.500000 0.000002 -0.866025 -0.669130 0.000002 -0.743145 -0.809017 0.000002 -0.587785 -0.913545 0.000002 -0.406737 -0.978148 0.000002 -0.207912 -1.000000 0.000002 0.000000 -0.978148 0.000002 0.207912 -0.913545 0.000002 0.406737 -0.809017 0.000002 0.587785 -0.669130 0.000002 0.743145 -0.500000 0.000002 0.866026 -0.309017 0.000002 0.951056 -0.104529 0.000002 0.994522 0.104529 0.000002 0.994522 0.309017 0.000002 0.951056 0.500000 0.000002 0.866025 0.669131 0.000002 0.743145 0.809017 0.000002 0.587785 0.913546 0.000002 0.406736 0.978148 0.000002 0.207911 1.000000 0.000002 0.000002 0.978148 0.000002 -0.207909 0.909274 0.096589 -0.404835 0.973575 0.096589 -0.206937 0.805234 0.096589 -0.585037 0.666002 0.096589 -0.739670 0.497662 0.096589 -0.861976 0.307572 0.096589 -0.946610 0.104040 0.096589 -0.989872 -0.104040 0.096589 -0.989872 -0.307572 0.096589 -0.946610 -0.497662 0.096589 -0.861976 -0.666002 0.096589 -0.739670 -0.805234 0.096589 -0.585037 -0.909274 0.096589 -0.404835 -0.973574 0.096589 -0.206940 -0.995324 0.096589 0.000000 -0.973574 0.096589 0.206940 -0.909274 0.096589 0.404835 -0.805234 0.096589 0.585037 -0.666002 0.096589 0.739670 -0.497662 0.096589 0.861976 -0.307572 0.096589 0.946610 -0.104040 0.096589 0.989872 0.104040 0.096589 0.989872 0.307572 0.096589 0.946610 0.497662 0.096589 0.861976 0.666002 0.096589 0.739670 
						0.805234 0.096589 0.585037 0.909274 0.096589 0.404835 0.973574 0.096589 0.206939 0.995324 0.096589 0.000002 0.973575 0.096589 -0.206937 0.899478 0.174815 -0.400474 0.963086 0.174815 -0.204708 0.796559 0.174815 -0.578734 0.658827 0.174815 -0.731701 0.492301 0.174815 -0.852690 0.304259 0.174815 -0.936411 0.102919 0.174815 -0.979208 -0.102919 0.174815 -0.979208 -0.304259 0.174815 -0.936411 -0.492301 0.174815 -0.852690 -0.658827 0.174815 -0.731701 -0.796559 0.174815 -0.578734 -0.899478 0.174815 -0.400473 -0.963085 0.174815 -0.204710 -0.984601 0.174815 0.000000 -0.963085 0.174815 0.204710 -0.899478 0.174814 0.400473 -0.796559 0.174814 0.578734 -0.658827 0.174815 0.731701 -0.492301 0.174815 0.852690 -0.304258 0.174814 0.936412 -0.102919 0.174815 0.979208 0.102919 0.174815 0.979208 0.304259 0.174815 0.936411 0.492301 0.174815 0.852690 0.658827 0.174815 0.731701 0.796559 0.174815 0.578734 0.899478 0.174815 0.400473 0.963085 0.174815 0.204710 0.984601 0.174815 0.000002 0.963086 0.174815 -0.204708 0.886907 0.239725 -0.394877 0.949626 0.239725 -0.201847 0.785427 0.239725 -0.570646 0.649619 0.239725 -0.721475 0.485420 0.239725 -0.840773 0.300006 0.239725 -0.923325 0.101481 0.239725 -0.965522 -0.101480 0.239725 -0.965523 -0.300006 0.239725 -0.923325 -0.485421 0.239725 -0.840773 -0.649620 0.239725 -0.721475 -0.785427 0.239725 -0.570646 -0.886907 0.239725 -0.394876 -0.949626 0.239725 -0.201849 -0.970841 0.239725 0.000000 -0.949626 0.239725 0.201849 -0.886907 0.239725 0.394877 -0.785427 0.239725 0.570646 -0.649619 0.239725 0.721475 -0.485420 0.239725 0.840773 -0.300006 0.239725 0.923325 -0.101480 0.239725 0.965523 0.101481 0.239725 0.965522 0.300007 0.239725 0.923324 0.485420 0.239725 0.840773 0.649619 0.239725 0.721475 0.785427 0.239725 0.570646 0.886907 0.239725 0.394877 
						0.949626 0.239725 0.201849 0.970841 0.239725 0.000002 0.949626 0.239725 -0.201847 0.872093 0.297811 -0.388281 0.933764 0.297811 -0.198476 0.772308 0.297811 -0.561114 0.638769 0.297811 -0.709425 0.477312 0.297811 -0.826729 0.294995 0.297811 -0.907902 0.099786 0.297811 -0.949395 -0.099785 0.297811 -0.949395 -0.294995 0.297811 -0.907902 -0.477313 0.297811 -0.826729 -0.638769 0.297811 -0.709424 -0.772308 0.297811 -0.561114 -0.872093 0.297810 -0.388281 -0.933764 0.297811 -0.198478 -0.954625 0.297811 0.000000 -0.933764 0.297811 0.198478 -0.872093 0.297811 0.388281 -0.772308 0.297811 0.561115 -0.638769 0.297811 0.709425 -0.477312 0.297811 0.826730 -0.294995 0.297811 0.907902 -0.099785 0.297811 0.949395 0.099786 0.297810 0.949396 0.294995 0.297810 0.907903 0.477313 0.297810 0.826729 0.638769 0.297810 0.709424 0.772308 0.297810 0.561114 0.872093 0.297811 0.388281 0.933764 0.297811 0.198477 0.954625 0.297811 0.000002 0.933764 0.297811 -0.198476 0.854105 0.354820 -0.380272 0.914505 0.354820 -0.194382 0.756378 0.354820 -0.549541 0.625593 0.354820 -0.694792 0.467468 0.354820 -0.809677 0.288911 0.354820 -0.889176 0.097727 0.354820 -0.929813 -0.097727 0.354820 -0.929813 -0.288910 0.354820 -0.889176 -0.467467 0.354820 -0.809677 -0.625594 0.354820 -0.694792 -0.756378 0.354820 -0.549541 -0.854106 0.354819 -0.380272 -0.914504 0.354819 -0.194384 -0.934935 0.354819 0.000000 -0.914504 0.354820 0.194384 -0.854105 0.354820 0.380272 -0.756378 0.354820 0.549541 -0.625594 0.354819 0.694792 -0.467467 0.354819 0.809677 -0.288910 0.354820 0.889176 -0.097727 0.354819 0.929813 0.097727 0.354820 0.929813 0.288911 0.354819 0.889176 0.467468 0.354819 0.809677 0.625594 0.354819 0.694792 0.756378 0.354820 0.549541 0.854105 0.354820 0.380272 0.914504 0.354819 0.194384 0.934935 0.354819 0.000002 
						0.914505 0.354820 -0.194382 0.830682 0.416153 -0.369843 0.889425 0.416153 -0.189051 0.735635 0.416153 -0.534470 0.608437 0.416153 -0.675738 0.454648 0.416153 -0.787472 0.280988 0.416153 -0.864790 0.095047 0.416153 -0.904313 -0.095047 0.416153 -0.904313 -0.280987 0.416153 -0.864791 -0.454647 0.416153 -0.787472 -0.608437 0.416153 -0.675738 -0.735635 0.416153 -0.534470 -0.830682 0.416152 -0.369844 -0.889425 0.416152 -0.189053 -0.909295 0.416152 0.000000 -0.889424 0.416153 0.189053 -0.830682 0.416153 0.369844 -0.735635 0.416153 0.534470 -0.608437 0.416153 0.675738 -0.454647 0.416153 0.787472 -0.280987 0.416153 0.864791 -0.095047 0.416152 0.904314 0.095047 0.416152 0.904314 0.280988 0.416153 0.864790 0.454647 0.416153 0.787472 0.608437 0.416152 0.675738 0.735635 0.416152 0.534470 0.830682 0.416152 0.369844 0.889425 0.416152 0.189053 0.909295 0.416152 0.000002 0.889425 0.416153 -0.189051 0.797853 0.487077 -0.355227 0.854275 0.487077 -0.181579 0.706562 0.487076 -0.513348 0.584391 0.487076 -0.649033 0.436680 0.487076 -0.756351 0.269883 0.487076 -0.830614 0.091291 0.487076 -0.868575 -0.091291 0.487076 -0.868575 -0.269883 0.487076 -0.830614 -0.436680 0.487076 -0.756351 -0.584392 0.487076 -0.649032 -0.706563 0.487076 -0.513348 -0.797853 0.487077 -0.355227 -0.854275 0.487076 -0.181581 -0.873359 0.487076 0.000000 -0.854274 0.487076 0.181582 -0.797854 0.487076 0.355227 -0.706563 0.487076 0.513348 -0.584392 0.487076 0.649032 -0.436680 0.487076 0.756351 -0.269883 0.487076 0.830614 -0.091291 0.487076 0.868575 0.091291 0.487076 0.868575 0.269883 0.487076 0.830614 0.436680 0.487076 0.756351 0.584392 0.487076 0.649032 0.706563 0.487076 0.513348 0.797854 0.487076 0.355227 0.854275 0.487076 0.181581 0.873359 0.487076 0.000002 0.854275 0.487077 -0.181579 0.749010 0.572516 -0.333481 
						0.801977 0.572516 -0.170464 0.663308 0.572516 -0.481921 0.548616 0.572516 -0.609300 0.409947 0.572516 -0.710049 0.253361 0.572516 -0.779765 0.085702 0.572516 -0.815402 -0.085702 0.572516 -0.815402 -0.253361 0.572516 -0.779765 -0.409947 0.572516 -0.710048 -0.548616 0.572516 -0.609299 -0.663308 0.572516 -0.481921 -0.749010 0.572516 -0.333481 -0.801977 0.572516 -0.170465 -0.819893 0.572516 0.000000 -0.801977 0.572516 0.170465 -0.749010 0.572516 0.333481 -0.663308 0.572516 0.481921 -0.548616 0.572516 0.609300 -0.409947 0.572516 0.710048 -0.253361 0.572516 0.779765 -0.085702 0.572516 0.815402 0.085702 0.572516 0.815402 0.253361 0.572516 0.779765 0.409947 0.572516 0.710049 0.548616 0.572516 0.609300 0.663308 0.572516 0.481921 0.749010 0.572516 0.333481 0.801977 0.572516 0.170465 0.819893 0.572516 0.000002 0.801977 0.572516 -0.170464 0.675934 0.672715 -0.300945 0.723733 0.672715 -0.153833 0.598593 0.672715 -0.434903 0.495091 0.672715 -0.549854 0.369951 0.672715 -0.640774 0.228643 0.672715 -0.703688 0.077341 0.672715 -0.735848 -0.077341 0.672715 -0.735848 -0.228642 0.672715 -0.703688 -0.369951 0.672715 -0.640774 -0.495091 0.672715 -0.549854 -0.598593 0.672715 -0.434903 -0.675934 0.672715 -0.300945 -0.723733 0.672715 -0.153834 -0.739902 0.672715 0.000000 -0.723733 0.672715 0.153834 -0.675934 0.672715 0.300945 -0.598593 0.672715 0.434903 -0.495091 0.672715 0.549855 -0.369951 0.672715 0.640774 -0.228642 0.672715 0.703689 -0.077341 0.672715 0.735849 0.077341 0.672715 0.735848 0.228643 0.672715 0.703688 0.369951 0.672715 0.640774 0.495091 0.672715 0.549854 0.598593 0.672715 0.434904 0.675934 0.672715 0.300945 0.723733 0.672715 0.153834 0.739902 0.672715 0.000002 0.723733 0.672715 -0.153833 0.662861 0.688118 -0.295143 0.709764 0.688094 -0.150869 0.586970 0.688164 -0.426493 
						0.485421 0.688231 -0.539171 0.362667 0.688315 -0.628248 0.224087 0.688414 -0.689834 0.075752 0.688522 -0.721248 -0.075850 0.688635 -0.721130 -0.224089 0.688748 -0.689500 -0.362493 0.688856 -0.627755 -0.485023 0.688954 -0.538605 -0.586336 0.689039 -0.425952 -0.662022 0.689105 -0.294721 -0.708786 0.689152 -0.150639 -0.724595 0.689175 0.000006 -0.708762 0.689175 0.150645 -0.661978 0.689151 0.294713 -0.586280 0.689105 0.425923 -0.484963 0.689038 0.538551 -0.362441 0.688954 0.627678 -0.224054 0.688855 0.689404 -0.075837 0.688748 0.721024 0.075739 0.688635 0.721142 0.224052 0.688522 0.689738 0.362615 0.688414 0.628170 0.485362 0.688315 0.539116 0.586913 0.688231 0.426464 0.662816 0.688164 0.295135 0.709740 0.688118 0.150877 0.725622 0.688094 0.000008 0.709764 0.688094 -0.150869 0.747784 0.574435 -0.332932 0.800707 0.574371 -0.170193 0.662153 0.574560 -0.481076 0.547578 0.574741 -0.608138 0.409093 0.574969 -0.708557 0.252781 0.575235 -0.777950 0.085491 0.575527 -0.813302 -0.085451 0.575832 -0.813090 -0.252568 0.576137 -0.777351 -0.408566 0.576429 -0.707675 -0.546648 0.576694 -0.607125 -0.660802 0.576921 -0.480108 -0.746066 0.577101 -0.332175 -0.798740 0.577226 -0.169780 -0.816540 0.577289 -0.000001 -0.798696 0.577289 0.169769 -0.745986 0.577225 0.332138 -0.660699 0.577101 0.480032 -0.546542 0.576921 0.607004 -0.408474 0.576694 0.707512 -0.252504 0.576429 0.777156 -0.085427 0.576137 0.812876 0.085468 0.575832 0.813088 0.252717 0.575527 0.777755 0.409001 0.575235 0.708394 0.547472 0.574969 0.608017 0.662051 0.574741 0.481000 0.747705 0.574560 0.332894 0.800664 0.574435 0.170183 0.818595 0.574371 0.000001 0.800707 0.574371 -0.170193 0.462784 -0.862194 -0.206039 0.495511 -0.862192 -0.105328 0.507247 -0.855028 -0.107831 0.473746 -0.855032 -0.210913 0.473746 -0.855032 -0.210913 
						0.507247 -0.855028 -0.107831 0.044990 -0.998942 -0.009564 0.042060 -0.998939 -0.018734 0.042060 -0.998939 -0.018734 0.044990 -0.998942 -0.009564 -0.003504 -0.999994 0.000744 -0.003274 -0.999994 0.001456 0.409846 -0.862183 -0.297768 0.462784 -0.862194 -0.206039 0.473746 -0.855032 -0.210913 0.419554 -0.855020 -0.304820 0.419554 -0.855020 -0.304820 0.473746 -0.855032 -0.210913 0.042060 -0.998939 -0.018734 0.037242 -0.998940 -0.027052 0.037242 -0.998940 -0.027052 0.042060 -0.998939 -0.018734 -0.003274 -0.999994 0.001456 -0.002899 -0.999994 0.002105 0.338983 -0.862180 -0.376479 0.409846 -0.862183 -0.297768 0.419554 -0.855020 -0.304820 0.347012 -0.855017 -0.385395 0.347012 -0.855017 -0.385395 0.419554 -0.855020 -0.304820 0.037242 -0.998940 -0.027052 0.030799 -0.998940 -0.034204 0.030799 -0.998940 -0.034204 0.037242 -0.998940 -0.027052 -0.002899 -0.999994 0.002105 -0.002398 -0.999994 0.002662 0.253306 -0.862177 -0.438734 0.338983 -0.862180 -0.376479 0.347012 -0.855017 -0.385395 0.259307 -0.855012 -0.449127 0.259307 -0.855012 -0.449127 0.347012 -0.855017 -0.385395 0.030799 -0.998940 -0.034204 0.023019 -0.998940 -0.039864 0.023019 -0.998940 -0.039864 0.030799 -0.998940 -0.034204 -0.002398 -0.999994 0.002662 -0.001792 -0.999994 0.003102 0.156550 -0.862176 -0.481813 0.253306 -0.862177 -0.438734 0.259307 -0.855012 -0.449127 0.160259 -0.855009 -0.493230 0.160259 -0.855009 -0.493230 0.259307 -0.855012 -0.449127 0.023019 -0.998940 -0.039864 0.014228 -0.998940 -0.043780 0.014228 -0.998940 -0.043780 0.023019 -0.998940 -0.039864 -0.001792 -0.999994 0.003102 -0.001108 -0.999994 0.003407 0.052951 -0.862182 -0.503823 0.156550 -0.862176 -0.481813 0.160259 -0.855009 -0.493230 0.054205 -0.855012 -0.515767 0.054205 -0.855012 -0.515767 0.160259 -0.855009 -0.493230 0.014228 -0.998940 -0.043780 0.004805 -0.998940 -0.045776 0.004805 -0.998940 -0.045776 
						0.014228 -0.998940 -0.043780 -0.001108 -0.999994 0.003407 -0.000375 -0.999994 0.003563 -0.052953 -0.862189 -0.503812 0.052951 -0.862182 -0.503823 0.054205 -0.855012 -0.515767 -0.054211 -0.855019 -0.515755 -0.054211 -0.855019 -0.515755 0.054205 -0.855012 -0.515767 0.004805 -0.998940 -0.045776 -0.004816 -0.998940 -0.045777 -0.004816 -0.998940 -0.045777 0.004805 -0.998940 -0.045776 -0.000375 -0.999994 0.003563 0.000374 -0.999994 0.003563 -0.156544 -0.862189 -0.481792 -0.052953 -0.862189 -0.503812 -0.054211 -0.855019 -0.515755 -0.160254 -0.855024 -0.493206 -0.160254 -0.855024 -0.493206 -0.054211 -0.855019 -0.515755 -0.004816 -0.998940 -0.045777 -0.014220 -0.998941 -0.043767 -0.014220 -0.998941 -0.043767 -0.004816 -0.998940 -0.045777 0.000374 -0.999994 0.003563 0.001107 -0.999994 0.003407 -0.253294 -0.862188 -0.438718 -0.156544 -0.862189 -0.481792 -0.160254 -0.855024 -0.493206 -0.259292 -0.855025 -0.449110 -0.259292 -0.855025 -0.449110 -0.160254 -0.855024 -0.493206 -0.014220 -0.998941 -0.043767 -0.023014 -0.998940 -0.039861 -0.023014 -0.998940 -0.039861 -0.014220 -0.998941 -0.043767 0.001107 -0.999994 0.003407 0.001791 -0.999994 0.003102 -0.338976 -0.862185 -0.376473 -0.253294 -0.862188 -0.438718 -0.259292 -0.855025 -0.449110 -0.347002 -0.855024 -0.385387 -0.347002 -0.855024 -0.385387 -0.259292 -0.855025 -0.449110 -0.023014 -0.998940 -0.039861 -0.030798 -0.998940 -0.034207 -0.030798 -0.998940 -0.034207 -0.023014 -0.998940 -0.039861 0.001791 -0.999994 0.003102 0.002397 -0.999994 0.002662 -0.409846 -0.862183 -0.297770 -0.338976 -0.862185 -0.376473 -0.347002 -0.855024 -0.385387 -0.419548 -0.855023 -0.304820 -0.419548 -0.855023 -0.304820 -0.347002 -0.855024 -0.385387 -0.030798 -0.998940 -0.034207 -0.037240 -0.998940 -0.027055 -0.037240 -0.998940 -0.027055 -0.030798 -0.998940 -0.034207 0.002397 -0.999994 0.002662 0.002899 -0.999994 0.002105 -0.462795 -0.862186 -0.206048 
						-0.409846 -0.862183 -0.297770 -0.419548 -0.855023 -0.304820 -0.473756 -0.855023 -0.210928 -0.473756 -0.855023 -0.210928 -0.419548 -0.855023 -0.304820 -0.037240 -0.998940 -0.027055 -0.042055 -0.998940 -0.018723 -0.042055 -0.998940 -0.018723 -0.037240 -0.998940 -0.027055 0.002899 -0.999994 0.002105 0.003273 -0.999994 0.001457 -0.495514 -0.862191 -0.105323 -0.462795 -0.862186 -0.206048 -0.473756 -0.855023 -0.210928 -0.507256 -0.855024 -0.107819 -0.507256 -0.855024 -0.107819 -0.473756 -0.855023 -0.210928 -0.042055 -0.998940 -0.018723 -0.045023 -0.998940 -0.009569 -0.045023 -0.998940 -0.009569 -0.042055 -0.998940 -0.018723 0.003273 -0.999994 0.001457 0.003504 -0.999994 0.000744 -0.506581 -0.862192 -0.000000 -0.495514 -0.862191 -0.105323 -0.507256 -0.855024 -0.107819 -0.518589 -0.855024 -0.000001 -0.518589 -0.855024 -0.000001 -0.507256 -0.855024 -0.107819 -0.045023 -0.998940 -0.009569 -0.046037 -0.998940 0.000000 -0.046037 -0.998940 0.000000 -0.045023 -0.998940 -0.009569 0.003504 -0.999994 0.000744 0.003583 -0.999994 -0.000001 -0.495518 -0.862189 0.105323 -0.506581 -0.862192 -0.000000 -0.518589 -0.855024 -0.000001 -0.507261 -0.855021 0.107819 -0.507261 -0.855021 0.107819 -0.518589 -0.855024 -0.000001 -0.046037 -0.998940 0.000000 -0.045027 -0.998940 0.009565 -0.045027 -0.998940 0.009565 -0.046037 -0.998940 0.000000 0.003583 -0.999994 -0.000001 0.003505 -0.999994 -0.000746 -0.462802 -0.862182 0.206050 -0.495518 -0.862189 0.105323 -0.507261 -0.855021 0.107819 -0.473769 -0.855016 0.210930 -0.473769 -0.855016 0.210930 -0.507261 -0.855021 0.107819 -0.045027 -0.998940 0.009565 -0.042057 -0.998940 0.018720 -0.042057 -0.998940 0.018720 -0.045027 -0.998940 0.009565 0.003505 -0.999994 -0.000746 0.003273 -0.999994 -0.001458 -0.409851 -0.862179 0.297775 -0.462802 -0.862182 0.206050 -0.473769 -0.855016 0.210930 -0.419559 -0.855013 0.304831 -0.419559 -0.855013 0.304831 
						-0.473769 -0.855016 0.210930 -0.042057 -0.998940 0.018720 -0.037250 -0.998939 0.027064 -0.037250 -0.998939 0.027064 -0.042057 -0.998940 0.018720 0.003273 -0.999994 -0.001458 0.002899 -0.999994 -0.002107 -0.338980 -0.862182 0.376476 -0.409851 -0.862179 0.297775 -0.419559 -0.855013 0.304831 -0.347009 -0.855017 0.385397 -0.347009 -0.855017 0.385397 -0.419559 -0.855013 0.304831 -0.037250 -0.998939 0.027064 -0.030789 -0.998940 0.034207 -0.030789 -0.998940 0.034207 -0.037250 -0.998939 0.027064 0.002899 -0.999994 -0.002107 0.002397 -0.999994 -0.002664 -0.253300 -0.862184 0.438724 -0.338980 -0.862182 0.376476 -0.347009 -0.855017 0.385397 -0.259301 -0.855018 0.449119 -0.259301 -0.855018 0.449119 -0.347009 -0.855017 0.385397 -0.030789 -0.998940 0.034207 -0.023016 -0.998940 0.039868 -0.023016 -0.998940 0.039868 -0.030789 -0.998940 0.034207 0.002397 -0.999994 -0.002664 0.001791 -0.999994 -0.003104 -0.156547 -0.862182 0.481804 -0.253300 -0.862184 0.438724 -0.259301 -0.855018 0.449119 -0.160257 -0.855015 0.493221 -0.160257 -0.855015 0.493221 -0.259301 -0.855018 0.449119 -0.023016 -0.998940 0.039868 -0.014232 -0.998940 0.043772 -0.014232 -0.998940 0.043772 -0.023016 -0.998940 0.039868 0.001791 -0.999994 -0.003104 0.001107 -0.999994 -0.003409 -0.052952 -0.862183 0.503822 -0.156547 -0.862182 0.481804 -0.160257 -0.855015 0.493221 -0.054208 -0.855014 0.515764 -0.054208 -0.855014 0.515764 -0.160257 -0.855015 0.493221 -0.014232 -0.998940 0.043772 -0.004816 -0.998940 0.045780 -0.004816 -0.998940 0.045780 -0.014232 -0.998940 0.043772 0.001107 -0.999994 -0.003409 0.000374 -0.999994 -0.003564 0.052953 -0.862183 0.503822 -0.052952 -0.862183 0.503822 -0.054208 -0.855014 0.515764 0.054208 -0.855014 0.515764 0.054208 -0.855014 0.515764 -0.054208 -0.855014 0.515764 -0.004816 -0.998940 0.045780 0.004814 -0.998940 0.045776 0.004814 -0.998940 0.045776 
						-0.004816 -0.998940 0.045780 0.000374 -0.999994 -0.003564 -0.000375 -0.999994 -0.003564 0.156548 -0.862182 0.481805 0.052953 -0.862183 0.503822 0.054208 -0.855014 0.515764 0.160257 -0.855017 0.493218 0.160257 -0.855017 0.493218 0.054208 -0.855014 0.515764 0.004814 -0.998940 0.045776 0.014227 -0.998940 0.043781 0.014227 -0.998940 0.043781 0.004814 -0.998940 0.045776 -0.000375 -0.999994 -0.003564 -0.001108 -0.999994 -0.003409 0.253300 -0.862182 0.438728 0.156548 -0.862182 0.481805 0.160257 -0.855017 0.493218 0.259299 -0.855018 0.449119 0.259299 -0.855018 0.449119 0.160257 -0.855017 0.493218 0.014227 -0.998940 0.043781 0.023020 -0.998940 0.039865 0.023020 -0.998940 0.039865 0.014227 -0.998940 0.043781 -0.001108 -0.999994 -0.003409 -0.001792 -0.999994 -0.003104 0.338982 -0.862181 0.376478 0.253300 -0.862182 0.438728 0.259299 -0.855018 0.449119 0.347008 -0.855019 0.385392 0.347008 -0.855019 0.385392 0.259299 -0.855018 0.449119 0.023020 -0.998940 0.039865 0.030809 -0.998939 0.034222 0.030809 -0.998939 0.034222 0.023020 -0.998940 0.039865 -0.001792 -0.999994 -0.003104 -0.002398 -0.999994 -0.002664 0.409848 -0.862182 0.297770 0.338982 -0.862181 0.376478 0.347008 -0.855019 0.385392 0.419552 -0.855021 0.304820 0.419552 -0.855021 0.304820 0.347008 -0.855019 0.385392 0.030809 -0.998939 0.034222 0.037244 -0.998940 0.027059 0.037244 -0.998940 0.027059 0.030809 -0.998939 0.034222 -0.002398 -0.999994 -0.002664 -0.002899 -0.999994 -0.002107 0.462793 -0.862188 0.206047 0.409848 -0.862182 0.297770 0.419552 -0.855021 0.304820 0.473755 -0.855024 0.210926 0.473755 -0.855024 0.210926 0.419552 -0.855021 0.304820 0.037244 -0.998940 0.027059 0.042059 -0.998940 0.018714 0.042059 -0.998940 0.018714 0.037244 -0.998940 0.027059 -0.002899 -0.999994 -0.002107 -0.003274 -0.999994 -0.001458 0.495528 -0.862182 0.105333 
						0.462793 -0.862188 0.206047 0.473755 -0.855024 0.210926 0.507270 -0.855014 0.107837 0.507270 -0.855014 0.107837 0.473755 -0.855024 0.210926 0.042059 -0.998940 0.018714 0.045011 -0.998941 0.009562 0.045011 -0.998941 0.009562 0.042059 -0.998940 0.018714 -0.003274 -0.999994 -0.001458 -0.003505 -0.999994 -0.000746 0.506603 -0.862179 -0.000002 0.495528 -0.862182 0.105333 0.507270 -0.855014 0.107837 0.518606 -0.855013 -0.000007 0.518606 -0.855013 -0.000007 0.507270 -0.855014 0.107837 0.045011 -0.998941 0.009562 0.046076 -0.998938 0.000013 0.046076 -0.998938 0.000013 0.045011 -0.998941 0.009562 -0.003505 -0.999994 -0.000746 -0.003585 -0.999994 -0.000000 -0.003585 -0.999994 -0.000000 -0.003505 -0.999994 -0.000746 -0.003274 -0.999994 -0.001458 -0.002899 -0.999994 -0.002107 -0.002398 -0.999994 -0.002664 -0.001792 -0.999994 -0.003104 -0.001108 -0.999994 -0.003409 -0.000375 -0.999994 -0.003564 0.000374 -0.999994 -0.003564 0.001107 -0.999994 -0.003409 0.001791 -0.999994 -0.003104 0.002397 -0.999994 -0.002664 0.002899 -0.999994 -0.002107 0.003273 -0.999994 -0.001458 0.003505 -0.999994 -0.000746 0.003583 -0.999994 -0.000001 0.003504 -0.999994 0.000744 0.003273 -0.999994 0.001457 0.002899 -0.999994 0.002105 0.002397 -0.999994 0.002662 0.001791 -0.999994 0.003102 0.001107 -0.999994 0.003407 0.000374 -0.999994 0.003563 -0.000375 -0.999994 0.003563 -0.001108 -0.999994 0.003407 -0.001792 -0.999994 0.003102 -0.002398 -0.999994 0.002662 -0.002899 -0.999994 0.002105 -0.003274 -0.999994 0.001456 -0.003504 -0.999994 0.000744 0.495511 -0.862192 -0.105328 0.506603 -0.862179 -0.000002 0.518606 -0.855013 -0.000007 0.507247 -0.855028 -0.107831 0.507247 -0.855028 -0.107831 0.518606 -0.855013 -0.000007 0.046076 -0.998938 0.000013 0.044990 -0.998942 -0.009564 0.044990 -0.998942 -0.009564 0.046076 -0.998938 0.000013 -0.003585 -0.999994 -0.000000 
						-0.003504 -0.999994 0.000744 0.976779 0.052887 -0.207617 0.912267 0.052896 -0.406166 0.913370 0.019637 -0.406657 0.977960 0.019634 -0.207868 0.807886 0.052913 -0.586959 0.808864 0.019643 -0.587668 0.668194 0.052938 -0.742102 0.669003 0.019653 -0.743000 0.499299 0.052970 -0.864809 0.499905 0.019664 -0.865857 0.308590 0.053006 -0.949717 0.308965 0.019678 -0.950870 0.104390 0.053047 -0.993121 0.104518 0.019693 -0.994328 -0.104380 0.053089 -0.993119 -0.104507 0.019708 -0.994329 -0.308579 0.053131 -0.949714 -0.308955 0.019724 -0.950872 -0.499288 0.053171 -0.864803 -0.499898 0.019739 -0.865860 -0.668180 0.053208 -0.742095 -0.668997 0.019752 -0.743003 -0.807868 0.053240 -0.586954 -0.808857 0.019764 -0.587673 -0.912247 0.053265 -0.406162 -0.913366 0.019773 -0.406660 -0.976758 0.053282 -0.207618 -0.977956 0.019779 -0.207873 -0.998579 0.053291 0.000000 -0.999804 0.019783 0.000000 -0.976758 0.053291 0.207616 -0.977956 0.019783 0.207871 -0.912247 0.053282 0.406161 -0.913366 0.019779 0.406659 -0.807867 0.053265 0.586953 -0.808857 0.019773 0.587672 -0.668181 0.053240 0.742091 -0.668999 0.019764 0.743000 -0.499289 0.053208 0.864800 -0.499899 0.019752 0.865858 -0.308574 0.053171 0.949713 -0.308950 0.019739 0.950873 -0.104375 0.053131 0.993118 -0.104501 0.019724 0.994329 0.104384 0.053089 0.993119 0.104511 0.019708 0.994328 0.308585 0.053047 0.949717 0.308960 0.019693 0.950871 0.499301 0.053006 0.864806 0.499908 0.019678 0.865855 0.668194 0.052970 0.742099 0.669004 0.019664 0.742998 0.807885 0.052938 0.586958 0.808863 0.019653 0.587668 0.912268 0.052913 0.406163 0.913371 0.019643 0.406654 0.976779 0.052896 0.207619 0.977960 0.019637 0.207869 0.998600 0.052887 0.000003 0.999807 0.019634 0.000003 0.976779 0.052887 -0.207617 0.977960 0.019634 -0.207868 0.909252 0.368660 -0.193263 
						0.849182 0.368713 -0.378075 0.751988 0.368817 -0.546341 0.621925 0.368967 -0.690704 0.464693 0.369157 -0.804850 0.287178 0.369379 -0.883792 0.097142 0.369622 -0.924090 -0.097103 0.369876 -0.923993 -0.287059 0.370131 -0.883516 -0.464429 0.370374 -0.804443 -0.621476 0.370595 -0.690237 -0.751344 0.370785 -0.545895 -0.848369 0.370935 -0.377726 -0.908324 0.371039 -0.193075 -0.928596 0.371092 -0.000002 -0.908304 0.371092 0.193067 -0.848332 0.371039 0.377707 -0.751297 0.370935 0.545858 -0.621428 0.370785 0.690178 -0.464387 0.370595 0.804366 -0.287026 0.370374 0.883425 -0.097090 0.370131 0.923892 0.097129 0.369876 0.923990 0.287146 0.369622 0.883701 0.464651 0.369379 0.804772 0.621877 0.369157 0.690646 0.751941 0.368967 0.546304 0.849146 0.368817 0.378055 0.909232 0.368713 0.193258 0.929565 0.368659 0.000001 0.909252 0.368660 -0.193263 -0.098949 -0.994870 0.021048 -0.092383 -0.994873 0.041151 -0.092340 -0.994873 0.041247 -0.098927 -0.994870 0.021154 -0.092383 -0.994873 0.041151 -0.081786 -0.994876 0.059440 -0.081725 -0.994876 0.059524 -0.092340 -0.994873 0.041247 -0.081786 -0.994876 0.059440 -0.067623 -0.994878 0.075128 -0.067548 -0.994878 0.075195 -0.081725 -0.994876 0.059524 -0.067623 -0.994878 0.075128 -0.050514 -0.994880 0.087530 -0.050430 -0.994880 0.087578 -0.067548 -0.994878 0.075195 -0.050514 -0.994880 0.087530 -0.031205 -0.994882 0.096104 -0.031117 -0.994882 0.096133 -0.050430 -0.994880 0.087578 -0.031205 -0.994882 0.096104 -0.010539 -0.994883 0.100483 -0.010450 -0.994883 0.100492 -0.031117 -0.994882 0.096133 -0.010539 -0.994883 0.100483 0.010585 -0.994883 0.100476 0.010670 -0.994883 0.100468 -0.010450 -0.994883 0.100492 0.010585 -0.994883 0.100476 0.031246 -0.994883 0.096084 0.031323 -0.994883 0.096059 0.010670 -0.994883 0.100468 0.031246 -0.994883 0.096084 0.050546 -0.994881 0.087499 
						0.050613 -0.994881 0.087460 0.031323 -0.994883 0.096059 0.050546 -0.994881 0.087499 0.067642 -0.994880 0.075086 0.067697 -0.994880 0.075036 0.050613 -0.994881 0.087460 0.067642 -0.994880 0.075086 0.081790 -0.994879 0.059387 0.081833 -0.994879 0.059328 0.067697 -0.994880 0.075036 0.081790 -0.994879 0.059387 0.092372 -0.994876 0.041094 0.092401 -0.994876 0.041029 0.081833 -0.994879 0.059328 0.092372 -0.994876 0.041094 0.098922 -0.994874 0.020998 0.098937 -0.994874 0.020929 0.092401 -0.994876 0.041029 0.098922 -0.994874 0.020998 0.101152 -0.994871 -0.000032 0.101152 -0.994871 -0.000102 0.098937 -0.994874 0.020929 0.101152 -0.994871 -0.000032 0.098964 -0.994868 -0.021068 0.098949 -0.994868 -0.021138 0.101152 -0.994871 -0.000102 0.098964 -0.994868 -0.021068 0.092448 -0.994865 -0.041196 0.092418 -0.994865 -0.041263 0.098949 -0.994868 -0.021138 0.092448 -0.994865 -0.041196 0.081885 -0.994862 -0.059535 0.081841 -0.994862 -0.059596 0.092418 -0.994865 -0.041263 0.081885 -0.994862 -0.059535 0.067735 -0.994860 -0.075276 0.067677 -0.994860 -0.075328 0.081841 -0.994862 -0.059596 0.067735 -0.994860 -0.075276 0.050615 -0.994858 -0.087730 0.050544 -0.994858 -0.087771 0.067677 -0.994860 -0.075328 0.050615 -0.994858 -0.087730 0.031275 -0.994856 -0.096350 0.031193 -0.994856 -0.096376 0.050544 -0.994858 -0.087771 0.031275 -0.994856 -0.096350 0.010561 -0.994855 -0.100757 0.010472 -0.994855 -0.100766 0.031193 -0.994856 -0.096376 0.010561 -0.994855 -0.100757 -0.010616 -0.994854 -0.100758 -0.010710 -0.994854 -0.100748 0.010472 -0.994855 -0.100766 -0.010616 -0.994854 -0.100758 -0.031329 -0.994855 -0.096343 -0.031422 -0.994855 -0.096312 -0.010710 -0.994854 -0.100748 -0.031329 -0.994855 -0.096343 -0.050669 -0.994856 -0.087716 -0.050757 -0.994856 -0.087665 -0.031422 -0.994855 -0.096312 -0.050669 -0.994856 -0.087716 -0.067790 -0.994857 -0.075261 
						-0.067868 -0.994857 -0.075191 -0.050757 -0.994856 -0.087665 -0.067790 -0.994857 -0.075261 -0.081940 -0.994859 -0.059513 -0.082002 -0.994859 -0.059427 -0.067868 -0.994857 -0.075191 -0.081940 -0.994859 -0.059513 -0.092500 -0.994861 -0.041165 -0.092544 -0.994861 -0.041066 -0.082002 -0.994859 -0.059427 -0.092500 -0.994861 -0.041165 -0.099011 -0.994864 -0.021028 -0.099034 -0.994864 -0.020921 -0.092544 -0.994861 -0.041066 -0.099011 -0.994864 -0.021028 -0.101192 -0.994867 0.000014 -0.101192 -0.994867 0.000123 -0.099034 -0.994864 -0.020921 -0.101192 -0.994867 0.000014 -0.098949 -0.994870 0.021048 -0.098927 -0.994870 0.021154 -0.101192 -0.994867 0.000123 -0.978109 0.010778 0.207813 -0.760416 0.629013 0.161587 -0.710082 0.629154 0.316148 -0.913527 0.010640 0.406639 -0.913527 0.010640 0.406639 -0.710082 0.629154 0.316148 -0.628747 0.629191 0.456942 -0.809016 0.010512 0.587693 -0.809016 0.010512 0.587693 -0.628747 0.629191 0.456942 -0.519950 0.629201 0.577718 -0.669139 0.010399 0.743065 -0.669139 0.010399 0.743065 -0.519950 0.629201 0.577718 -0.388403 0.629241 0.673201 -0.500011 0.010306 0.865957 -0.500011 0.010306 0.865957 -0.388403 0.629241 0.673201 -0.239895 0.629320 0.739193 -0.309034 0.010238 0.950996 -0.309034 0.010238 0.950996 -0.239895 0.629320 0.739193 -0.080860 0.629453 0.772820 -0.104540 0.010197 0.994468 -0.104540 0.010197 0.994468 -0.080860 0.629453 0.772820 0.081764 0.629483 0.772700 0.104533 0.010186 0.994469 0.104533 0.010186 0.994469 0.081764 0.629483 0.772700 0.240746 0.629414 0.738836 0.309028 0.010205 0.950998 0.309028 0.010205 0.950998 0.240746 0.629414 0.738836 0.389133 0.629396 0.672634 0.500008 0.010251 0.865960 0.500008 0.010251 0.865960 0.389133 0.629396 0.672634 0.520509 0.629410 0.576987 0.669136 0.010326 0.743068 0.669136 0.010326 0.743068 0.520509 0.629410 0.576987 
						0.629157 0.629419 0.456062 0.809015 0.010423 0.587696 0.809015 0.010423 0.587696 0.629157 0.629419 0.456062 0.710339 0.629302 0.315273 0.913527 0.010540 0.406642 0.913527 0.010540 0.406642 0.710339 0.629302 0.315273 0.760381 0.629276 0.160725 0.978109 0.010672 0.207818 0.978109 0.010672 0.207818 0.760381 0.629276 0.160725 0.777222 0.629226 -0.000939 0.999942 0.010811 -0.000088 0.999942 0.010811 -0.000088 0.777222 0.629226 -0.000939 0.760154 0.629087 -0.162526 0.978071 0.010953 -0.207983 0.978071 0.010953 -0.207983 0.760154 0.629087 -0.162526 0.709819 0.629038 -0.316967 0.913456 0.011091 -0.406787 0.913456 0.011091 -0.406787 0.709819 0.629038 -0.316967 0.628449 0.628986 -0.457633 0.808922 0.011219 -0.587809 0.808922 0.011219 -0.587809 0.628449 0.628986 -0.457633 0.519690 0.628870 -0.578312 0.669043 0.011333 -0.743137 0.669043 0.011333 -0.743137 0.519690 0.628870 -0.578312 0.388226 0.628809 -0.673707 0.499928 0.011426 -0.865991 0.499928 0.011426 -0.865991 0.388226 0.628809 -0.673707 0.239746 0.628777 -0.739703 0.308965 0.011493 -0.951004 0.308965 0.011493 -0.951004 0.239746 0.628777 -0.739703 0.080799 0.628742 -0.773405 0.104505 0.011533 -0.994457 0.104505 0.011533 -0.994457 0.080799 0.628742 -0.773405 -0.081658 0.628708 -0.773342 -0.104515 0.011545 -0.994456 -0.104515 0.011545 -0.994456 -0.081658 0.628708 -0.773342 -0.240579 0.628691 -0.739506 -0.308974 0.011527 -0.951001 -0.308974 0.011527 -0.951001 -0.240579 0.628691 -0.739506 -0.389021 0.628680 -0.673367 -0.499935 0.011481 -0.865987 -0.499935 0.011481 -0.865987 -0.389021 0.628680 -0.673367 -0.520443 0.628679 -0.577842 -0.669047 0.011406 -0.743132 -0.669047 0.011406 -0.743132 -0.520443 0.628679 -0.577842 -0.629118 0.628753 -0.457034 -0.808927 0.011308 -0.587800 -0.808927 0.011308 -0.587800 -0.629118 0.628753 -0.457034 
						-0.710368 0.628778 -0.316251 -0.913458 0.011191 -0.406779 -0.913458 0.011191 -0.406779 -0.710368 0.628778 -0.316251 -0.760559 0.628807 -0.161715 -0.978070 0.011060 -0.207982 -0.978070 0.011060 -0.207982 -0.760559 0.628807 -0.161715 -0.777458 0.628935 -0.000057 -0.999940 0.010920 -0.000090 -0.999940 0.010920 -0.000090 -0.777458 0.628935 -0.000057 -0.760416 0.629013 0.161587 -0.978109 0.010778 0.207813 -0.582864 0.769959 0.259679 -0.515835 0.770155 0.375201 -0.582864 0.769959 0.259679 -0.408085 0.894688 0.181660 -0.361109 0.894783 0.262608 -0.515835 0.770155 0.375201 -0.408085 0.894688 0.181660 -0.582864 0.769959 0.259679 -0.624350 0.769770 0.132822 -0.437236 0.894540 0.092854 -0.582864 0.769959 0.259679 -0.624350 0.769770 0.132822 -0.515835 0.770155 0.375201 -0.426409 0.770283 0.474172 -0.515835 0.770155 0.375201 -0.361109 0.894783 0.262608 -0.298486 0.894848 0.331894 -0.426409 0.770283 0.474172 -0.426409 0.770283 0.474172 -0.318394 0.770377 0.552399 -0.426409 0.770283 0.474172 -0.298486 0.894848 0.331894 -0.222860 0.894884 0.386672 -0.318394 0.770377 0.552399 -0.318394 0.770377 0.552399 -0.196571 0.770455 0.606432 -0.318394 0.770377 0.552399 -0.222860 0.894884 0.386672 -0.137600 0.894914 0.424495 -0.196571 0.770455 0.606432 -0.196571 0.770455 0.606432 -0.066079 0.770495 0.634012 -0.196571 0.770455 0.606432 -0.137600 0.894914 0.424495 -0.046204 0.894947 0.443773 -0.066079 0.770495 0.634012 -0.066079 0.770495 0.634012 0.067456 0.770500 0.633861 -0.066079 0.770495 0.634012 -0.046204 0.894947 0.443773 0.047396 0.894949 0.443644 0.067456 0.770500 0.633861 0.067456 0.770500 0.633861 0.197887 0.770461 0.605995 0.067456 0.770500 0.633861 0.047396 0.894949 0.443644 0.138736 0.894915 0.424122 0.197887 0.770461 0.605995 0.197887 0.770461 0.605995 0.319584 0.770391 0.551692 
						0.197887 0.770461 0.605995 0.138736 0.894915 0.424122 0.223893 0.894888 0.386067 0.319584 0.770391 0.551692 0.319584 0.770391 0.551692 0.427420 0.770305 0.473225 0.319584 0.770391 0.551692 0.223893 0.894888 0.386067 0.299383 0.894844 0.331095 0.427420 0.770305 0.473225 0.427420 0.770305 0.473225 0.516725 0.770147 0.373991 0.427420 0.770305 0.473225 0.299383 0.894844 0.331095 0.361919 0.894770 0.261538 0.516725 0.770147 0.373991 0.516725 0.770147 0.373991 0.583397 0.769987 0.258394 0.516725 0.770147 0.373991 0.361919 0.894770 0.261538 0.408619 0.894662 0.180586 0.583397 0.769987 0.258394 0.583397 0.769987 0.258394 0.624604 0.769776 0.131585 0.583397 0.769987 0.258394 0.408619 0.894662 0.180586 0.437438 0.894548 0.091824 0.624604 0.769776 0.131585 0.624604 0.769776 0.131585 0.638545 0.769583 -0.001243 0.624604 0.769776 0.131585 0.437438 0.894548 0.091824 0.447146 0.894460 -0.001236 0.638545 0.769583 -0.001243 0.638545 0.769583 -0.001243 0.624505 0.769436 -0.134021 0.638545 0.769583 -0.001243 0.447146 0.894460 -0.001236 0.437310 0.894360 -0.094229 0.624505 0.769436 -0.134021 0.624505 0.769436 -0.134021 0.583266 0.769237 -0.260912 0.624505 0.769436 -0.134021 0.437310 0.894360 -0.094229 0.408429 0.894248 -0.183045 0.583266 0.769237 -0.260912 0.583266 0.769237 -0.260912 0.516418 0.769071 -0.376619 0.583266 0.769237 -0.260912 0.408429 0.894248 -0.183045 0.361592 0.894147 -0.264107 0.516418 0.769071 -0.376619 0.516418 0.769071 -0.376619 0.427004 0.768924 -0.475839 0.516418 0.769071 -0.376619 0.361592 0.894147 -0.264107 0.298950 0.894069 -0.333570 0.427004 0.768924 -0.475839 0.427004 0.768924 -0.475839 0.318959 0.768818 -0.554243 0.427004 0.768924 -0.475839 0.298950 0.894069 -0.333570 0.223273 0.894040 -0.388383 0.318959 0.768818 -0.554243 
						0.318959 0.768818 -0.554243 0.196850 0.768753 -0.608498 0.318959 0.768818 -0.554243 0.223273 0.894040 -0.388383 0.137744 0.894008 -0.426351 0.196850 0.768753 -0.608498 0.196850 0.768753 -0.608498 0.066120 0.768714 -0.636165 0.196850 0.768753 -0.608498 0.137744 0.894008 -0.426351 0.046191 0.893966 -0.445747 0.066120 0.768714 -0.636165 0.066120 0.768714 -0.636165 -0.067481 0.768710 -0.636028 0.066120 0.768714 -0.636165 0.046191 0.893966 -0.445747 -0.047362 0.893966 -0.445625 -0.067481 0.768710 -0.636028 -0.067481 0.768710 -0.636028 -0.198138 0.768743 -0.608092 -0.067481 0.768710 -0.636028 -0.047362 0.893966 -0.445625 -0.138855 0.893995 -0.426018 -0.198138 0.768743 -0.608092 -0.198138 0.768743 -0.608092 -0.320155 0.768796 -0.553582 -0.198138 0.768743 -0.608092 -0.138855 0.893995 -0.426018 -0.224317 0.894016 -0.387836 -0.320155 0.768796 -0.553582 -0.320155 0.768796 -0.553582 -0.428049 0.768904 -0.474932 -0.320155 0.768796 -0.553582 -0.224317 0.894016 -0.387836 -0.299858 0.894052 -0.332800 -0.428049 0.768904 -0.474932 -0.428049 0.768904 -0.474932 -0.517249 0.769047 -0.375527 -0.428049 0.768904 -0.474932 -0.299858 0.894052 -0.332800 -0.362296 0.894143 -0.263153 -0.517249 0.769047 -0.375527 -0.517249 0.769047 -0.375527 -0.583851 0.769214 -0.259668 -0.517249 0.769047 -0.375527 -0.362296 0.894143 -0.263153 -0.408925 0.894243 -0.181963 -0.583851 0.769214 -0.259668 -0.583851 0.769214 -0.259668 -0.624822 0.769411 -0.132684 -0.583851 0.769214 -0.259668 -0.408925 0.894243 -0.181963 -0.437570 0.894354 -0.093074 -0.624822 0.769411 -0.132684 -0.624822 0.769411 -0.132684 -0.638584 0.769552 0.000135 -0.624822 0.769411 -0.132684 -0.437570 0.894354 -0.093074 -0.447161 0.894453 -0.000046 -0.638584 0.769552 0.000135 -0.437236 0.894540 0.092854 -0.624350 0.769770 0.132822 -0.638584 0.769552 0.000135 -0.447161 0.894453 -0.000046 
						-0.624350 0.769770 0.132822 -0.638584 0.769552 0.000135 0.654910 0.696680 -0.292797 0.654914 0.696680 -0.292788 0.701831 0.696308 -0.150294 0.701828 0.696308 -0.150304 0.654914 0.696680 -0.292788 0.654910 0.696680 -0.292797 0.579570 0.696936 -0.422349 0.579573 0.696936 -0.422344 0.701828 0.696308 -0.150304 0.701831 0.696308 -0.150294 0.718108 0.695930 -0.001075 0.718108 0.695930 -0.001083 0.579573 0.696936 -0.422344 0.579570 0.696936 -0.422349 0.478982 0.697130 -0.533466 0.478987 0.697130 -0.533462 0.478987 0.697130 -0.533462 0.478982 0.697130 -0.533466 0.357513 0.697337 -0.621213 0.357516 0.697337 -0.621211 0.357516 0.697337 -0.621211 0.357513 0.697337 -0.621213 0.220469 0.697529 -0.681797 0.220474 0.697529 -0.681795 0.220474 0.697529 -0.681795 0.220469 0.697529 -0.681797 0.073909 0.697686 -0.712581 0.073913 0.697686 -0.712581 0.073913 0.697686 -0.712581 0.073909 0.697686 -0.712581 -0.075748 0.697705 -0.712370 -0.075750 0.697705 -0.712370 -0.075750 0.697705 -0.712370 -0.075748 0.697705 -0.712370 -0.222217 0.697586 -0.681171 -0.222221 0.697586 -0.681170 -0.222221 0.697586 -0.681170 -0.222217 0.697586 -0.681171 -0.359059 0.697466 -0.620176 -0.359061 0.697466 -0.620175 -0.359061 0.697466 -0.620175 -0.359059 0.697466 -0.620176 -0.480224 0.697335 -0.532080 -0.480227 0.697335 -0.532077 -0.480227 0.697335 -0.532077 -0.480224 0.697335 -0.532080 -0.580482 0.697120 -0.420791 -0.580486 0.697120 -0.420786 -0.580486 0.697120 -0.420786 -0.580482 0.697120 -0.420791 -0.655509 0.696853 -0.291041 -0.655512 0.696853 -0.291032 -0.655512 0.696853 -0.291032 -0.655509 0.696853 -0.291041 -0.701983 0.696559 -0.148409 -0.701985 0.696559 -0.148402 -0.701985 0.696559 -0.148402 -0.701983 0.696559 -0.148409 -0.717757 0.696293 0.000704 -0.717757 0.696293 0.000716 -0.717757 0.696293 0.000716 -0.717757 0.696293 0.000704 
						-0.705560 0.691566 0.154664 -0.705647 0.691600 0.154114 -0.705647 0.691600 0.154114 -0.705560 0.691566 0.154664 -0.666747 0.681415 0.301864 -0.666935 0.681452 0.301365 -0.666935 0.681452 0.301365 -0.666747 0.681415 0.301864 -0.594412 0.680808 0.427990 -0.594070 0.680840 0.428413 -0.594070 0.680840 0.428413 -0.594412 0.680808 0.427990 -0.486409 0.690184 0.535773 -0.485958 0.690218 0.536138 -0.485958 0.690218 0.536138 -0.486409 0.690184 0.535773 -0.358899 0.694687 0.623379 -0.358892 0.694687 0.623383 -0.358892 0.694687 0.623383 -0.358899 0.694687 0.623379 -0.217798 0.686930 0.693319 -0.218673 0.687024 0.692950 -0.218673 0.687024 0.692950 -0.217798 0.686930 0.693319 -0.070559 0.669945 0.739050 -0.071422 0.670047 0.738875 -0.071422 0.670047 0.738875 -0.070559 0.669945 0.739050 0.072317 0.669565 0.739225 0.073170 0.669660 0.739054 0.073170 0.669660 0.739054 0.072317 0.669565 0.739225 0.219804 0.686336 0.693274 0.220692 0.686433 0.692896 0.220692 0.686433 0.692896 0.219804 0.686336 0.693274 0.360729 0.694438 0.622599 0.360729 0.694438 0.622599 0.360729 0.694438 0.622599 0.360729 0.694438 0.622599 0.482056 0.694737 0.533818 0.482052 0.694737 0.533822 0.482052 0.694737 0.533822 0.482056 0.694737 0.533818 0.582301 0.695016 0.421757 0.582297 0.695016 0.421762 0.582297 0.695016 0.421762 0.582301 0.695016 0.421757 0.657029 0.695285 0.291360 0.657026 0.695285 0.291367 0.657026 0.695285 0.291367 0.657029 0.695285 0.291360 0.702974 0.695587 0.148277 0.702972 0.695587 0.148287 0.702972 0.695587 0.148287 0.702974 0.695587 0.148277 0.718108 0.695930 -0.001083 0.718108 0.695930 -0.001075 0.974796 -0.079394 -0.208493 0.910147 -0.079389 -0.406608 0.910151 -0.079389 -0.406599 0.974798 -0.079394 -0.208484 0.910147 -0.079389 -0.406608 0.805717 -0.079381 -0.586957 
						0.805721 -0.079381 -0.586951 0.910151 -0.079389 -0.406599 0.805717 -0.079381 -0.586957 0.666070 -0.079375 -0.741654 0.666074 -0.079375 -0.741650 0.805721 -0.079381 -0.586951 0.666070 -0.079375 -0.741654 0.497316 -0.079364 -0.863932 0.497319 -0.079364 -0.863930 0.666074 -0.079375 -0.741650 0.497316 -0.079364 -0.863932 0.306836 -0.079351 -0.948449 0.306841 -0.079351 -0.948447 0.497319 -0.079364 -0.863930 0.306836 -0.079351 -0.948449 0.102934 -0.079341 -0.991519 0.102938 -0.079341 -0.991518 0.306841 -0.079351 -0.948447 0.102934 -0.079341 -0.991519 -0.105479 -0.079329 -0.991252 -0.105482 -0.079329 -0.991252 0.102938 -0.079341 -0.991518 -0.105479 -0.079329 -0.991252 -0.309270 -0.079313 -0.947661 -0.309273 -0.079313 -0.947660 -0.105482 -0.079329 -0.991252 -0.309270 -0.079313 -0.947661 -0.499537 -0.079296 -0.862656 -0.499540 -0.079296 -0.862654 -0.309273 -0.079313 -0.947660 -0.499537 -0.079296 -0.862656 -0.667978 -0.079281 -0.739946 -0.667981 -0.079281 -0.739943 -0.499540 -0.079296 -0.862654 -0.667978 -0.079281 -0.739946 -0.807232 -0.079266 -0.584887 -0.807237 -0.079266 -0.584880 -0.667981 -0.079281 -0.739943 -0.807232 -0.079266 -0.584887 -0.911199 -0.079249 -0.404273 -0.911203 -0.079249 -0.404264 -0.807237 -0.079266 -0.584880 -0.911199 -0.079249 -0.404273 -0.975339 -0.079241 -0.205998 -0.975340 -0.079241 -0.205992 -0.911203 -0.079249 -0.404264 -0.975339 -0.079241 -0.205998 -0.996855 -0.079239 0.001296 -0.996855 -0.079239 0.001310 -0.975340 -0.079241 -0.205992 -0.996855 -0.079239 0.001296 -0.974965 -0.079731 0.207573 -0.975067 -0.079729 0.207093 -0.996855 -0.079239 0.001310 -0.974965 -0.079731 0.207573 -0.910437 -0.080757 0.405689 -0.910638 -0.080755 0.405237 -0.975067 -0.079729 0.207093 -0.910437 -0.080757 0.405689 -0.805042 -0.080771 0.587693 -0.804740 -0.080769 0.588107 -0.910638 -0.080755 0.405237 -0.805042 -0.080771 0.587693 -0.665334 -0.079765 0.742272 
						-0.664956 -0.079762 0.742611 -0.804740 -0.080769 0.588107 -0.665334 -0.079765 0.742272 -0.497318 -0.079284 0.863938 -0.497313 -0.079284 0.863941 -0.664956 -0.079762 0.742611 -0.497318 -0.079284 0.863938 -0.308336 -0.080129 0.947897 -0.309130 -0.080123 0.947639 -0.497313 -0.079284 0.863941 -0.308336 -0.080129 0.947897 -0.104549 -0.081875 0.991144 -0.105382 -0.081868 0.991056 -0.309130 -0.080123 0.947639 -0.104549 -0.081875 0.991144 0.107084 -0.081892 0.990872 0.107916 -0.081885 0.990782 -0.105382 -0.081868 0.991056 0.107084 -0.081892 0.990872 0.310760 -0.080173 0.947101 0.311555 -0.080166 0.946840 0.107916 -0.081885 0.990782 0.310760 -0.080173 0.947101 0.499518 -0.079349 0.862662 0.499512 -0.079349 0.862665 0.311555 -0.080166 0.946840 0.499518 -0.079349 0.862662 0.667961 -0.079360 0.739953 0.667956 -0.079360 0.739957 0.499512 -0.079349 0.862665 0.667961 -0.079360 0.739953 0.807209 -0.079371 0.584904 0.807205 -0.079371 0.584911 0.667956 -0.079360 0.739957 0.807209 -0.079371 0.584904 0.911177 -0.079379 0.404296 0.911174 -0.079379 0.404304 0.807205 -0.079371 0.584911 0.911177 -0.079379 0.404296 0.975321 -0.079387 0.206025 0.975319 -0.079387 0.206036 0.911174 -0.079379 0.404304 0.975321 -0.079387 0.206025 0.996843 -0.079392 -0.001261 0.996843 -0.079392 -0.001252 0.975319 -0.079387 0.206036 0.996843 -0.079392 -0.001261 0.974796 -0.079394 -0.208493 0.974798 -0.079394 -0.208484 0.996843 -0.079392 -0.001252 -0.040912 0.999009 0.017505 -0.042701 0.999053 0.008384 -0.042651 0.999049 0.009083 -0.040699 0.999007 0.018149 -0.036828 0.998977 0.026237 -0.040912 0.999009 0.017505 -0.040699 0.999007 0.018149 -0.036529 0.998976 0.026703 -0.030785 0.998959 0.033672 -0.036828 0.998977 0.026237 -0.036529 0.998976 0.026703 -0.030476 0.998958 0.033971 -0.023157 0.998947 0.039615 -0.030785 0.998959 0.033672 
						-0.030476 0.998958 0.033971 -0.022909 0.998946 0.039766 -0.014473 0.998929 0.043957 -0.023157 0.998947 0.039615 -0.022909 0.998946 0.039766 -0.014345 0.998928 0.044007 -0.004925 0.998908 0.046457 -0.014473 0.998929 0.043957 -0.014345 0.998928 0.044007 -0.004943 0.998908 0.046454 0.005144 0.998904 0.046531 -0.004925 0.998908 0.046457 -0.004943 0.998908 0.046454 0.004965 0.998904 0.046553 0.014749 0.998915 0.044166 0.005144 0.998904 0.046531 0.004965 0.998904 0.046553 0.014446 0.998915 0.044279 0.023494 0.998930 0.039847 0.014749 0.998915 0.044166 0.014446 0.998915 0.044279 0.023096 0.998929 0.040092 0.031216 0.998939 0.033860 0.023494 0.998930 0.039847 0.023096 0.998929 0.040092 0.030785 0.998938 0.034268 0.037314 0.998959 0.026238 0.031216 0.998939 0.033860 0.030785 0.998938 0.034268 0.036945 0.998957 0.026839 0.041214 0.998997 0.017509 0.037314 0.998959 0.026238 0.036945 0.998957 0.026839 0.040992 0.998993 0.018230 0.043127 0.999034 0.008408 0.041214 0.998997 0.017509 0.040992 0.998993 0.018230 0.043028 0.999032 0.009193 0.043132 0.999069 -0.000801 0.043127 0.999034 0.008408 0.043028 0.999032 0.009193 0.043220 0.999066 0.000009 0.028638 0.999586 -0.002762 0.043132 0.999069 -0.000801 0.043220 0.999066 0.000009 0.030854 0.999519 -0.003132 0.003210 0.999993 0.001999 0.028638 0.999586 -0.002762 0.030854 0.999519 -0.003132 0.005119 0.999986 0.001607 -0.000291 0.999988 -0.004989 0.003210 0.999993 0.001999 0.005119 0.999986 0.001607 -0.001357 0.999992 -0.003760 0.015240 0.999619 -0.023021 -0.000291 0.999988 -0.004989 -0.001357 0.999992 -0.003760 0.014358 0.999655 -0.021991 0.019109 0.999247 -0.033776 0.015240 0.999619 -0.023021 0.014358 0.999655 -0.021991 0.019383 0.999246 -0.033631 0.010880 0.999849 -0.013518 0.019109 0.999247 -0.033776 
						0.019383 0.999246 -0.033631 0.011035 0.999838 -0.014236 0.003188 0.999608 0.027802 0.010880 0.999849 -0.013518 0.011035 0.999838 -0.014236 0.003160 0.999603 0.027982 -0.003046 0.999596 0.028265 0.003188 0.999608 0.027802 0.003160 0.999603 0.027982 -0.003174 0.999618 0.027470 -0.010788 0.999859 -0.012863 -0.003046 0.999596 0.028265 -0.003174 0.999618 0.027470 -0.011163 0.999831 -0.014599 -0.018990 0.999258 -0.033517 -0.010788 0.999859 -0.012863 -0.011163 0.999831 -0.014599 -0.019405 0.999257 -0.033289 -0.025670 0.999242 -0.029250 -0.018990 0.999258 -0.033517 -0.019405 0.999257 -0.033289 -0.026130 0.999241 -0.028906 -0.031781 0.999212 -0.023795 -0.025670 0.999242 -0.029250 -0.026130 0.999241 -0.028906 -0.032258 0.999208 -0.023284 -0.036831 0.999176 -0.017039 -0.031781 0.999212 -0.023795 -0.032258 0.999208 -0.023284 -0.037190 0.999174 -0.016406 -0.040389 0.999141 -0.009305 -0.036831 0.999176 -0.017039 -0.037190 0.999174 -0.016406 -0.040641 0.999137 -0.008588 -0.042429 0.999099 -0.000660 -0.040389 0.999141 -0.009305 -0.040641 0.999137 -0.008588 -0.042520 0.999096 0.000112 -0.042701 0.999053 0.008384 -0.042429 0.999099 -0.000660 -0.042520 0.999096 0.000112 -0.042651 0.999049 0.009083 
					</float_array>
					<technique_common>
						<accessor count="2986" offset="0" source="#meshId0-normals-array" stride="3">
							<param name="X" type="float" />
							<param name="Y" type="float" />
							<param name="Z" type="float" />
						</accessor>
					</technique_common>
				</source>
				<source id="meshId0-tangents" name="meshId0-tangents">
					<float_array id="meshId0-tangents-array" count="8958"> 
						0.726101 0.410153 0.551862 0.636964 0.495160 0.590842 0.712277 0.416820 0.564733 0.777843 0.341708 0.527443 0.795488 0.348854 0.495479 0.843721 0.286366 0.454014 0.876947 0.311990 0.365549 0.912792 0.259015 0.315788 0.934620 0.303261 0.185791 0.958722 0.255024 0.125755 0.951572 0.306953 -0.017032 0.962504 0.258497 -0.082256 0.919036 0.320589 -0.229337 0.916169 0.269072 -0.297045 0.829273 0.345904 -0.438927 0.809610 0.290578 -0.509995 0.686639 0.375509 -0.622511 0.649447 0.314658 -0.692249 0.500760 0.406616 -0.764136 0.446510 0.339414 -0.827905 0.285145 0.437717 -0.852699 0.215509 0.363816 -0.906197 0.055854 0.467762 -0.882088 -0.026396 0.387116 -0.921653 -0.170282 0.496017 -0.851452 -0.261562 0.408805 -0.874336 -0.377387 0.522023 -0.764899 -0.473646 0.428594 -0.769394 -0.551930 0.545539 -0.630682 -0.648979 0.446361 -0.616107 -0.683672 0.566476 -0.460106 -0.777431 0.462094 -0.426697 -0.766171 0.584835 -0.266364 -0.852814 0.475841 -0.215135 -0.797014 0.600619 -0.063447 -0.873035 0.487642 0.003915 -0.777876 0.613768 0.134898 -0.840157 0.497450 0.216056 -0.713990 0.624355 0.316859 -0.760086 0.505242 0.408657 -0.610262 0.633661 0.475451 -0.638027 0.512202 0.574953 -0.472812 0.642258 0.603286 -0.478797 0.519219 0.707930 -0.320434 0.647236 0.691670 -0.305401 0.522959 0.795766 -0.158573 0.650378 0.742875 -0.121937 0.525489 0.842017 0.002043 0.651174 0.758926 0.060396 0.526518 0.848016 0.150769 0.648413 0.746210 0.229300 0.525075 0.819584 0.279469 0.639961 0.715784 0.374514 0.519513 0.768014 0.384217 0.621932 0.682333 0.489017 0.506547 0.710122 0.466739 0.587781 0.660808 0.571107 0.480060 0.665867 0.533539 0.528119 0.660626 0.625751 0.431007 0.650130 0.603306 0.448518 0.659434 0.672800 0.360869 0.645843 0.532306 0.552789 0.641151 0.635205 0.474463 0.609425 
						0.739523 0.399466 0.541786 0.836056 0.353207 0.419828 0.907442 0.336458 0.251685 0.939147 0.339039 0.055282 0.922341 0.354731 -0.153146 0.852549 0.380704 -0.358084 0.731665 0.412955 -0.542342 0.567732 0.447914 -0.690690 0.372550 0.483547 -0.792079 0.160377 0.518512 -0.839895 -0.053541 0.551891 -0.832196 -0.254464 0.583072 -0.771540 -0.429423 0.611682 -0.664410 -0.568175 0.637514 -0.520339 -0.663813 0.660469 -0.350904 -0.713081 0.680488 -0.168677 -0.716432 0.697519 0.013872 -0.677684 0.711559 0.185549 -0.602199 0.723203 0.338133 -0.495318 0.733416 0.465576 -0.369769 0.740372 0.561356 -0.234489 0.744268 0.625365 -0.098126 0.744768 0.660069 0.031128 0.740653 0.671166 0.147867 0.729852 0.667422 0.250857 0.709040 0.659039 0.342861 0.672768 0.655614 0.428614 0.611510 0.665091 0.523383 0.533443 0.664461 0.499711 0.538145 0.678740 0.613077 0.464880 0.638766 0.725143 0.395133 0.563948 0.826788 0.349027 0.441137 0.903103 0.328903 0.276095 0.940451 0.330055 0.081341 0.929976 0.345145 -0.126569 0.868287 0.369214 -0.331297 0.756121 0.400180 -0.517819 0.600412 0.434592 -0.671293 0.411983 0.470294 -0.780445 0.204232 0.505861 -0.838089 -0.008218 0.540316 -0.841422 -0.210888 0.572979 -0.791973 -0.390676 0.603394 -0.695189 -0.536861 0.631261 -0.559723 -0.641820 0.656382 -0.396523 -0.701454 0.678618 -0.217806 -0.715334 0.697857 -0.035963 -0.686469 0.714025 0.137582 -0.620440 0.727241 0.293555 -0.522774 0.738489 0.425842 -0.403638 0.746794 0.528559 -0.273369 0.751570 0.600343 -0.140457 0.752509 0.643430 -0.012260 0.748648 0.662855 0.106549 0.738366 0.665930 0.214748 0.719061 0.660935 0.313972 0.686091 0.656278 0.407219 0.630083 0.661187 0.506718 0.554805 0.659870 0.420660 0.532305 0.734641 0.554691 0.465680 0.689535 0.683759 0.401249 0.609486 0.798156 0.356747 0.485467 
						0.885010 0.335609 0.322681 0.932558 0.336363 0.131129 0.933180 0.351739 -0.073856 0.884454 0.375742 -0.276695 0.786822 0.407091 -0.463883 0.646255 0.442477 -0.621746 0.472318 0.479679 -0.739475 0.277060 0.517200 -0.809779 0.073847 0.553999 -0.829236 -0.123818 0.589332 -0.798346 -0.303408 0.622672 -0.721265 -0.454327 0.653635 -0.605267 -0.568659 0.681933 -0.459993 -0.641670 0.707338 -0.296533 -0.672028 0.729655 -0.126420 -0.661671 0.748753 0.039498 -0.615501 0.764427 0.191860 -0.538476 0.777627 0.324562 -0.438626 0.787896 0.432236 -0.325782 0.794278 0.512824 -0.207626 0.796466 0.567921 -0.090411 0.793690 0.601567 0.022061 0.784635 0.619565 0.128835 0.767065 0.628501 0.231368 0.736708 0.635398 0.332905 0.684539 0.648522 0.444247 0.615405 0.651092 0.332318 0.510721 0.792925 0.487953 0.456956 0.743702 0.635017 0.402066 0.659618 0.763467 0.362385 0.534598 0.861972 0.342614 0.373658 0.920442 0.343960 0.185682 0.932816 0.360021 -0.015491 0.897670 0.384327 -0.215596 0.815484 0.416106 -0.402296 0.691513 0.452293 -0.563242 0.534168 0.490689 -0.688396 0.354124 0.529770 -0.770675 0.163351 0.568465 -0.806327 -0.025879 0.605998 -0.795045 -0.201950 0.641794 -0.739808 -0.354767 0.675414 -0.646495 -0.476482 0.706502 -0.523278 -0.562005 0.734754 -0.379850 -0.609291 0.759904 -0.226517 -0.619261 0.781769 -0.073168 -0.595895 0.799890 0.071319 -0.543198 0.815171 0.201078 -0.467341 0.827514 0.311148 -0.376922 0.835827 0.399153 -0.278450 0.839845 0.465967 -0.176976 0.839017 0.514520 -0.075419 0.832361 0.549079 0.025625 0.818068 0.574550 0.127737 0.792501 0.596343 0.234881 0.748173 0.620539 0.355600 0.692887 0.627261 0.276354 0.465845 0.840605 0.446044 0.425356 0.787475 0.604428 0.383636 0.698205 0.741700 0.352389 0.570704 0.847738 0.336763 0.409793 0.913481 0.339949 0.223579 
						0.933857 0.356798 0.024625 0.907986 0.381156 -0.174016 0.836391 0.412664 -0.360774 0.723828 0.448608 -0.524237 0.577877 0.486962 -0.654924 0.408221 0.526280 -0.745912 0.225821 0.565531 -0.793208 0.042077 0.603959 -0.795904 -0.132029 0.640985 -0.756112 -0.286729 0.676143 -0.678688 -0.414158 0.709036 -0.570737 -0.508899 0.739311 -0.440955 -0.568297 0.766652 -0.298803 -0.592445 0.790839 -0.153567 -0.584637 0.811176 -0.013909 -0.548248 0.828468 0.114303 -0.488162 0.842933 0.226189 -0.412149 0.853448 0.318997 -0.326083 0.859813 0.392926 -0.234512 0.861675 0.450022 -0.140153 0.858361 0.493532 -0.043734 0.848518 0.527356 0.056098 0.829331 0.555934 0.163276 0.795046 0.584160 0.284166 0.752387 0.594276 0.230043 0.411978 0.881677 0.410551 0.385760 0.826219 0.577683 0.357904 0.733612 0.722080 0.336492 0.604462 0.834487 0.326708 0.443725 0.906620 0.332907 0.259255 0.934221 0.351170 0.062541 0.916790 0.376018 -0.134557 0.854928 0.407421 -0.321102 0.752991 0.443051 -0.486530 0.617843 0.481113 -0.621933 0.458269 0.520298 -0.720610 0.284298 0.559659 -0.778432 0.106477 0.598488 -0.794024 -0.064876 0.636232 -0.768765 -0.220386 0.672424 -0.706595 -0.352285 0.706652 -0.613627 -0.454940 0.738537 -0.497586 -0.525196 0.767737 -0.367082 -0.562423 0.793992 -0.230774 -0.569212 0.816452 -0.096972 -0.548360 0.835758 0.028474 -0.503635 0.852380 0.140713 -0.441973 0.865233 0.236710 -0.368708 0.874160 0.316068 -0.288016 0.878962 0.380096 -0.202497 0.879228 0.431224 -0.112984 0.874046 0.472523 -0.018356 0.861470 0.507476 0.084987 0.837577 0.539669 0.201357 0.808136 0.553508 0.194483 0.351975 0.915582 0.382297 0.340383 0.859062 0.555423 0.326451 0.764810 0.705029 0.315550 0.635108 0.822459 0.312763 0.475122 0.900029 0.322911 0.292705 0.934104 0.343159 0.098447 0.924383 0.368958 -0.096883 
						0.871547 0.400463 -0.282906 0.779594 0.435772 -0.449818 0.654747 0.473370 -0.589260 0.504973 0.512130 -0.694784 0.339430 0.551221 -0.762196 0.167847 0.590014 -0.789753 -0.000123 0.628005 -0.778209 -0.155549 0.664753 -0.730690 -0.290836 0.699854 -0.652395 -0.400235 0.732921 -0.550127 -0.480196 0.763599 -0.431659 -0.529463 0.791609 -0.304998 -0.549920 0.816026 -0.178013 -0.543870 0.837264 -0.056514 -0.514147 0.855958 0.054668 -0.466870 0.871113 0.152297 -0.406898 0.882598 0.235489 -0.338120 0.890323 0.304959 -0.263043 0.894102 0.362479 -0.182597 0.893439 0.410396 -0.095953 0.887215 0.451268 -0.000175 0.873229 0.487310 0.106981 0.856597 0.504773 0.172242 0.288703 0.941798 0.363904 0.290335 0.885031 0.540033 0.289917 0.790135 0.692488 0.289907 0.660617 0.813070 0.295049 0.501859 0.894641 0.310003 0.321739 0.933977 0.332824 0.130057 0.930784 0.360042 -0.063335 0.885789 0.391906 -0.248570 0.802642 0.426955 -0.416503 0.686992 0.463989 -0.559246 0.546089 0.502100 -0.670583 0.388318 0.540613 -0.746289 0.222679 0.579001 -0.784329 0.058212 0.616830 -0.784941 -0.096575 0.653708 -0.750559 -0.234279 0.689257 -0.685593 -0.349086 0.723106 -0.596034 -0.437137 0.754899 -0.488915 -0.496667 0.784338 -0.371665 -0.528884 0.810507 -0.251715 -0.535646 0.833605 -0.134855 -0.519211 0.854251 -0.025959 -0.484975 0.871593 0.071595 -0.437457 0.885511 0.156533 -0.380395 0.895992 0.229124 -0.316304 0.903034 0.290656 -0.246289 0.906506 0.342912 -0.169937 0.905990 0.387689 -0.085261 0.900662 0.426074 0.008007 0.895061 0.445872 0.164782 0.223175 0.960750 0.357718 0.235527 0.903640 0.534076 0.248113 0.808210 0.686808 0.259481 0.678944 0.808239 0.273567 0.521451 0.891819 0.294377 0.343512 0.934573 0.320607 0.154221 0.936072 0.349829 -0.037284 0.897005 0.382451 -0.221616 0.820682 0.417456 -0.390143 
						0.712254 0.453991 -0.535337 0.578377 0.491408 -0.651151 0.426816 0.529215 -0.733321 0.265992 0.567019 -0.779575 0.104470 0.604481 -0.789740 -0.049564 0.641272 -0.765711 -0.188841 0.677062 -0.711285 -0.307474 0.711504 -0.631841 -0.401340 0.744248 -0.533874 -0.468275 0.774972 -0.424426 -0.508914 0.802809 -0.310651 -0.524729 0.827822 -0.198419 -0.517858 0.850421 -0.092773 -0.493234 0.869892 0.002749 -0.455316 0.886110 0.086578 -0.407943 0.899108 0.158703 -0.353848 0.909024 0.220155 -0.294470 0.916014 0.272408 -0.229977 0.920183 0.316819 -0.159472 0.921588 0.353899 -0.084182 0.923803 0.373498 0.168819 0.155198 0.973352 0.361177 0.176705 0.915602 0.535768 0.201620 0.819941 0.686827 0.224669 0.691225 0.807297 0.248536 0.535259 0.891252 0.276275 0.359640 0.935919 0.306906 0.172816 0.940714 0.338790 -0.016680 0.906178 0.372669 -0.199897 0.835274 0.407963 -0.368623 0.732692 0.444191 -0.515613 0.604565 0.481000 -0.634933 0.458138 0.518114 -0.722265 0.301359 0.555299 -0.775129 0.142417 0.592331 -0.793008 -0.010743 0.628965 -0.777359 -0.150929 0.664929 -0.731498 -0.272168 0.699916 -0.660335 -0.370096 0.733585 -0.569985 -0.442222 0.765578 -0.467258 -0.488704 0.795085 -0.359178 -0.510681 0.822072 -0.251799 -0.510409 0.846673 -0.150427 -0.492692 0.868215 -0.058798 -0.462178 0.886531 0.021301 -0.423044 0.901654 0.089748 -0.378400 0.913811 0.147523 -0.330123 0.923362 0.196017 -0.279026 0.930723 0.236432 -0.225278 0.936366 0.269201 -0.170982 0.942555 0.286975 0.182016 0.084834 0.979629 0.372105 0.114548 0.921095 0.543233 0.151293 0.825838 0.691084 0.186143 0.698394 0.809231 0.220320 0.544614 0.892326 0.255892 0.371852 0.937811 0.291863 0.187952 0.945029 0.326987 0.000835 0.914223 0.362586 -0.180909 0.847992 0.398501 -0.349438 0.750568 0.434632 -0.497738 0.627588 0.470950 -0.619951 
						0.485823 0.507426 -0.711685 0.332802 0.544000 -0.770264 0.176395 0.580577 -0.794868 0.024345 0.617014 -0.786575 -0.116203 0.653110 -0.748294 -0.239181 0.688604 -0.684556 -0.340002 0.723167 -0.601189 -0.415897 0.756405 -0.504858 -0.466642 0.787522 -0.402561 -0.493012 0.816446 -0.300590 -0.497479 0.843004 -0.204595 -0.485020 0.866431 -0.118546 -0.460681 0.886456 -0.044377 -0.429163 0.903051 0.017839 -0.394062 0.916472 0.069238 -0.357688 0.927186 0.111295 -0.321456 0.935721 0.145231 -0.286466 0.942564 0.171788 -0.255226 0.948681 0.186721 0.203786 0.011881 0.978943 0.389602 0.049484 0.919653 0.555238 0.098278 0.825864 0.698360 0.145012 0.700903 0.813028 0.189729 0.550444 0.894314 0.233713 0.381551 0.939885 0.275731 0.201464 0.949138 0.314382 0.017340 0.921799 0.352014 -0.162399 0.860099 0.388746 -0.330312 0.767769 0.424896 -0.479576 0.649938 0.460781 -0.604369 0.512907 0.496629 -0.700204 0.363806 0.532561 -0.764214 0.210195 0.568612 -0.795298 0.059622 0.604749 -0.794182 -0.080823 0.640852 -0.763398 -0.204985 0.676717 -0.707132 -0.308064 0.712039 -0.630949 -0.387025 0.746390 -0.541400 -0.441450 0.778873 -0.445508 -0.471547 0.809507 -0.349774 -0.479954 0.837796 -0.260273 -0.472078 0.862724 -0.181247 -0.453501 0.883839 -0.114745 -0.429644 0.900961 -0.060628 -0.404657 0.914303 -0.017387 -0.381177 0.924352 0.016664 -0.361031 0.931575 0.042711 -0.346106 0.936161 0.061745 -0.339131 0.937904 0.072977 0.240710 -0.066605 0.968309 0.414505 -0.016408 0.909899 0.569558 0.043016 0.820825 0.704435 0.100178 0.702663 0.813871 0.154002 0.560266 0.893170 0.205402 0.400071 0.940541 0.251974 0.227799 0.954675 0.293442 0.049866 0.934772 0.332191 -0.125896 0.882265 0.368797 -0.292570 0.800002 0.404041 -0.443563 0.692263 0.438590 -0.573071 0.564563 0.472922 -0.676471 0.423323 0.507296 -0.750632 
						0.275480 0.541858 -0.794041 0.128119 0.576691 -0.806854 -0.011970 0.611757 -0.790956 -0.138720 0.646910 -0.749843 -0.247187 0.681900 -0.688412 -0.333926 0.716357 -0.612639 -0.398020 0.749362 -0.529185 -0.439891 0.780378 -0.444416 -0.461179 0.809053 -0.364345 -0.466872 0.834216 -0.293452 -0.463007 0.854969 -0.233779 -0.455434 0.870864 -0.184865 -0.448487 0.881995 -0.144720 -0.444535 0.888786 -0.111566 -0.445050 0.891468 -0.084944 -0.452162 0.889568 -0.064952 -0.469557 0.881249 -0.053997 0.290043 -0.140703 0.946614 0.451287 -0.082166 0.888588 0.593441 -0.011081 0.804801 0.717027 0.059317 0.694517 0.818049 0.125386 0.561314 0.893213 0.184873 0.409869 0.940168 0.236498 0.245263 0.956547 0.281996 0.074135 0.941615 0.322386 -0.097103 0.895817 0.359274 -0.261599 0.821203 0.393964 -0.412818 0.721360 0.427488 -0.544880 0.601209 0.460565 -0.653014 0.466630 0.493524 -0.733955 0.324078 0.526567 -0.785939 0.180287 0.559912 -0.808700 0.041804 0.593580 -0.803689 -0.085423 0.627464 -0.773946 -0.196413 0.661354 -0.723901 -0.287472 0.694921 -0.659124 -0.357151 0.727358 -0.585998 -0.405586 0.757944 -0.510902 -0.434226 0.786039 -0.439988 -0.447716 0.810319 -0.378066 -0.452392 0.829527 -0.327455 -0.454978 0.842835 -0.287444 -0.460694 0.850115 -0.255077 -0.471918 0.851718 -0.227748 -0.489357 0.847581 -0.205271 -0.514519 0.836272 -0.189525 -0.551077 0.814271 -0.182420 0.338779 -0.211773 0.916723 0.490209 -0.147990 0.858949 0.619083 -0.060878 0.782963 0.731564 0.025583 0.681292 0.824533 0.104615 0.556058 0.895028 0.172669 0.411231 0.939968 0.229895 0.252206 0.956645 0.278474 0.085336 0.943604 0.320552 -0.082812 0.900824 0.358079 -0.245552 0.829863 0.392810 -0.396268 0.733939 0.426097 -0.528938 0.617733 0.458890 -0.638612 0.486876 0.491433 -0.722112 0.347537 0.523877 -0.777670 0.206396 0.556673 -0.804684 
						0.069911 0.589845 -0.804485 -0.056002 0.623298 -0.779976 -0.166298 0.656836 -0.735466 -0.257214 0.690091 -0.676473 -0.326775 0.722402 -0.609388 -0.374622 0.753015 -0.540950 -0.402610 0.780799 -0.477764 -0.414968 0.804265 -0.425392 -0.418599 0.821631 -0.386907 -0.421730 0.831463 -0.361681 -0.431549 0.833260 -0.345604 -0.452128 0.827424 -0.333091 -0.483318 0.814001 -0.322189 -0.524896 0.791437 -0.313228 -0.577962 0.755626 -0.308204 0.428718 -0.278243 0.859524 0.551775 -0.202204 0.809110 0.651554 -0.098016 0.752243 0.742652 0.001130 0.669677 0.822731 0.087131 0.561714 0.888356 0.157258 0.431385 0.934954 0.213270 0.283508 0.957298 0.260384 0.125623 0.953192 0.300093 -0.037002 0.921288 0.334922 -0.197626 0.862110 0.366866 -0.349536 0.778038 0.397345 -0.486594 0.673146 0.427605 -0.603348 0.552261 0.457472 -0.696941 0.420543 0.486790 -0.765624 0.284437 0.516528 -0.807648 0.149795 0.546549 -0.823921 0.022179 0.576752 -0.816618 -0.093441 0.607005 -0.789186 -0.192911 0.637084 -0.746264 -0.273591 0.666418 -0.693567 -0.336186 0.693588 -0.637114 -0.380427 0.717962 -0.582928 -0.408499 0.738114 -0.536951 -0.426191 0.751834 -0.503098 -0.441157 0.757033 -0.481956 -0.461480 0.752496 -0.469879 -0.492261 0.738204 -0.461231 -0.535693 0.715012 -0.449212 -0.587096 0.679820 -0.439503 -0.645310 0.625057 -0.439180 0.506788 -0.370436 0.778423 0.598062 -0.264631 0.756500 0.671415 -0.126119 0.730271 0.745809 -0.004098 0.666147 0.817031 0.093702 0.568929 0.880365 0.166827 0.443989 0.927573 0.223124 0.299707 0.951752 0.270359 0.145167 0.950829 0.309333 -0.015409 0.922779 0.343452 -0.174698 0.867915 0.374725 -0.326045 0.788385 0.404381 -0.463600 0.688157 0.434076 -0.581394 0.571822 0.463264 -0.677057 0.444558 0.492085 -0.748479 0.312249 0.520992 -0.794397 0.180491 0.549904 -0.815493 0.054595 0.578731 -0.813689 
						-0.060694 0.607326 -0.792131 -0.161337 0.635485 -0.755069 -0.243871 0.662977 -0.707806 -0.308484 0.688465 -0.656394 -0.355404 0.710977 -0.606795 -0.385714 0.729162 -0.565285 -0.403766 0.740638 -0.537056 -0.416357 0.742496 -0.524735 -0.431657 0.731999 -0.527114 -0.460908 0.708873 -0.533913 -0.500553 0.670285 -0.547873 -0.546760 0.607134 -0.576577 -0.599473 0.508205 -0.618352 0.483559 -0.481441 0.731016 0.568064 -0.314015 0.760722 0.648934 -0.125487 0.750425 0.730588 0.027508 0.682265 0.808762 0.136561 0.572063 0.874825 0.214081 0.434570 0.920002 0.273578 0.280627 0.939224 0.322312 0.118209 0.930426 0.363555 -0.046212 0.892963 0.400485 -0.205497 0.828337 0.434727 -0.353369 0.739680 0.468420 -0.483173 0.631573 0.500788 -0.591884 0.509238 0.532476 -0.676125 0.379377 0.565066 -0.732648 0.247557 0.597113 -0.763002 0.119742 0.628813 -0.768282 0.001276 0.660055 -0.751216 -0.103370 0.690623 -0.715789 -0.190919 0.720168 -0.667015 -0.258054 0.748755 -0.610552 -0.304119 0.775528 -0.553234 -0.331710 0.798914 -0.501702 -0.342768 0.817689 -0.462488 -0.341684 0.829561 -0.441680 -0.335237 0.831086 -0.443748 -0.334385 0.818274 -0.467562 -0.343016 0.785083 -0.515737 -0.363994 0.719042 -0.592020 -0.404524 0.606943 -0.684091 -0.471722 0.456816 -0.754187 -0.943500 -0.123207 0.307617 -0.944673 -0.112485 0.308124 -0.944772 -0.112388 0.307855 -0.943523 -0.123106 0.307587 -0.310241 0.011188 -0.950592 -0.308983 -0.000699 -0.951067 -0.308984 -0.000664 -0.951067 -0.307704 -0.012353 -0.951402 -0.308925 -0.000699 -0.951086 -0.308924 -0.000684 -0.951086 -0.308923 -0.000685 -0.951087 -0.308924 -0.000664 -0.951087 -0.859060 -0.123187 0.496831 -0.860102 -0.112456 0.497572 -0.860256 -0.112351 0.497329 -0.859090 -0.123075 0.496807 -0.501131 0.011263 -0.865298 -0.499997 -0.000645 -0.866027 -0.499996 -0.000606 -0.866027 -0.498816 -0.012294 -0.866621 
						-0.499987 -0.000645 -0.866033 -0.499986 -0.000622 -0.866033 -0.499985 -0.000625 -0.866034 -0.499986 -0.000606 -0.866034 -0.737176 -0.123196 0.664375 -0.738042 -0.112456 0.665318 -0.738243 -0.112346 0.665113 -0.737211 -0.123078 0.664358 -0.670085 0.011371 -0.742198 -0.669127 -0.000554 -0.743148 -0.669127 -0.000525 -0.743148 -0.668096 -0.012211 -0.743975 -0.669134 -0.000554 -0.743141 -0.669134 -0.000533 -0.743141 -0.669134 -0.000536 -0.743142 -0.669134 -0.000525 -0.743141 -0.583610 -0.123226 0.802630 -0.584261 -0.112476 0.803734 -0.584500 -0.112380 0.803573 -0.583647 -0.123122 0.802619 -0.809757 0.011494 -0.586652 -0.809019 -0.000443 -0.587782 -0.809021 -0.000410 -0.587779 -0.808184 -0.012107 -0.588805 -0.809006 -0.000443 -0.587800 -0.809006 -0.000422 -0.587800 -0.809006 -0.000423 -0.587800 -0.809006 -0.000410 -0.587800 -0.404229 -0.123290 0.906310 -0.404635 -0.112528 0.907528 -0.404903 -0.112438 0.907420 -0.404267 -0.123190 0.906307 -0.914027 0.011637 -0.405487 -0.913540 -0.000309 -0.406750 -0.913540 -0.000281 -0.406749 -0.912935 -0.011989 -0.407928 -0.913543 -0.000309 -0.406742 -0.913543 -0.000292 -0.406741 -0.913544 -0.000294 -0.406741 -0.913543 -0.000281 -0.406741 -0.207225 -0.123378 0.970482 -0.207367 -0.112602 0.971761 -0.207652 -0.112523 0.971709 -0.207262 -0.123288 0.970486 -0.978363 0.011782 -0.206559 -0.978151 -0.000158 -0.207895 -0.978152 -0.000134 -0.207893 -0.977806 -0.011866 -0.209177 -0.978151 -0.000158 -0.207896 -0.978151 -0.000149 -0.207896 -0.978151 -0.000151 -0.207896 -0.978151 -0.000134 -0.207896 -0.001149 -0.123486 0.992346 -0.001021 -0.112696 0.993629 -0.001311 -0.112632 0.993636 -0.001185 -0.123410 0.992355 -0.999928 0.011927 0.001352 -1.000000 -0.000012 0.000000 -1.000000 0.000024 -0.000000 -0.999930 -0.011735 -0.001331 -1.000000 -0.000012 0.000001 -1.000000 0.000002 0.000000 -1.000000 -0.000001 -0.000001 -1.000000 0.000024 -0.000000 
						0.205002 -0.123608 0.970925 0.205397 -0.112806 0.972156 0.205113 -0.112758 0.972221 0.204968 -0.123548 0.970940 -0.977794 0.012070 0.209218 -0.978148 0.000133 0.207910 -0.978148 0.000171 0.207910 -0.978359 -0.011614 0.206590 -0.978143 0.000133 0.207935 -0.978143 0.000152 0.207935 -0.978143 0.000150 0.207935 -0.978143 0.000171 0.207935 0.402246 -0.123745 0.907130 0.402891 -0.112932 0.908254 0.402626 -0.112899 0.908375 0.402216 -0.123701 0.907150 -0.912924 0.012200 0.407948 -0.913543 0.000274 0.406742 -0.913543 0.000310 0.406742 -0.914027 -0.011498 0.405491 -0.913549 0.000274 0.406728 -0.913549 0.000294 0.406728 -0.913549 0.000292 0.406728 -0.913549 0.000310 0.406728 0.581975 -0.123886 0.803715 0.582842 -0.113063 0.804681 0.582605 -0.113051 0.804854 0.581947 -0.123864 0.803738 -0.808164 0.012312 0.588828 -0.809021 0.000404 0.587779 -0.809021 0.000437 0.587780 -0.809758 -0.011395 0.586654 -0.809016 0.000404 0.587786 -0.809016 0.000424 0.587786 -0.809016 0.000422 0.587787 -0.809016 0.000437 0.587787 0.736324 -0.124023 0.665165 0.737376 -0.113194 0.665931 0.737179 -0.113204 0.666148 0.736300 -0.124026 0.665192 0.668072 -0.012404 -0.743993 0.669129 -0.000520 -0.743146 0.669126 -0.000548 -0.743148 0.670087 0.011315 -0.742197 -0.669128 0.000520 0.743147 -0.669128 0.000537 0.743147 -0.669128 0.000534 0.743147 -0.669128 0.000548 0.743147 -0.858525 0.124153 -0.497515 -0.859715 0.113321 -0.498046 -0.859564 0.113351 -0.498298 -0.858504 0.124178 -0.497544 -0.498789 0.012472 0.866634 -0.499998 0.000609 0.866026 -0.499999 0.000640 0.866026 -0.501140 -0.011250 0.865293 -0.500006 0.000609 0.866021 -0.500006 0.000625 0.866021 -0.500006 0.000623 0.866022 -0.500006 0.000640 0.866022 0.943215 -0.124271 0.308062 0.944491 -0.113436 0.308334 0.944394 -0.113488 0.308611 0.943198 -0.124318 0.308094 
						-0.307697 0.012504 0.951402 -0.309006 0.000670 0.951060 -0.309009 0.000701 0.951059 -0.310281 -0.011211 0.950579 -0.309011 0.000670 0.951058 -0.309011 0.000686 0.951058 -0.309011 0.000684 0.951058 -0.309011 0.000701 0.951058 0.986656 -0.124368 0.105082 0.987961 -0.113536 0.105082 0.987922 -0.113605 0.105373 0.986644 -0.124438 0.105116 -0.103180 0.012511 0.994584 -0.104529 0.000699 0.994522 -0.104529 0.000733 0.994521 -0.105877 -0.011201 0.994316 -0.104530 0.000699 0.994521 -0.104530 0.000717 0.994521 -0.104530 0.000715 0.994521 -0.104530 0.000733 0.994521 0.986917 -0.124444 -0.102512 0.988194 -0.113616 -0.102783 0.988215 -0.113700 -0.102489 0.986910 -0.124530 -0.102476 0.105859 0.012487 0.994303 0.104529 0.000699 0.994522 0.104528 0.000730 0.994522 0.103164 -0.011216 0.994601 0.104527 0.000699 0.994522 0.104528 0.000717 0.994522 0.104528 0.000715 0.994522 0.104528 0.000730 0.994522 0.943958 -0.124496 -0.305684 0.945151 -0.113674 -0.306214 0.945231 -0.113769 -0.305932 0.943958 -0.124595 -0.305647 -0.310262 -0.012434 -0.950570 -0.309007 -0.000669 -0.951059 -0.309007 -0.000698 -0.951059 -0.307687 0.011255 -0.951421 0.309007 0.000669 0.951060 0.309007 0.000685 0.951060 0.309007 0.000683 0.951060 0.309007 0.000698 0.951060 0.859643 -0.124518 -0.495489 0.860699 -0.113705 -0.496254 0.860835 -0.113809 -0.495994 0.859648 -0.124629 -0.495451 0.501122 0.012350 0.865288 0.499998 0.000610 0.866026 0.499996 0.000638 0.866028 0.498780 -0.011320 0.866655 0.499976 0.000610 0.866039 0.499975 0.000624 0.866039 0.499975 0.000622 0.866039 0.499976 0.000638 0.866039 0.737659 -0.124507 -0.663594 0.738533 -0.113704 -0.664560 0.738720 -0.113816 -0.664334 0.737671 -0.124627 -0.663558 0.670084 0.012244 0.742184 0.669138 0.000528 0.743138 0.669135 0.000552 0.743140 0.668074 -0.011408 0.744007 
						0.669170 0.000528 0.743109 0.669170 0.000536 0.743109 0.669170 0.000533 0.743109 0.669170 0.000552 0.743109 0.582877 -0.124476 -0.802970 0.583531 -0.113684 -0.804094 0.583762 -0.113780 -0.803913 0.582897 -0.124582 -0.802938 0.809739 0.012122 0.586665 0.809013 0.000410 0.587791 0.809013 0.000448 0.587791 0.808155 -0.011508 0.588858 0.808995 0.000410 0.587816 0.808995 0.000424 0.587816 0.808995 0.000422 0.587815 0.808995 0.000448 0.587815 0.402938 -0.124413 -0.906732 0.403345 -0.113634 -0.907965 0.403607 -0.113722 -0.907837 0.402965 -0.124512 -0.906706 0.914024 0.011981 0.405484 0.913546 0.000270 0.406735 0.913545 0.000311 0.406737 0.912929 -0.011625 0.407954 -0.913550 -0.000269 -0.406727 -0.913550 -0.000293 -0.406727 -0.913550 -0.000292 -0.406727 -0.913550 -0.000311 -0.406727 0.205354 -0.124327 -0.970759 0.205497 -0.113561 -0.972047 0.205779 -0.113638 -0.971978 0.205385 -0.124416 -0.970741 0.978357 0.011835 0.206584 0.978149 0.000131 0.207905 0.978150 0.000158 0.207900 0.977799 -0.011753 0.209217 0.978147 0.000131 0.207916 0.978147 0.000150 0.207915 0.978147 0.000148 0.207915 0.978147 0.000158 0.207915 -0.001205 -0.124219 -0.992254 -0.001332 -0.113466 -0.993541 -0.001042 -0.113531 -0.993534 -0.001170 -0.124295 -0.992245 0.999931 0.011688 -0.001339 1.000000 -0.000016 -0.000004 1.000000 0.000012 -0.000004 0.999929 -0.011879 0.001354 1.000000 -0.000016 -0.000014 1.000000 0.000001 -0.000014 1.000000 -0.000002 -0.000014 1.000000 0.000012 -0.000014 -0.207683 -0.124092 -0.970293 -0.208072 -0.113351 -0.971523 -0.207788 -0.113403 -0.971578 -0.207648 -0.124155 -0.970293 0.977806 0.011548 -0.209195 0.978149 -0.000165 -0.207903 0.978149 -0.000135 -0.207904 0.978359 -0.012002 -0.206565 0.978149 -0.000165 -0.207904 0.978149 -0.000149 -0.207904 0.978149 -0.000151 -0.207904 0.978149 -0.000135 -0.207904 
						-0.404992 -0.123957 -0.905879 -0.405626 -0.113226 -0.906999 -0.405361 -0.113258 -0.907113 -0.404958 -0.123999 -0.905888 0.912939 0.011416 -0.407936 0.913542 -0.000307 -0.406744 0.913543 -0.000278 -0.406742 0.914023 -0.012118 -0.405481 0.913538 -0.000307 -0.406754 0.913538 -0.000292 -0.406754 0.913538 -0.000294 -0.406754 0.913538 -0.000278 -0.406754 -0.584576 -0.123818 -0.801836 -0.585426 -0.113095 -0.802799 -0.585193 -0.113106 -0.802967 -0.584546 -0.123838 -0.801854 0.808187 0.011303 -0.588818 0.809024 -0.000442 -0.587776 0.809025 -0.000408 -0.587775 0.809753 -0.012217 -0.586644 0.809022 -0.000442 -0.587779 0.809021 -0.000422 -0.587779 0.809020 -0.000424 -0.587781 0.809021 -0.000408 -0.587780 -0.738543 -0.123678 -0.662766 -0.739572 -0.112963 -0.663530 -0.739381 -0.112954 -0.663745 -0.738520 -0.123677 -0.662792 -0.668086 -0.011210 0.744000 -0.669121 0.000547 0.743154 -0.669121 0.000525 0.743153 -0.670063 0.012306 0.742202 0.669121 -0.000547 -0.743153 0.669121 -0.000534 -0.743154 0.669120 -0.000536 -0.743154 0.669121 -0.000525 -0.743154 -0.860206 -0.123548 -0.494754 -0.861370 -0.112836 -0.495288 -0.861230 -0.112806 -0.495538 -0.860191 -0.123523 -0.494786 0.498816 0.011149 -0.866636 0.500004 -0.000629 -0.866023 0.500003 -0.000607 -0.866024 0.501120 -0.012364 -0.865290 0.500005 -0.000629 -0.866022 0.500006 -0.000622 -0.866022 0.500009 -0.000625 -0.866020 0.500007 -0.000607 -0.866021 -0.944259 -0.123431 -0.305186 -0.945507 -0.112721 -0.305467 -0.945425 -0.112671 -0.305741 -0.944254 -0.123384 -0.305222 0.307719 0.011107 -0.951413 0.309010 -0.000704 -0.951059 0.309010 -0.000660 -0.951059 0.310250 -0.012402 -0.950574 0.309005 -0.000704 -0.951060 0.309005 -0.000684 -0.951060 0.309005 -0.000686 -0.951060 0.309005 -0.000660 -0.951060 -0.987077 -0.123332 -0.102313 -0.988355 -0.112623 -0.102328 -0.988333 -0.112552 -0.102614 -0.987082 -0.123264 -0.102349 
						0.103244 0.011108 -0.994594 0.104583 -0.000738 -0.994516 0.104581 -0.000704 -0.994516 0.105890 -0.012412 -0.994300 0.104651 -0.000738 -0.994509 0.104652 -0.000715 -0.994509 0.104653 -0.000717 -0.994509 0.104653 -0.000704 -0.994509 -0.986813 -0.123255 0.104918 -0.988066 -0.112539 0.105169 -0.988105 -0.112459 0.104885 -0.986827 -0.123171 0.104884 -0.105932 0.011122 -0.994311 -0.104606 -0.000726 -0.994513 -0.104609 -0.000708 -0.994513 -0.103284 -0.012412 -0.994574 -0.104744 -0.000726 -0.994499 -0.104744 -0.000714 -0.994499 -0.104744 -0.000717 -0.994499 -0.104744 -0.000708 -0.994499 -1.000000 -0.000010 -0.000595 -0.999999 -0.000011 -0.001087 -1.000000 -0.000010 -0.000748 -1.000000 -0.000009 -0.000719 -1.000000 -0.000007 -0.000739 -1.000000 -0.000006 -0.000730 -1.000000 -0.000003 -0.000675 -1.000000 -0.000002 -0.000739 -1.000000 0.000001 -0.000735 -1.000000 0.000003 -0.000727 -1.000000 0.000004 -0.000743 -1.000000 0.000006 -0.000736 -1.000000 0.000008 -0.000733 -1.000000 0.000009 -0.000731 -1.000000 0.000009 -0.000729 -1.000000 0.000010 -0.000731 -1.000000 0.000010 -0.000731 -1.000000 0.000009 -0.000731 -1.000000 0.000008 -0.000730 -1.000000 0.000006 -0.000734 -1.000000 0.000004 -0.000742 -1.000000 0.000003 -0.000713 -1.000000 0.000001 -0.000688 -1.000000 -0.000002 -0.000746 -1.000000 -0.000004 -0.000798 -1.000000 -0.000006 -0.000693 -1.000000 -0.000008 -0.000821 -1.000000 -0.000008 -0.000577 -1.000000 -0.000010 -0.000725 -1.000000 -0.000011 -0.000735 0.162933 0.417789 0.893815 0.172106 0.603251 0.778760 0.330852 0.601013 0.727544 0.336250 0.452654 0.825857 0.477301 0.595269 0.646404 0.509259 0.427138 0.747133 0.603603 0.590876 0.535283 0.653594 0.426731 0.625072 0.703140 0.588556 0.398994 0.761215 0.444451 0.472244 0.770744 0.588521 0.244124 0.831425 0.466701 0.301534 0.803080 0.590695 0.078364 0.862120 0.491725 0.122291 
						0.797505 0.596571 -0.089940 0.853709 0.517694 -0.056336 0.755604 0.604605 -0.252022 0.807832 0.544481 -0.225718 0.681236 0.612728 -0.400601 0.727757 0.572465 -0.377694 0.577483 0.622109 -0.528671 0.619289 0.600653 -0.505665 0.449876 0.632509 -0.630511 0.489272 0.628422 -0.604731 0.305000 0.643701 -0.701872 0.345084 0.655696 -0.671550 0.150109 0.655467 -0.740155 0.194528 0.682416 -0.704604 -0.007283 0.667599 -0.744485 0.045396 0.708480 -0.704269 -0.159801 0.679900 -0.715681 -0.094983 0.733809 -0.672683 -0.300592 0.692208 -0.656119 -0.220133 0.758372 -0.613525 -0.423636 0.704377 -0.569548 -0.324713 0.782155 -0.531785 -0.524010 0.716268 -0.460841 -0.404820 0.805121 -0.433475 -0.598085 0.727752 -0.335666 -0.458199 0.827203 -0.325250 -0.643583 0.738740 -0.200161 -0.484238 0.848375 -0.213950 -0.659627 0.749144 -0.060630 -0.484178 0.868495 -0.106241 -0.648049 0.757706 0.076905 -0.460632 0.887554 -0.008100 -0.608859 0.765769 0.207096 -0.418835 0.904887 0.075878 -0.543315 0.774520 0.323925 -0.364670 0.920038 0.143334 -0.456794 0.782424 0.423264 -0.303315 0.932999 0.193682 -0.353583 0.789423 0.501786 -0.240829 0.942934 0.229950 -0.238358 0.795476 0.557139 -0.180293 0.949410 0.257128 -0.115941 0.800650 0.587808 -0.121182 0.952386 0.279778 0.008738 0.804992 0.593221 -0.060176 0.948334 0.311514 0.131278 0.806811 0.576040 0.007048 0.946570 0.322422 0.353586 -0.373877 0.857434 0.472564 -0.180131 0.862691 0.590089 -0.006089 0.807315 0.695191 0.133543 0.706312 0.791674 0.219014 0.570338 0.865528 0.281796 0.414068 0.910499 0.332556 0.245760 0.923609 0.376339 0.072903 0.904248 0.415788 -0.097244 0.853500 0.453137 -0.257303 0.774522 0.489352 -0.400811 0.672013 0.524560 -0.522719 0.551560 0.558533 -0.619534 0.419609 0.593012 -0.687216 0.283173 0.627434 -0.725355 0.148997 0.661454 -0.735036 
						0.023358 0.694930 -0.718698 -0.088373 0.727628 -0.680256 -0.182009 0.759292 -0.624779 -0.254841 0.789595 -0.558208 -0.305415 0.818307 -0.486925 -0.334382 0.844845 -0.417642 -0.344708 0.868339 -0.356602 -0.340630 0.887952 -0.309051 -0.327374 0.902698 -0.279217 -0.311173 0.911145 -0.270161 -0.297539 0.910965 -0.285680 -0.296059 0.898169 -0.325025 -0.321678 0.872642 -0.367448 -0.373652 0.834089 -0.405808 -0.450033 0.786306 -0.423313 0.445041 0.403137 -0.799637 0.415770 0.467220 -0.780282 0.312299 0.571974 -0.758495 0.364385 0.500578 -0.785267 0.375015 0.508605 -0.775039 0.255616 0.619442 -0.742262 0.294900 0.528643 -0.795972 0.169134 0.643432 -0.746585 0.165943 0.535997 -0.827750 0.052691 0.654521 -0.754205 0.013408 0.539389 -0.841950 -0.083695 0.659463 -0.747063 -0.158424 0.539877 -0.826701 -0.234717 0.660010 -0.713648 -0.335021 0.538677 -0.773038 -0.386749 0.657942 -0.646171 -0.504718 0.535887 -0.676819 -0.529240 0.653391 -0.541281 -0.652541 0.531879 -0.539717 -0.649150 0.646705 -0.400470 -0.771539 0.524948 -0.359385 -0.735417 0.637804 -0.228839 -0.840172 0.518334 -0.159503 -0.776357 0.628880 -0.042193 -0.857282 0.513019 0.043343 -0.770779 0.618712 0.151972 -0.823451 0.503265 0.262017 -0.715896 0.604552 0.349298 -0.734756 0.492392 0.466566 -0.613801 0.591232 0.523157 -0.595645 0.480164 0.643933 -0.464237 0.572705 0.675642 -0.411549 0.465522 0.783529 -0.278076 0.552532 0.785737 -0.195316 0.449286 0.871776 -0.059113 0.526312 0.848235 0.060735 0.423013 0.904086 0.170001 0.498794 0.849885 0.292925 0.404618 0.866302 0.379904 0.477777 0.792087 0.518689 0.380541 0.765604 0.591124 0.442079 0.674640 0.717378 0.350881 0.601874 0.755185 0.412215 0.509681 0.849001 0.332932 0.410309 0.871386 0.382287 0.307479 0.940249 0.298780 0.163284 0.938118 0.339922 0.066245 0.958664 0.271138 -0.086296 
						0.935367 0.312808 -0.165047 0.910998 0.242305 -0.333723 0.875101 0.283036 -0.392542 0.818534 0.237793 -0.522930 0.770479 0.274735 -0.575224 0.686703 0.232686 -0.688692 0.636334 0.278033 -0.719567 0.561012 0.258156 -0.786524 0.504522 0.314306 -0.804157 0.468718 0.314108 -0.825615 0.398702 0.384040 -0.832797 0.409992 0.384018 -0.827307 0.314524 0.462364 -0.829032 0.203300 0.664057 -0.719512 0.276726 0.593798 -0.755531 0.134224 0.712600 -0.688611 0.050234 0.739336 -0.671460 -0.047512 0.754265 -0.654849 -0.163072 0.760244 -0.628837 -0.285608 0.761615 -0.581696 -0.408345 0.759117 -0.506948 -0.522946 0.752602 -0.400147 -0.612823 0.744338 -0.265347 -0.669451 0.734747 -0.109465 -0.687570 0.723683 0.059423 -0.664682 0.707719 0.239440 -0.595885 0.691006 0.409184 -0.482720 0.670089 0.563882 -0.329802 0.646390 0.688048 -0.146204 0.620443 0.770503 0.055257 0.593242 0.803126 0.261552 0.564610 0.782819 0.463889 0.530741 0.709310 0.649452 0.489563 0.581842 0.787850 0.456460 0.413444 0.884615 0.416872 0.208985 0.927782 0.372629 -0.019205 0.908351 0.343243 -0.238919 0.836806 0.316162 -0.446986 0.723750 0.309606 -0.616709 0.584834 0.321069 -0.744905 0.441648 0.362860 -0.820536 0.315442 0.437879 -0.841878 0.199299 0.511794 -0.835671 0.141020 0.712697 -0.687151 0.220751 0.643017 -0.733347 0.064212 0.757363 -0.649829 -0.020089 0.782982 -0.621720 -0.113164 0.797345 -0.592820 -0.215663 0.803872 -0.554328 -0.323465 0.804818 -0.497633 -0.430259 0.801020 -0.416226 -0.524255 0.793937 -0.307930 -0.592735 0.785596 -0.177495 -0.632383 0.774170 -0.027437 -0.637310 0.758105 0.138249 -0.599857 0.739309 0.305929 -0.519230 0.718607 0.462606 -0.398502 0.695562 0.597821 -0.242612 0.669125 0.702433 -0.061312 0.640955 0.765126 0.136408 0.609003 0.781350 0.336740 0.574448 0.746067 0.525822 0.537553 0.659202 
						0.688411 0.500362 0.525098 0.814767 0.461217 0.351331 0.898217 0.415053 0.144695 0.923571 0.376341 -0.073377 0.892784 0.349487 -0.284246 0.813680 0.326178 -0.481178 0.693952 0.316328 -0.646814 0.548533 0.328920 -0.768715 0.397050 0.373673 -0.838283 0.255006 0.445096 -0.858406 0.117072 0.509282 -0.852600 0.083399 0.762578 -0.641498 0.166674 0.696868 -0.697564 0.003176 0.801289 -0.598269 -0.080586 0.823082 -0.562177 -0.168486 0.835150 -0.523581 -0.260301 0.840470 -0.475241 -0.354571 0.840023 -0.410658 -0.444333 0.835036 -0.324473 -0.517900 0.827614 -0.216412 -0.569969 0.816947 -0.087941 -0.594726 0.801794 0.058539 -0.583298 0.783720 0.213415 -0.532431 0.762949 0.366642 -0.442160 0.739922 0.506961 -0.315418 0.713509 0.625632 -0.156626 0.682380 0.714021 0.022760 0.651036 0.758706 0.212943 0.617303 0.757358 0.400414 0.582729 0.707175 0.577534 0.542271 0.610243 0.727260 0.500978 0.469163 0.838882 0.459184 0.292277 0.906115 0.413643 0.088629 0.914688 0.386719 -0.117447 0.877141 0.351895 -0.326792 0.790790 0.324244 -0.519151 0.664904 0.318517 -0.675610 0.513657 0.334548 -0.790085 0.351826 0.375126 -0.857613 0.194060 0.438980 -0.877290 0.034527 0.486880 -0.872786 0.026000 0.810700 -0.584885 0.114907 0.760191 -0.639457 -0.055629 0.840917 -0.538297 -0.135449 0.858410 -0.494759 -0.215698 0.867679 -0.447892 -0.297912 0.870328 -0.392144 -0.377418 0.868445 -0.321496 -0.450019 0.862220 -0.232508 -0.508095 0.852308 -0.124141 -0.543499 0.839409 0.000967 -0.551313 0.822612 0.139151 -0.525823 0.802006 0.283367 -0.463634 0.777977 0.424022 -0.364857 0.753198 0.547331 -0.232216 0.719513 0.654505 -0.075809 0.692146 0.717766 0.100172 0.657534 0.746736 0.283358 0.620865 0.730914 0.462177 0.582136 0.668962 0.625908 0.540074 0.562637 0.760113 0.498931 0.416288 0.855981 0.458563 0.238780 
						0.907028 0.419102 0.040674 0.908987 0.382546 -0.165530 0.862518 0.346390 -0.368886 0.768650 0.325026 -0.550940 0.637147 0.320851 -0.700784 0.479173 0.332764 -0.812195 0.307710 0.367101 -0.877811 0.135473 0.419751 -0.897472 -0.041427 0.449330 -0.892405 -0.033980 0.853734 -0.519599 0.055948 0.819964 -0.569675 -0.113518 0.875000 -0.470627 -0.185146 0.888778 -0.419280 -0.258004 0.893762 -0.366910 -0.329194 0.893520 -0.305373 -0.395157 0.889259 -0.230368 -0.451540 0.881251 -0.139676 -0.491472 0.870247 -0.033554 -0.511617 0.854805 0.086931 -0.505673 0.834701 0.218104 -0.467344 0.811048 0.351840 -0.393508 0.786967 0.475220 -0.288052 0.757890 0.585345 -0.153303 0.725910 0.670487 0.003632 0.692961 0.720966 0.175736 0.655077 0.734841 0.349941 0.618246 0.703785 0.517552 0.578544 0.630418 0.667278 0.536927 0.516187 0.787253 0.496268 0.365993 0.870313 0.455152 0.188126 0.909944 0.414661 -0.007586 0.901979 0.377719 -0.209196 0.846873 0.344815 -0.404857 0.746879 0.324976 -0.580140 0.610227 0.317383 -0.725873 0.446344 0.324998 -0.833758 0.266593 0.351110 -0.897580 0.082312 0.389748 -0.917236 -0.107523 0.398638 -0.910783 -0.095287 0.891476 -0.442934 -0.014684 0.864075 -0.503149 -0.164696 0.906897 -0.387831 -0.231801 0.912537 -0.336965 -0.296662 0.912601 -0.281338 -0.354127 0.910145 -0.215013 -0.406455 0.903253 -0.137578 -0.447861 0.892883 -0.046697 -0.472213 0.879651 0.056830 -0.478578 0.860938 0.172478 -0.457302 0.839383 0.293788 -0.405482 0.815377 0.413214 -0.323419 0.787856 0.524103 -0.212370 0.755737 0.619484 -0.075627 0.724103 0.685533 0.079781 0.688248 0.721075 0.244976 0.651920 0.717627 0.410595 0.613877 0.674215 0.568490 0.571131 0.592139 0.705127 0.530028 0.471027 0.811815 0.489997 0.317585 0.882198 0.449605 0.139939 0.911058 0.408881 -0.052816 0.893146 0.374503 -0.249074 
						0.831441 0.340627 -0.438953 0.725511 0.322612 -0.607911 0.584709 0.309902 -0.749717 0.416028 0.310648 -0.854645 0.229794 0.328184 -0.916237 0.036538 0.349823 -0.936103 -0.160372 0.341553 -0.926079 -0.157545 0.921939 -0.353847 -0.086051 0.910333 -0.404832 -0.221457 0.926310 -0.304807 -0.277174 0.927842 -0.249566 -0.327822 0.925587 -0.189266 -0.374123 0.919378 -0.121558 -0.412894 0.909745 -0.043395 -0.438807 0.897397 0.046122 -0.449426 0.881301 0.146029 -0.440401 0.861043 0.254268 -0.405738 0.837801 0.365330 -0.343281 0.811734 0.472489 -0.253303 0.782403 0.568932 -0.137544 0.749896 0.647099 0.000001 0.716789 0.697290 0.152287 0.680819 0.716446 0.311751 0.642285 0.700200 0.469173 0.602389 0.645759 0.613840 0.563668 0.552702 0.738571 0.522193 0.426413 0.833286 0.482006 0.270750 0.892352 0.441488 0.093790 0.910002 0.403421 -0.095646 0.884430 0.367700 -0.287370 0.815259 0.337346 -0.470691 0.705460 0.314401 -0.635200 0.561201 0.297335 -0.772428 0.388871 0.293111 -0.873422 0.198378 0.299318 -0.933303 0.000001 0.306404 -0.951902 -0.199298 0.284824 -0.937633 -0.218449 0.938702 -0.266680 -0.158849 0.937447 -0.309776 -0.269027 0.938761 -0.215295 -0.312380 0.936561 -0.158969 -0.352020 0.930748 -0.098944 -0.387582 0.921282 -0.031928 -0.412723 0.909725 0.045389 -0.425186 0.895420 0.132062 -0.423455 0.876996 0.227075 -0.401567 0.855204 0.327675 -0.355678 0.830486 0.428702 -0.284375 0.802868 0.523960 -0.188055 0.772395 0.606664 -0.069058 0.739217 0.669918 0.068361 0.704437 0.706466 0.217565 0.667731 0.711899 0.370642 0.630403 0.682068 0.519630 0.590211 0.617766 0.654008 0.552513 0.516723 0.767531 0.511937 0.385769 0.851342 0.472268 0.228429 0.899711 0.433345 0.052279 0.908036 0.396827 -0.134160 0.875880 0.359981 -0.321322 0.801176 0.329585 -0.499491 0.688102 0.303315 -0.659178 
						0.541195 0.283441 -0.791687 0.367183 0.271795 -0.889553 0.175033 0.266435 -0.947827 -0.025315 0.260884 -0.965038 -0.223710 0.221277 -0.949205 -0.259098 0.951365 -0.166653 -0.218149 0.952385 -0.213013 -0.295087 0.947928 -0.119817 -0.333727 0.939601 -0.076004 -0.365518 0.930584 -0.020247 -0.389856 0.919774 0.045037 -0.404958 0.906522 0.119276 -0.409727 0.889589 0.201880 -0.398919 0.869286 0.291901 -0.367910 0.846022 0.385861 -0.314108 0.819865 0.478703 -0.236183 0.791223 0.564078 -0.135588 0.759589 0.636113 -0.014548 0.725539 0.688027 0.122702 0.691088 0.712279 0.268990 0.654732 0.706378 0.417198 0.616105 0.668102 0.558821 0.578169 0.594508 0.685368 0.540513 0.487972 0.790360 0.500178 0.353770 0.865071 0.462293 0.194775 0.905261 0.424414 0.019378 0.907055 0.387536 -0.164521 0.868707 0.352429 -0.348054 0.790330 0.320698 -0.522046 0.675196 0.291505 -0.677595 0.527535 0.266595 -0.806619 0.353651 0.247058 -0.902160 0.162580 0.228373 -0.959903 -0.037014 0.208486 -0.977325 -0.232315 0.155569 -0.960119 -0.285799 0.956324 -0.061342 -0.260730 0.961709 -0.084470 -0.314221 0.948743 -0.033927 -0.342127 0.939644 0.004164 -0.366182 0.929006 0.053467 -0.382703 0.916849 0.113696 -0.392034 0.901635 0.182658 -0.391021 0.882810 0.260286 -0.372980 0.861381 0.344831 -0.336046 0.836638 0.432563 -0.276807 0.809268 0.518134 -0.195157 0.779009 0.595868 -0.091848 0.746230 0.659322 0.030709 0.712173 0.701332 0.167206 0.677153 0.716593 0.310914 0.639945 0.702711 0.454761 0.603297 0.655153 0.590584 0.566185 0.575018 0.711069 0.527396 0.465011 0.808257 0.489664 0.327032 0.875736 0.453014 0.166927 0.909420 0.415809 -0.007656 0.905499 0.379711 -0.189449 0.862754 0.344778 -0.369842 0.782133 0.310666 -0.540143 0.666025 0.278173 -0.692120 0.519055 0.247130 -0.818235 0.347363 0.217415 -0.912179 
						0.159100 0.186125 -0.969559 -0.037943 0.153669 -0.987394 -0.228577 0.089209 -0.969430 -0.308387 0.950563 0.036433 -0.296234 0.954347 0.038301 -0.324675 0.944266 0.054292 -0.339061 0.936648 0.087906 -0.354153 0.926222 0.129181 -0.365649 0.913045 0.180692 -0.372381 0.895995 0.241921 -0.366409 0.876109 0.313333 -0.344166 0.853289 0.391723 -0.303493 0.827055 0.473151 -0.241273 0.798008 0.552241 -0.157113 0.766308 0.622966 -0.051381 0.733364 0.677892 0.071755 0.699104 0.711410 0.206985 0.663484 0.718990 0.348117 0.627081 0.696839 0.487876 0.590500 0.642874 0.618654 0.553187 0.557900 0.732839 0.516351 0.443091 0.823327 0.480356 0.302310 0.884595 0.444319 0.141676 0.912620 0.407561 -0.031926 0.903868 0.371800 -0.211629 0.857463 0.336732 -0.389061 0.775295 0.300130 -0.555733 0.659325 0.263371 -0.704220 0.514411 0.225069 -0.827481 0.346095 0.185561 -0.919666 0.162322 0.141836 -0.976491 -0.030115 0.096541 -0.994873 -0.214758 0.022633 -0.976405 -0.324607 0.934934 0.143278 -0.330829 0.932401 0.145537 -0.323405 0.933089 0.157335 -0.327998 0.927676 0.178420 -0.336123 0.918465 0.208433 -0.345028 0.904958 0.249011 -0.347579 0.887621 0.302188 -0.336504 0.867477 0.366400 -0.312190 0.843095 0.437868 -0.268487 0.815663 0.512454 -0.203560 0.785498 0.584428 -0.116600 0.753517 0.647006 -0.009958 0.719863 0.694045 0.112893 0.685179 0.719573 0.246280 0.648939 0.719878 0.384614 0.613399 0.689792 0.520087 0.577416 0.629365 0.645311 0.542267 0.538071 0.753338 0.506219 0.419791 0.837670 0.470447 0.277468 0.892970 0.434734 0.116665 0.915471 0.398489 -0.055845 0.901080 0.365085 -0.234025 0.851894 0.328496 -0.407881 0.768752 0.289041 -0.570504 0.653578 0.247930 -0.715099 0.511796 0.202192 -0.834975 0.348611 0.152037 -0.924854 0.171080 0.096243 -0.980545 -0.014725 0.038805 -0.999138 
						-0.191418 -0.043810 -0.980530 -0.333194 0.903792 0.268594 -0.359039 0.892049 0.274481 -0.322660 0.909040 0.263700 -0.321526 0.907732 0.269524 -0.322570 0.901047 0.289937 -0.324658 0.889186 0.322405 -0.317945 0.873536 0.368573 -0.303926 0.852921 0.424446 -0.275751 0.828089 0.488088 -0.228052 0.800269 0.554582 -0.159706 0.769854 0.617915 -0.071197 0.737155 0.671963 0.035845 0.702892 0.710392 0.158413 0.668625 0.726530 0.290196 0.634080 0.716749 0.424663 0.599353 0.678555 0.554865 0.564236 0.611360 0.673951 0.528931 0.515774 0.775350 0.493282 0.394341 0.852523 0.459314 0.249472 0.901099 0.424483 0.088515 0.916093 0.392042 -0.084127 0.897556 0.357062 -0.258651 0.846107 0.317850 -0.427872 0.760464 0.278895 -0.586440 0.647216 0.232549 -0.725970 0.509775 0.179466 -0.841381 0.353248 0.119498 -0.927867 0.184650 0.051224 -0.981468 0.008463 -0.018487 -0.999793 -0.157011 -0.110271 -0.981421 -0.347030 0.852903 0.390035 -0.382352 0.825424 0.415310 -0.330539 0.868588 0.369188 -0.319835 0.873330 0.367423 -0.311298 0.870621 0.380936 -0.300995 0.862070 0.407723 -0.288410 0.847768 0.445095 -0.268418 0.827899 0.492478 -0.233463 0.803784 0.547199 -0.180455 0.776235 0.604066 -0.108801 0.745568 0.657488 -0.016665 0.713772 0.700180 0.093643 0.682224 0.725121 0.215153 0.649297 0.729467 0.342874 0.614796 0.710256 0.471656 0.579437 0.664676 0.595547 0.545373 0.589823 0.707185 0.512314 0.487262 0.800156 0.478984 0.361004 0.869222 0.445139 0.215185 0.908636 0.414303 0.052285 0.916461 0.382308 -0.118065 0.893102 0.345771 -0.287769 0.836685 0.308319 -0.452655 0.749517 0.267990 -0.605315 0.638880 0.216967 -0.738077 0.505504 0.160248 -0.847813 0.358311 0.090727 -0.929183 0.201870 0.011044 -0.979350 0.041118 -0.073722 -0.996431 -0.107089 -0.176913 -0.978383 -0.375667 0.781567 0.498024 
						-0.418084 0.741780 0.524375 -0.346091 0.805661 0.480761 -0.322489 0.817273 0.477563 -0.302643 0.819746 0.486235 -0.281809 0.814786 0.506664 -0.259835 0.802935 0.536453 -0.229218 0.785130 0.575353 -0.184746 0.762593 0.619936 -0.122116 0.737010 0.664759 -0.040320 0.709797 0.703251 0.056450 0.680426 0.730640 0.165652 0.649155 0.742400 0.282733 0.615177 0.735948 0.408150 0.584507 0.701260 0.530758 0.551997 0.643115 0.646234 0.520233 0.558336 0.748089 0.490403 0.447065 0.830442 0.457590 0.317769 0.887627 0.429564 0.166113 0.916752 0.399430 0.004603 0.916258 0.366729 -0.161188 0.885839 0.330795 -0.325366 0.823690 0.295026 -0.484246 0.734546 0.254277 -0.629115 0.624274 0.204262 -0.754029 0.496919 0.144549 -0.855673 0.362047 0.067868 -0.929686 0.221528 -0.020027 -0.974948 0.083304 -0.119295 -0.989358 -0.042997 -0.229300 -0.972406 -0.410195 0.682683 0.604718 -0.455513 0.633162 0.625790 -0.374681 0.714991 0.590256 -0.339176 0.732289 0.590518 -0.305002 0.739423 0.600189 -0.271607 0.738214 0.617471 -0.233282 0.729781 0.642650 -0.185249 0.715511 0.673593 -0.121732 0.697406 0.706262 -0.045401 0.675793 0.735692 0.041514 0.650452 0.758412 0.141052 0.622946 0.769443 0.251891 0.594656 0.763502 0.372658 0.568619 0.733348 0.491655 0.540758 0.682537 0.604166 0.509966 0.612306 0.709909 0.484728 0.510948 0.798244 0.455499 0.394116 0.866558 0.428175 0.256404 0.910166 0.400791 0.104714 0.927466 0.370196 -0.052549 0.915057 0.340927 -0.215500 0.873416 0.310205 -0.375391 0.803140 0.278158 -0.526872 0.713105 0.236472 -0.659971 0.600558 0.192367 -0.776096 0.479491 0.134013 -0.867254 0.357995 0.057216 -0.931969 0.241765 -0.038381 -0.969575 0.136503 -0.150133 -0.979197 0.041825 -0.265272 -0.963266 -0.390166 0.653882 0.648235 -0.438017 0.598821 0.670488 -0.352048 0.691328 0.630973 
						-0.311842 0.712435 0.628642 -0.272854 0.723029 0.634649 -0.234132 0.725133 0.647584 -0.191117 0.719942 0.667202 -0.137647 0.709058 0.691585 -0.075512 0.693095 0.716881 -0.004243 0.672340 0.740231 0.082782 0.649305 0.756009 0.185169 0.625904 0.757600 0.294573 0.600822 0.743129 0.408513 0.575085 0.708797 0.518693 0.545346 0.658449 0.629228 0.521054 0.576693 0.726429 0.493049 0.478753 0.808425 0.463792 0.362417 0.870453 0.439739 0.221224 0.908998 0.410030 0.074826 0.920652 0.381647 -0.082135 0.904053 0.352539 -0.241670 0.858618 0.322680 -0.398312 0.788171 0.288258 -0.543777 0.694237 0.250140 -0.674882 0.583086 0.204636 -0.786216 0.465553 0.144072 -0.873214 0.348091 0.065791 -0.935149 0.245978 -0.041377 -0.968392 0.168185 -0.177346 -0.969671 0.094251 -0.305003 -0.947676 -0.319375 0.750834 0.578142 -0.380125 0.706725 0.596695 -0.272709 0.782713 0.559455 -0.234145 0.802993 0.548067 -0.205074 0.814575 0.542597 -0.181852 0.817981 0.545745 -0.158289 0.813769 0.559219 -0.129315 0.802763 0.582108 -0.089273 0.786096 0.611624 -0.032581 0.765635 0.642450 0.040955 0.742590 0.668493 0.128007 0.716920 0.685302 0.227225 0.689562 0.687657 0.334002 0.660084 0.672854 0.447001 0.632256 0.632805 0.557384 0.603467 0.570219 0.659592 0.571593 0.488078 0.749439 0.543441 0.378170 0.820825 0.512690 0.251784 0.869909 0.480694 0.110417 0.892763 0.448508 -0.042600 0.887002 0.415569 -0.201323 0.851651 0.381314 -0.359569 0.787972 0.344041 -0.510622 0.698081 0.302732 -0.648873 0.587470 0.253362 -0.768562 0.462573 0.191602 -0.865630 0.334252 0.107520 -0.936331 0.217591 -0.014151 -0.975938 0.137719 -0.196275 -0.970829 0.047202 -0.343710 -0.937889 0.333989 -0.045714 0.941468 0.283178 0.045716 0.957977 0.281942 0.046406 0.958309 0.335184 -0.046406 0.941009 0.335158 -0.046423 0.941018 
						0.281916 0.046390 0.958317 0.308759 0.004800 0.951128 0.309188 -0.004817 0.950989 0.309136 -0.004819 0.951006 0.308706 0.004797 0.951145 0.308913 -0.000375 0.951090 0.308926 0.000373 0.951086 0.522435 -0.045718 0.851453 0.476161 0.045723 0.878169 0.475014 0.046426 0.878753 0.523512 -0.046414 0.850753 0.523506 -0.046419 0.850757 0.475007 0.046421 0.878757 0.499791 0.004800 0.866133 0.500176 -0.004802 0.865910 0.500166 -0.004803 0.865916 0.499788 0.004800 0.866135 0.499984 -0.000376 0.866035 0.499983 0.000374 0.866035 0.688045 -0.045722 0.724226 0.648336 0.045721 0.759980 0.647337 0.046419 0.760789 0.688953 -0.046418 0.723318 0.688954 -0.046417 0.723317 0.647337 0.046419 0.760789 0.668959 0.004811 0.743284 0.669285 -0.004805 0.742991 0.669291 -0.004805 0.742984 0.668964 0.004811 0.743279 0.669135 -0.000376 0.743141 0.669137 0.000374 0.743139 0.823586 -0.045718 0.565346 0.792178 0.045721 0.608575 0.791370 0.046418 0.609573 0.824285 -0.046415 0.564269 0.824288 -0.046413 0.564266 0.791372 0.046420 0.609570 0.808878 0.004807 0.587957 0.809140 -0.004803 0.587596 0.809129 -0.004804 0.587612 0.808870 0.004807 0.587968 0.809008 -0.000375 0.587798 0.809009 0.000374 0.587796 0.923131 -0.045721 0.381758 0.901396 0.045723 0.430575 0.900813 0.046421 0.431719 0.923591 -0.046419 0.380558 0.923589 -0.046423 0.380564 0.900810 0.046416 0.431726 0.913441 0.004809 0.406943 0.913621 -0.004804 0.406540 0.913621 -0.004804 0.406538 0.913443 0.004809 0.406938 0.913543 -0.000375 0.406742 0.913543 0.000374 0.406741 0.982330 -0.045723 0.181486 0.971220 0.045721 0.233753 0.970888 0.046418 0.234994 0.982531 -0.046422 0.180215 0.982534 -0.046414 0.180203 0.970890 0.046425 0.234982 0.978094 0.004810 0.208108 0.978186 -0.004812 0.207676 0.978185 -0.004812 0.207682 
						0.978094 0.004810 0.208110 0.978151 -0.000375 0.207896 0.978151 0.000374 0.207897 0.998597 -0.045720 -0.026716 0.998597 0.045717 0.026717 0.998530 0.046413 0.028000 0.998530 -0.046420 -0.028000 0.998530 -0.046421 -0.027999 0.998530 0.046412 0.028001 0.999988 0.004800 0.000220 0.999988 -0.004811 -0.000220 0.999988 -0.004811 -0.000220 0.999988 0.004800 0.000223 1.000000 -0.000375 0.000005 1.000000 0.000374 -0.000000 0.971221 -0.045720 -0.233751 0.982330 0.045719 -0.181487 0.982531 0.046414 -0.180219 0.970888 -0.046419 -0.234992 0.970888 -0.046418 -0.234993 0.982531 0.046414 -0.180220 0.978181 0.004802 -0.207701 0.978090 -0.004805 -0.208125 0.978085 -0.004803 -0.208152 0.978177 0.004803 -0.207720 0.978142 -0.000375 -0.207936 0.978142 0.000374 -0.207940 0.901397 -0.045719 -0.430574 0.923129 0.045720 -0.381761 0.923590 0.046416 -0.380563 0.900814 -0.046414 -0.431717 0.900814 -0.046415 -0.431717 0.923590 0.046416 -0.380563 0.913625 0.004806 -0.406530 0.913445 -0.004806 -0.406934 0.913448 -0.004807 -0.406927 0.913627 0.004806 -0.406525 0.913549 -0.000374 -0.406729 0.913548 0.000374 -0.406732 0.792180 -0.045719 -0.608573 0.823586 0.045718 -0.565346 0.824286 0.046417 -0.564268 0.791372 -0.046416 -0.609570 0.791375 -0.046420 -0.609565 0.824289 0.046414 -0.564264 0.809142 0.004806 -0.587593 0.808884 -0.004805 -0.587949 0.808879 -0.004805 -0.587956 0.809139 0.004806 -0.587598 0.809020 -0.000374 -0.587781 0.809017 0.000375 -0.587785 0.648337 -0.045720 -0.759980 0.688046 0.045721 -0.724225 0.688954 0.046418 -0.723318 0.647340 -0.046416 -0.760787 0.647339 -0.046416 -0.760787 0.688954 0.046418 -0.723318 0.669287 0.004808 -0.742989 0.668959 -0.004808 -0.743284 0.668962 -0.004808 -0.743281 0.669289 0.004808 -0.742987 0.669134 -0.000374 -0.743142 0.669132 0.000375 -0.743143 0.476161 -0.045721 -0.878169 
						0.522436 0.045720 -0.851452 0.523513 0.046417 -0.850753 0.475016 -0.046418 -0.878752 0.475013 -0.046416 -0.878754 0.523509 0.046419 -0.850754 0.500183 0.004805 -0.865906 0.499799 -0.004808 -0.866128 0.499809 -0.004808 -0.866122 0.500193 0.004805 -0.865901 0.500010 -0.000373 -0.866020 0.500005 0.000375 -0.866022 0.283174 -0.045720 -0.957978 0.333991 0.045719 -0.941467 0.335190 0.046416 -0.941007 0.281933 -0.046418 -0.958310 0.281927 -0.046414 -0.958313 0.335183 0.046420 -0.941009 0.309212 0.004806 -0.950981 0.308794 -0.004807 -0.951117 0.308788 -0.004806 -0.951119 0.309205 0.004807 -0.950983 0.309000 -0.000374 -0.951062 0.308999 0.000375 -0.951062 0.077810 -0.045717 -0.995919 0.130946 0.045720 -0.990335 0.132215 0.046418 -0.990134 0.076527 -0.046414 -0.995987 0.076532 -0.046417 -0.995986 0.132221 0.046414 -0.990133 0.104750 0.004805 -0.994487 0.104311 -0.004807 -0.994533 0.104317 -0.004808 -0.994532 0.104759 0.004805 -0.994486 0.104543 -0.000374 -0.994520 0.104538 0.000376 -0.994521 -0.130947 -0.045719 -0.990335 -0.077810 0.045717 -0.995919 -0.076527 0.046416 -0.995987 -0.132216 -0.046416 -0.990134 -0.132222 -0.046413 -0.990133 -0.076533 0.046420 -0.995986 -0.104312 0.004807 -0.994533 -0.104749 -0.004801 -0.994487 -0.104754 -0.004801 -0.994487 -0.104317 0.004808 -0.994532 -0.104536 -0.000374 -0.994521 -0.104538 0.000376 -0.994521 -0.333990 -0.045719 -0.941467 -0.283173 0.045721 -0.957978 -0.281932 0.046419 -0.958311 -0.335189 -0.046414 -0.941007 -0.335181 -0.046419 -0.941010 -0.281924 0.046413 -0.958314 -0.308789 0.004812 -0.951118 -0.309210 -0.004803 -0.950982 -0.309204 -0.004803 -0.950984 -0.308788 0.004811 -0.951119 -0.309001 -0.000374 -0.951061 -0.309001 0.000375 -0.951062 -0.522437 -0.045721 -0.851451 -0.476159 0.045722 -0.878169 -0.475013 0.046422 -0.878753 -0.523515 -0.046420 -0.850751 -0.523508 -0.046425 -0.850755 
						-0.475007 0.046417 -0.878757 -0.499790 0.004811 -0.866133 -0.500175 -0.004809 -0.865911 -0.500167 -0.004809 -0.865915 -0.499787 0.004811 -0.866135 -0.499983 -0.000374 -0.866035 -0.499984 0.000375 -0.866035 -0.688046 -0.045721 -0.724225 -0.648337 0.045720 -0.759980 -0.647339 0.046415 -0.760787 -0.688955 -0.046420 -0.723316 -0.688965 -0.046413 -0.723307 -0.647349 0.046423 -0.760779 -0.668979 0.004809 -0.743266 -0.669300 -0.004813 -0.742976 -0.669323 -0.004812 -0.742956 -0.668994 0.004810 -0.743252 -0.669164 -0.000374 -0.743114 -0.669167 0.000376 -0.743112 -0.823588 -0.045715 -0.565343 -0.792180 0.045722 -0.608572 -0.791373 0.046417 -0.609570 -0.824287 -0.046413 -0.564266 -0.824282 -0.046419 -0.564273 -0.791368 0.046412 -0.609576 -0.808873 0.004797 -0.587964 -0.809134 -0.004809 -0.587604 -0.809120 -0.004810 -0.587623 -0.808861 0.004796 -0.587980 -0.808999 -0.000373 -0.587810 -0.809001 0.000376 -0.587807 -0.923130 -0.045722 -0.381761 -0.901396 0.045721 -0.430576 -0.900812 0.046417 -0.431720 -0.923590 -0.046419 -0.380561 -0.923590 -0.046419 -0.380560 -0.900813 0.046418 -0.431719 -0.913445 0.004805 -0.406933 -0.913624 -0.004797 -0.406532 -0.913629 -0.004797 -0.406521 -0.913450 0.004806 -0.406922 -0.913550 -0.000374 -0.406726 -0.913550 0.000375 -0.406725 -0.982330 -0.045721 -0.181485 -0.971221 0.045720 -0.233752 -0.970888 0.046418 -0.234993 -0.982531 -0.046418 -0.180216 -0.982533 -0.046414 -0.180210 -0.970889 0.046422 -0.234987 -0.978091 0.004815 -0.208123 -0.978184 -0.004802 -0.207687 -0.978181 -0.004803 -0.207699 -0.978090 0.004815 -0.208126 -0.978147 -0.000374 -0.207912 -0.978147 0.000375 -0.207914 -0.998597 -0.045719 0.026716 -0.998597 0.045718 -0.026716 -0.998530 0.046417 -0.028000 -0.998530 -0.046417 0.028000 -0.998530 -0.046415 0.028002 -0.998530 0.046418 -0.027997 -0.999988 0.004811 -0.000214 -0.999988 -0.004809 0.000224 -0.999988 -0.004808 0.000234 
						-0.999988 0.004811 -0.000209 -1.000000 -0.000374 0.000009 -1.000000 0.000375 0.000014 -0.971220 -0.045719 0.233755 -0.982330 0.045722 0.181488 -0.982531 0.046420 0.180219 -0.970887 -0.046417 0.234996 -0.970889 -0.046421 0.234989 -0.982532 0.046415 0.180211 -0.978184 0.004803 0.207687 -0.978092 -0.004809 0.208117 -0.978091 -0.004809 0.208121 -0.978183 0.004803 0.207688 -0.978149 -0.000374 0.207903 -0.978148 0.000375 0.207908 -0.901397 -0.045720 0.430573 -0.923130 0.045720 0.381759 -0.923590 0.046417 0.380560 -0.900814 -0.046417 0.431718 -0.900811 -0.046414 0.431723 -0.923588 0.046421 0.380566 -0.913619 0.004806 0.406542 -0.913442 -0.004810 0.406942 -0.913438 -0.004809 0.406949 -0.913617 0.004806 0.406548 -0.913538 -0.000374 0.406754 -0.913537 0.000374 0.406755 -0.792179 -0.045721 0.608573 -0.823587 0.045718 0.565344 -0.824287 0.046416 0.564267 -0.791371 -0.046418 0.609571 -0.791376 -0.046423 0.609564 -0.824291 0.046411 0.564261 -0.809145 0.004803 0.587589 -0.808886 -0.004805 0.587945 -0.808886 -0.004805 0.587946 -0.809147 0.004803 0.587587 -0.809028 -0.000375 0.587770 -0.809025 0.000374 0.587774 -0.648335 -0.045720 0.759981 -0.688046 0.045721 0.724226 -0.688954 0.046418 0.723318 -0.647337 -0.046418 0.760789 -0.647333 -0.046414 0.760793 -0.688949 0.046422 0.723322 -0.669280 0.004812 0.742995 -0.668952 -0.004807 0.743290 -0.668948 -0.004807 0.743293 -0.669272 0.004812 0.743001 -0.669116 -0.000375 0.743158 -0.669117 0.000374 0.743157 -0.476162 -0.045722 0.878168 -0.522436 0.045718 0.851452 -0.523513 0.046415 0.850752 -0.475017 -0.046420 0.878751 -0.475017 -0.046420 0.878751 -0.523513 0.046415 0.850753 -0.500185 0.004807 0.865905 -0.499803 -0.004818 0.866126 -0.499808 -0.004818 0.866123 -0.500194 0.004806 0.865900 -0.500011 -0.000375 0.866019 -0.500006 0.000374 0.866022 -0.283173 -0.045714 0.957979 
						-0.333988 0.045720 0.941468 -0.335186 0.046416 0.941008 -0.281936 -0.046404 0.958310 -0.281933 -0.046402 0.958311 -0.335183 0.046418 0.941009 -0.309213 0.004797 0.950981 -0.308795 -0.004810 0.951117 -0.308798 -0.004810 0.951116 -0.309220 0.004796 0.950978 -0.309017 -0.000375 0.951057 -0.309011 0.000374 0.951058 -0.077812 -0.045723 0.995919 -0.130959 0.045722 0.990333 -0.132233 0.046426 0.990131 -0.076527 -0.046425 0.995986 -0.076561 -0.046446 0.995983 -0.132264 0.046407 0.990128 -0.104816 0.004796 0.994480 -0.104363 -0.004801 0.994528 -0.104429 -0.004804 0.994521 -0.104870 0.004794 0.994474 -0.104656 -0.000375 0.994508 -0.104650 0.000375 0.994509 -0.630716 0.002261 -0.776011 -0.629642 0.002786 -0.776880 -0.629461 0.003194 -0.777026 -0.629390 0.003462 -0.777081 -0.629373 0.003579 -0.777095 -0.629371 0.003540 -0.777097 -0.629330 0.003347 -0.777131 -0.629340 0.003006 -0.777124 -0.629377 0.002534 -0.777096 -0.629360 0.001952 -0.777112 -0.629303 0.001285 -0.777159 -0.629319 0.000562 -0.777147 -0.629329 -0.000187 -0.777139 -0.629323 -0.000927 -0.777144 -0.629319 -0.001626 -0.777145 -0.629292 -0.002254 -0.777165 -0.629290 -0.002783 -0.777166 -0.629304 -0.003192 -0.777152 -0.629290 -0.003460 -0.777163 -0.629295 -0.003577 -0.777158 -0.629294 -0.003538 -0.777159 -0.629292 -0.003344 -0.777162 -0.629292 -0.003004 -0.777163 -0.629295 -0.002533 -0.777162 -0.629280 -0.001951 -0.777176 -0.629281 -0.001283 -0.777177 -0.629283 -0.000560 -0.777176 -0.629316 0.000188 -0.777150 -0.629466 0.000930 -0.777027 -0.629384 0.001627 -0.777092 0.130950 -0.045724 0.990334 0.077809 0.045717 0.995920 0.076529 0.046410 0.995987 0.132222 -0.046428 0.990132 0.132281 -0.046393 0.990126 0.076589 0.046447 0.995980 0.104420 0.004829 0.994522 0.104828 -0.004800 0.994479 0.104956 -0.004794 0.994465 0.104533 0.004835 0.994510 0.104760 -0.000376 0.994497 
						0.104748 0.000373 0.994499 -0.072440 0.993507 -0.087730 -0.102622 0.989515 -0.101627 -0.229582 0.849723 -0.474619 -0.124331 0.854576 -0.504224 -0.145604 0.983006 -0.111793 -0.329108 0.843349 -0.424794 -0.197461 0.974311 -0.108293 -0.417843 0.836673 -0.354099 -0.253136 0.963499 -0.087134 -0.492164 0.829082 -0.265324 -0.306058 0.950883 -0.046376 -0.548270 0.820625 -0.161166 -0.349841 0.936715 0.013261 -0.582848 0.811323 -0.045197 -0.378768 0.921197 0.089054 -0.593251 0.801207 0.078233 -0.388116 0.904511 0.176708 -0.577714 0.790309 0.204103 -0.374599 0.886762 0.270793 -0.535527 0.778669 0.326934 -0.336528 0.867956 0.365241 -0.467158 0.766344 0.441000 -0.273714 0.848099 0.453660 -0.374349 0.753416 0.540581 -0.187514 0.827233 0.529645 -0.260151 0.739980 0.620283 -0.080891 0.805360 0.587240 -0.128866 0.726147 0.675355 0.041811 0.783471 0.620020 0.014039 0.709502 0.704563 0.174433 0.760533 0.625430 0.163405 0.692293 0.702873 0.311155 0.735018 0.602438 0.311313 0.677631 0.666258 0.444694 0.708669 0.547755 0.450421 0.663294 0.597630 0.567636 0.681277 0.462224 0.573562 0.649512 0.499160 0.672631 0.652953 0.348167 0.674122 0.636532 0.374681 0.752860 0.623886 0.209685 0.746419 0.624631 0.229554 0.802499 0.594335 0.052545 0.786096 0.614079 0.070435 0.817117 0.564666 -0.116070 0.790412 0.605154 -0.095072 0.794037 0.535365 -0.287904 0.758452 0.598130 -0.258826 0.732598 0.507088 -0.454051 0.691242 0.593266 -0.412577 0.634345 0.480629 -0.605477 0.591746 0.590794 -0.548451 0.503013 0.457017 -0.733562 0.464743 0.590901 -0.659431 0.344451 0.437464 -0.830650 0.316596 0.593717 -0.739775 0.166359 0.423401 -0.890537 0.154899 0.599332 -0.785371 -0.023514 0.444044 -0.895696 -0.011898 0.606002 -0.795374 -0.204792 0.515182 -0.832255 -0.176631 0.608675 -0.773509 -0.260278 0.865889 0.427191 
						-0.203865 0.889296 0.409380 -0.166860 0.908334 0.383519 -0.149732 0.921796 0.357592 -0.148757 0.928578 0.340020 -0.157118 0.928325 0.336938 -0.166496 0.921433 0.351057 -0.169154 0.908740 0.381547 -0.158327 0.891316 0.424840 -0.129257 0.870273 0.475307 -0.080241 0.846297 0.526633 -0.011487 0.819751 0.572605 0.075767 0.791219 0.606821 0.178313 0.761064 0.623688 0.291835 0.730273 0.617684 0.410068 0.698721 0.586202 0.526455 0.667075 0.527122 0.634599 0.633143 0.443187 0.728172 0.598425 0.334145 0.801114 0.562990 0.203123 0.848097 0.527021 0.054595 0.865090 0.490386 -0.105549 0.849544 0.452839 -0.270576 0.800730 0.413702 -0.433223 0.719601 0.372107 -0.586268 0.609331 0.325890 -0.722850 0.475010 0.271372 -0.837092 0.324562 0.200311 -0.924411 0.169557 0.095976 -0.980836 0.037135 -0.093632 -0.994914 -0.126908 -0.196668 -0.972222 0.309191 -0.010633 0.950940 0.311215 0.010408 0.950283 0.311224 0.010512 0.950278 0.309202 -0.010526 0.950938 0.500144 -0.010628 0.865877 0.501990 0.010402 0.864811 0.502002 0.010504 0.864803 0.500158 -0.010524 0.865870 0.669248 -0.010628 0.742963 0.670828 0.010400 0.741540 0.670835 0.010500 0.741532 0.669257 -0.010525 0.742956 0.809094 -0.010624 0.587584 0.810342 0.010400 0.585865 0.810347 0.010496 0.585857 0.809100 -0.010524 0.587576 0.913575 -0.010619 0.406532 0.914441 0.010400 0.404586 0.914446 0.010492 0.404572 0.913582 -0.010524 0.406518 0.978135 -0.010616 0.207701 0.978576 0.010402 0.205624 0.978577 0.010490 0.205615 0.978138 -0.010524 0.207692 0.999944 -0.010614 -0.000214 0.999943 0.010403 -0.002335 0.999942 0.010488 -0.002341 0.999945 -0.010525 -0.000221 0.978049 -0.010611 -0.208107 0.977607 0.010405 -0.210181 0.977605 0.010485 -0.210186 0.978048 -0.010527 -0.208113 0.913408 -0.010611 -0.406906 0.912543 0.010405 -0.408848 
						0.912539 0.010481 -0.408856 0.913405 -0.010531 -0.406916 0.808854 -0.010612 -0.587914 0.807605 0.010408 -0.589632 0.807600 0.010482 -0.589637 0.808850 -0.010535 -0.587921 0.668938 -0.010613 -0.743242 0.667358 0.010413 -0.744664 0.667351 0.010485 -0.744669 0.668932 -0.010540 -0.743249 0.499787 -0.010611 -0.866083 0.497945 0.010415 -0.867146 0.497937 0.010485 -0.867150 0.499780 -0.010539 -0.866089 0.308804 -0.010613 -0.951066 0.306784 0.010417 -0.951722 0.306778 0.010487 -0.951723 0.308799 -0.010542 -0.951069 0.104320 -0.010617 -0.994487 0.102207 0.010424 -0.994709 0.102202 0.010493 -0.994708 0.104316 -0.010547 -0.994488 -0.104718 -0.010615 -0.994445 -0.106835 0.010427 -0.994222 -0.106843 0.010498 -0.994220 -0.104726 -0.010546 -0.994445 -0.309206 -0.010620 -0.950936 -0.311232 0.010428 -0.950277 -0.311239 0.010501 -0.950274 -0.309214 -0.010550 -0.950934 -0.500153 -0.010622 -0.865872 -0.501999 0.010434 -0.864805 -0.502006 0.010508 -0.864800 -0.500160 -0.010550 -0.865869 -0.669251 -0.010624 -0.742960 -0.670832 0.010435 -0.741536 -0.670834 0.010512 -0.741533 -0.669254 -0.010549 -0.742958 -0.809087 -0.010627 -0.587592 -0.810340 0.010436 -0.585867 -0.810344 0.010518 -0.585860 -0.809092 -0.010549 -0.587587 -0.913579 -0.010631 -0.406523 -0.914446 0.010435 -0.404573 -0.914449 0.010520 -0.404564 -0.913583 -0.010550 -0.406515 -0.978135 -0.010634 -0.207701 -0.978578 0.010436 -0.205613 -0.978579 0.010524 -0.205604 -0.978137 -0.010549 -0.207692 -0.999943 -0.010636 0.000207 -0.999943 0.010433 0.002341 -0.999942 0.010527 0.002351 -0.999944 -0.010547 0.000216 -0.978050 -0.010639 0.208099 -0.977606 0.010431 0.210184 -0.977604 0.010528 0.210191 -0.978049 -0.010546 0.208106 -0.913412 -0.010640 0.406897 -0.912544 0.010429 0.408846 -0.912539 0.010530 0.408855 -0.913409 -0.010543 0.406907 -0.808847 -0.010642 0.587923 -0.807596 0.010423 0.589644 
						-0.807592 0.010528 0.589648 -0.808845 -0.010540 0.587928 -0.668940 -0.010644 0.743241 -0.667354 0.010419 0.744668 -0.667345 0.010524 0.744675 -0.668932 -0.010541 0.743249 -0.499782 -0.010646 0.866086 -0.497939 0.010417 0.867150 -0.497931 0.010524 0.867153 -0.499776 -0.010541 0.866090 -0.308805 -0.010641 0.951066 -0.306780 0.010415 0.951723 -0.306771 0.010524 0.951725 -0.308797 -0.010533 0.951070 -0.104326 -0.010637 0.994486 -0.102208 0.010410 0.994709 -0.102197 0.010518 0.994709 -0.104315 -0.010529 0.994489 0.104724 -0.010638 0.994444 0.106844 0.010408 0.994221 0.106857 0.010515 0.994219 0.104737 -0.010530 0.994444 -0.207849 -0.002271 -0.978158 -0.248760 -0.052275 -0.967154 -0.368692 0.050295 -0.928190 -0.406661 0.000129 -0.913579 -0.406681 -0.001987 -0.913568 -0.444238 -0.051947 -0.894401 -0.553462 0.050673 -0.831332 -0.587721 0.000500 -0.809063 -0.587741 -0.001969 -0.809047 -0.620570 -0.051901 -0.782432 -0.714254 0.050697 -0.698048 -0.743101 0.000513 -0.669179 -0.743116 -0.001838 -0.669160 -0.769690 -0.051797 -0.636313 -0.843770 0.050799 -0.534295 -0.866000 0.000596 -0.500043 -0.866011 -0.001723 -0.500022 -0.885181 -0.051720 -0.462362 -0.936412 0.050858 -0.347198 -0.951043 0.000649 -0.309056 -0.951050 -0.001716 -0.309033 -0.961990 -0.051757 -0.268136 -0.988149 0.050867 -0.144821 -0.994519 0.000598 -0.104552 -0.994521 -0.001457 -0.104531 -0.996725 -0.051460 -0.062374 -0.996652 0.051221 0.063734 -0.994521 0.000929 0.104529 -0.994519 -0.001219 0.104551 -0.987933 -0.051137 0.146198 -0.961630 0.051497 0.269472 -0.951051 0.001255 0.309032 -0.951043 -0.001207 0.309056 -0.935908 -0.051126 0.348515 -0.884557 0.051458 0.463585 -0.866011 0.001200 0.500023 -0.865999 -0.001108 0.500044 -0.843007 -0.051058 0.535474 -0.768840 0.051538 0.637361 -0.743116 0.001286 0.669161 -0.743100 -0.001043 0.669179 -0.713244 -0.050997 0.699059 
						-0.619466 0.051631 0.783324 -0.587739 0.001346 0.809050 -0.587721 -0.000826 0.809063 -0.552428 -0.050663 0.832019 -0.443210 0.051943 0.894912 -0.406681 0.001735 0.913569 -0.406656 -0.000898 0.913581 -0.367232 -0.050768 0.928743 -0.247355 0.051768 0.967541 -0.207846 0.001546 0.978160 -0.207820 -0.000967 0.978167 -0.166104 -0.050820 0.984798 -0.040711 0.051776 0.997829 0.000071 0.001552 0.999999 0.000096 -0.000741 1.000000 0.042093 -0.050504 0.997837 0.167427 0.052041 0.984510 0.207975 0.001891 0.978132 0.208006 -0.001032 0.978127 0.248853 -0.050820 0.967207 0.368652 0.051683 0.928130 0.406796 0.001543 0.913518 0.406822 -0.001012 0.913507 0.444412 -0.050812 0.894380 0.553527 0.051721 0.831224 0.587831 0.001584 0.808982 0.587855 -0.001024 0.808966 0.620608 -0.050771 0.782475 0.714193 0.051717 0.698036 0.743171 0.001646 0.669099 0.743193 -0.001196 0.669076 0.769749 -0.050957 0.636310 0.843743 0.051493 0.534271 0.866039 0.001422 0.499975 0.866055 -0.001393 0.499947 0.885218 -0.051166 0.462354 0.936413 0.051320 0.347126 0.951061 0.001257 0.308999 0.951071 -0.001510 0.308969 0.961996 -0.051277 0.268206 0.988127 0.051201 0.144855 0.994522 0.001177 0.104525 0.994524 -0.001604 0.104493 0.996730 -0.051375 0.062365 0.996660 0.051081 -0.063711 0.994523 0.001059 -0.104510 0.994519 -0.001729 -0.104542 0.987914 -0.051512 -0.146193 0.961643 0.050952 -0.269528 0.951067 0.000923 -0.308984 0.951055 -0.001885 -0.309014 0.935913 -0.051690 -0.348419 0.884579 0.050800 -0.463615 0.866048 0.000775 -0.499960 0.866031 -0.001956 -0.499986 0.843038 -0.051748 -0.535358 0.768901 0.050709 -0.637354 0.743186 0.000709 -0.669085 0.743162 -0.002159 -0.669108 0.713236 -0.052025 -0.698991 0.619513 0.050455 -0.783363 0.587842 0.000409 -0.808976 0.587817 -0.002115 -0.808991 0.552418 -0.051992 -0.831944 
						0.443175 0.050526 -0.895010 0.406809 0.000482 -0.913513 0.406782 -0.002117 -0.913523 0.367404 -0.051976 -0.928608 0.247485 0.050502 -0.967575 0.208000 0.000454 -0.978129 0.207969 -0.002355 -0.978133 0.166117 -0.052324 -0.984717 0.040688 0.050207 -0.997910 0.000091 0.000102 -1.000000 0.000067 -0.002101 -0.999998 -0.042027 -0.052043 -0.997760 -0.167447 0.050503 -0.984587 -0.207821 0.000411 -0.978167 -0.462819 -0.051902 -0.884932 -0.536452 0.051083 -0.842383 -0.463104 -0.052174 -0.884767 -0.482498 -0.042441 -0.874868 -0.518535 0.041389 -0.854054 -0.536630 0.050914 -0.842280 -0.329771 0.041088 -0.943166 -0.349954 0.050559 -0.935401 -0.269218 -0.052428 -0.961651 -0.290222 -0.042621 -0.956010 -0.349754 0.050733 -0.935467 -0.268912 -0.052163 -0.961751 -0.636827 -0.051766 -0.769267 -0.699890 0.051111 -0.712419 -0.637063 -0.052028 -0.769054 -0.653950 -0.042227 -0.755359 -0.684784 0.041433 -0.727567 -0.700033 0.050953 -0.712291 -0.782859 -0.051680 -0.620049 -0.832701 0.051194 -0.551351 -0.783044 -0.051939 -0.619794 -0.796711 -0.042143 -0.602889 -0.821080 0.041511 -0.569302 -0.832810 0.051041 -0.551201 -0.894682 -0.051604 -0.443714 -0.929117 0.051206 -0.366223 -0.894804 -0.051852 -0.443438 -0.904649 -0.042052 -0.424077 -0.921479 0.041509 -0.386205 -0.929187 0.051063 -0.366065 -0.967396 -0.051659 -0.247944 -0.984971 0.051252 -0.164942 -0.967457 -0.051901 -0.247656 -0.973059 -0.042092 -0.226680 -0.981653 0.041592 -0.186084 -0.985008 0.051103 -0.164764 -0.997814 -0.051401 -0.041529 -0.997722 0.051620 0.043431 -0.997814 -0.051665 -0.041209 -0.998931 -0.041898 -0.019510 -0.998875 0.041961 0.022067 -0.997722 0.051468 0.043616 -0.984662 -0.051046 0.166838 -0.966902 0.051846 0.249823 -0.984592 -0.051321 0.167165 -0.981169 -0.041545 0.188629 -0.972467 0.042135 0.229200 -0.966861 0.051685 0.250016 -0.928416 -0.051007 0.368024 -0.893813 0.051796 0.445439 
						-0.928285 -0.051273 0.368318 -0.920482 -0.041458 0.388580 -0.903553 0.042105 0.426403 -0.893736 0.051641 0.445611 -0.831645 -0.050993 0.552962 -0.781660 0.051885 0.621543 -0.831463 -0.051247 0.553212 -0.819612 -0.041458 0.571418 -0.795152 0.042200 0.604941 -0.781549 0.051730 0.621696 -0.698502 -0.050929 0.713793 -0.635245 0.052023 0.770557 -0.698287 -0.051168 0.713987 -0.682907 -0.041379 0.729332 -0.651945 0.042409 0.757079 -0.635140 0.051908 0.770651 -0.534967 -0.050609 0.843356 -0.461301 0.052289 0.885701 -0.534661 -0.050901 0.843533 -0.516398 -0.041145 0.855360 -0.480352 0.042564 0.876042 -0.461106 0.052103 0.885814 -0.347786 -0.050666 0.936204 -0.266955 0.052115 0.962299 -0.347515 -0.050901 0.936292 -0.327221 -0.041104 0.944053 -0.287699 0.042474 0.956779 -0.266824 0.052002 0.962341 -0.145594 -0.050759 0.988041 -0.060943 0.052176 0.996777 -0.145292 -0.051009 0.988073 -0.123805 -0.041230 0.991450 -0.082377 0.042556 0.995692 -0.060774 0.052036 0.996794 0.062800 -0.050497 0.996748 0.147438 0.052369 0.987684 0.063189 -0.050820 0.996707 0.084959 -0.041096 0.995537 0.126364 0.042631 0.991068 0.147697 0.052154 0.987657 0.268905 -0.050722 0.961830 0.349754 0.052072 0.935393 0.269125 -0.050913 0.961759 0.290124 -0.041126 0.956105 0.329662 0.042487 0.943142 0.349848 0.051990 0.935363 0.462857 -0.050787 0.884977 0.536597 0.052129 0.842227 0.463144 -0.051062 0.884811 0.482548 -0.041310 0.874895 0.518631 0.042498 0.853941 0.536770 0.051963 0.842127 0.636702 -0.050735 0.769439 0.699938 0.052104 0.712301 0.636935 -0.050995 0.769229 0.653859 -0.041269 0.755490 0.684786 0.042454 0.727506 0.700063 0.051964 0.712188 0.782787 -0.050896 0.620205 0.832760 0.051874 0.551199 0.782989 -0.051182 0.619926 0.796688 -0.041426 0.602969 0.821114 0.042208 0.569201 0.832888 0.051694 0.551022 
						0.894610 -0.051128 0.443913 0.929192 0.051738 0.365959 0.894736 -0.051386 0.443628 0.904617 -0.041642 0.424186 0.921528 0.042109 0.386022 0.929267 0.051584 0.365789 0.967350 -0.051234 0.248212 0.984982 0.051627 0.164759 0.967411 -0.051480 0.247922 0.973036 -0.041738 0.226845 0.981651 0.042020 0.185998 0.985015 0.051495 0.164602 0.997811 -0.051325 0.041688 0.997720 0.051515 -0.043594 0.997811 -0.051590 0.041369 0.998932 -0.041849 0.019584 0.998877 0.041875 -0.022157 0.997720 0.051355 -0.043788 0.984670 -0.051458 -0.166663 0.966861 0.051385 -0.250077 0.984601 -0.051733 -0.166989 0.981168 -0.041998 -0.188533 0.972447 0.041745 -0.229355 0.966819 0.051218 -0.250275 0.928479 -0.051614 -0.367781 0.893730 0.051275 -0.445666 0.928365 -0.051845 -0.368036 0.920534 -0.042103 -0.388388 0.903518 0.041672 -0.426519 0.893665 0.051143 -0.445811 0.831729 -0.051668 -0.552772 0.781599 0.051118 -0.621683 0.831536 -0.051940 -0.553038 0.819639 -0.042193 -0.571324 0.795119 0.041460 -0.605035 0.781488 0.050963 -0.621836 0.698546 -0.051939 -0.713677 0.635208 0.050915 -0.770661 0.698321 -0.052190 -0.713880 0.682902 -0.042424 -0.729277 0.651899 0.041298 -0.757181 0.635059 0.050750 -0.770795 0.534991 -0.051939 -0.843260 0.461154 0.050984 -0.885854 0.534721 -0.052196 -0.843415 0.516426 -0.042465 -0.855278 0.480284 0.041348 -0.876138 0.461000 0.050837 -0.885943 0.347959 -0.051887 -0.936073 0.267023 0.050888 -0.962346 0.347596 -0.052201 -0.936190 0.327237 -0.042444 -0.943988 0.287669 0.041167 -0.956845 0.266782 0.050680 -0.962423 0.145521 -0.052201 -0.987977 0.060885 0.050698 -0.996856 0.145279 -0.052402 -0.988002 0.123791 -0.042607 -0.991393 0.082375 0.041130 -0.995752 0.060767 0.050600 -0.996869 -0.126309 0.041143 -0.991137 -0.147633 0.050689 -0.987742 -0.063190 -0.052261 -0.996632 -0.084949 -0.042519 -0.995478 
						-0.147419 0.050867 -0.987765 -0.062848 -0.051977 -0.996669 -0.675151 0.713461 0.187470 -0.675147 0.713462 0.187480 -0.671780 0.717148 0.185499 -0.671777 0.717147 0.185515 -0.618823 0.716784 0.321370 -0.618821 0.716784 0.321374 -0.621602 0.713222 0.323922 -0.621601 0.713222 0.323923 -0.699011 0.713820 0.042934 -0.699010 0.713822 0.042939 -0.695293 0.717515 0.041707 -0.695293 0.717515 0.041713 -0.538676 0.716532 0.443182 -0.538673 0.716533 0.443185 -0.540807 0.713035 0.446216 -0.540804 0.713036 0.446218 -0.434864 0.716343 0.545662 -0.434859 0.716342 0.545666 -0.436327 0.712835 0.549077 -0.436322 0.712835 0.549080 -0.311964 0.716139 0.624358 -0.311962 0.716139 0.624359 -0.312681 0.712649 0.627983 -0.312677 0.712649 0.627984 -0.175410 0.715953 0.675753 -0.175401 0.715953 0.675755 -0.175333 0.712496 0.679417 -0.175331 0.712497 0.679417 0.004657 0.714286 0.699838 0.004657 0.714286 0.699838 0.005458 0.714702 0.699408 0.005459 0.714702 0.699408 0.177035 0.712482 0.678990 0.177030 0.712483 0.678991 0.177096 0.715896 0.675374 0.177092 0.715896 0.675375 0.314320 0.712594 0.627226 0.314318 0.712594 0.627227 0.313625 0.716013 0.623670 0.313624 0.716013 0.623670 0.437793 0.712712 0.548068 0.437792 0.712712 0.548069 0.436371 0.716142 0.544721 0.436368 0.716142 0.544724 0.542110 0.712835 0.444953 0.542104 0.712836 0.444959 0.539940 0.716354 0.441929 0.539939 0.716354 0.441930 0.622591 0.713040 0.322419 0.622587 0.713040 0.322427 0.619793 0.716616 0.319873 0.619791 0.716615 0.319878 0.675790 0.713294 0.185796 0.675788 0.713294 0.185803 0.672491 0.716902 0.183867 0.672489 0.716902 0.183874 0.699366 0.713579 0.041138 0.699366 0.713579 0.041147 0.695758 0.717165 0.039943 0.695758 0.717165 0.039948 0.692391 0.713843 -0.104990 0.692392 0.713842 -0.104987 
						0.684380 0.721599 -0.104498 0.684396 0.721583 -0.104498 0.666618 0.721705 -0.186449 0.666672 0.721765 -0.186021 0.660184 0.727951 -0.185054 0.660311 0.727926 -0.184700 -0.577198 -0.728270 0.369412 -0.577137 -0.728341 0.369366 -0.572842 -0.732003 0.368815 -0.572889 -0.731959 0.368828 0.488711 0.728498 -0.480056 0.488462 0.728458 -0.480368 0.492388 0.723086 -0.484460 0.492137 0.723049 -0.484770 0.402905 0.721292 -0.563388 0.402906 0.721292 -0.563387 0.404809 0.717643 -0.566673 0.404809 0.717643 -0.566673 0.255281 0.715468 -0.650336 0.255278 0.715468 -0.650338 0.250893 0.725906 -0.640401 0.250902 0.725848 -0.640464 0.169629 0.726088 -0.666349 0.170309 0.726223 -0.666030 0.166408 0.738420 -0.653486 0.167041 0.738340 -0.653415 0.004200 0.740962 -0.671534 0.004188 0.741089 -0.671394 0.001925 0.741070 -0.671425 0.001917 0.740945 -0.671563 -0.167922 0.738733 -0.652744 -0.168605 0.738705 -0.652600 -0.171278 0.726766 -0.665188 -0.171990 0.726669 -0.665111 -0.285348 0.724770 -0.627124 -0.285348 0.724806 -0.627082 -0.288296 0.717876 -0.633672 -0.288306 0.717876 -0.633667 -0.383194 0.718952 -0.579889 -0.383200 0.718951 -0.579885 -0.386054 0.715377 -0.582407 -0.386056 0.715378 -0.582405 -0.495579 0.718662 -0.487777 -0.495586 0.718662 -0.487771 -0.498882 0.715103 -0.489638 -0.498887 0.715103 -0.489632 -0.586360 0.718395 -0.374287 -0.586363 0.718395 -0.374283 -0.589976 0.714834 -0.375420 -0.589977 0.714835 -0.375416 -0.651602 0.718135 -0.244329 -0.651604 0.718135 -0.244323 -0.655412 0.714534 -0.244695 -0.655414 0.714535 -0.244688 -0.688445 0.717847 -0.103630 -0.688447 0.717847 -0.103622 -0.692294 0.714196 -0.103213 -0.692294 0.714197 -0.103203 0.069216 0.996047 -0.055679 0.062887 0.996569 -0.053812 0.062884 0.996569 -0.053818 0.069215 0.996046 -0.055684 0.056158 0.996051 -0.068772 0.050373 0.996572 -0.065631 
						0.050373 0.996572 -0.065631 0.056159 0.996051 -0.068771 0.040646 0.996053 -0.078913 0.035647 0.996573 -0.074643 0.035648 0.996573 -0.074643 0.040646 0.996053 -0.078913 0.023352 0.996053 -0.085630 0.019350 0.996574 -0.080410 0.019350 0.996574 -0.080411 0.023353 0.996053 -0.085629 0.005063 0.996056 -0.088587 0.002242 0.996576 -0.082652 0.002246 0.996576 -0.082651 0.005068 0.996056 -0.088584 -0.013466 0.996057 -0.087691 -0.015009 0.996576 -0.081304 -0.015013 0.996576 -0.081304 -0.013471 0.996056 -0.087692 0.004135 0.996839 -0.079337 0.003959 0.996772 -0.080192 0.003961 0.996772 -0.080192 0.004138 0.996839 -0.079337 0.014776 0.996578 -0.081328 0.013238 0.996060 -0.087684 0.013239 0.996060 -0.087684 0.014779 0.996578 -0.081328 -0.002448 0.996579 -0.082608 -0.005273 0.996062 -0.088505 -0.005271 0.996062 -0.088506 -0.002446 0.996579 -0.082609 -0.019539 0.996580 -0.080292 -0.023538 0.996062 -0.085474 -0.023540 0.996062 -0.085472 -0.019540 0.996580 -0.080292 -0.035761 0.996580 -0.074495 -0.040762 0.996062 -0.078732 -0.040766 0.996062 -0.078728 -0.035765 0.996580 -0.074492 -0.050429 0.996580 -0.065461 -0.056207 0.996062 -0.068570 -0.056210 0.996062 -0.068566 -0.050432 0.996580 -0.065457 -0.062912 0.996581 -0.053560 -0.069220 0.996061 -0.055416 -0.069221 0.996061 -0.055415 -0.062912 0.996581 -0.053561 -0.072655 0.996580 -0.039356 -0.079228 0.996060 -0.039854 -0.079228 0.996060 -0.039851 -0.072655 0.996580 -0.039354 -0.079248 0.996582 -0.023341 -0.086216 0.996025 -0.022369 -0.086195 0.996027 -0.022373 -0.079248 0.996582 -0.023339 -0.069169 0.995937 0.057665 -0.063402 0.996412 0.056061 -0.063442 0.996413 0.055998 -0.069172 0.995932 0.057739 0.083017 -0.996475 -0.012055 0.088668 -0.995942 -0.015419 0.088682 -0.995940 -0.015432 0.083004 -0.996476 -0.012051 -0.080236 0.996409 0.027034 -0.084632 0.995925 0.031163 
						-0.084591 0.995926 0.031224 -0.080287 0.996406 0.026982 -0.050341 0.996806 0.061995 -0.050397 0.996774 0.062464 -0.050398 0.996774 0.062464 -0.050338 0.996807 0.061991 -0.059196 0.996596 0.057382 -0.061885 0.996025 0.064067 -0.061878 0.996028 0.064029 -0.059195 0.996596 0.057383 0.016824 0.995831 0.089654 0.018295 0.996279 0.084229 0.018172 0.996280 0.084232 0.016928 0.995823 0.089719 0.004011 0.996563 0.082746 0.004012 0.996630 0.081934 0.004008 0.996630 0.081932 0.004009 0.996562 0.082749 -0.018003 0.996279 0.084284 -0.016753 0.995819 0.089794 -0.016631 0.995822 0.089786 -0.018125 0.996274 0.084313 0.028650 0.996774 0.074977 0.028927 0.996769 0.074934 0.028930 0.996769 0.074932 0.028651 0.996774 0.074966 0.073988 0.996066 0.048777 0.070307 0.996580 0.043416 0.070308 0.996580 0.043416 0.073989 0.996065 0.048777 0.082571 0.996062 0.032290 0.077845 0.996578 0.027803 0.077845 0.996578 0.027803 0.082572 0.996062 0.032290 0.087530 0.996058 0.014366 0.081959 0.996575 0.010951 0.081959 0.996575 0.010952 0.087531 0.996058 0.014366 0.088638 0.996055 -0.004201 0.082466 0.996573 -0.006388 0.082467 0.996573 -0.006389 0.088639 0.996055 -0.004203 0.085858 0.996050 -0.022645 0.079341 0.996570 -0.023508 0.079341 0.996570 -0.023512 0.085859 0.996050 -0.022648 0.079278 0.996047 -0.040068 0.072708 0.996569 -0.039550 0.072709 0.996569 -0.039549 0.079278 0.996047 -0.040069 -0.310608 0.003935 -0.950530 -0.310223 -0.005282 -0.950649 -0.310252 -0.004602 -0.950643 -0.310635 0.004613 -0.950518 -0.501349 0.004242 -0.865235 -0.500975 -0.005352 -0.865445 -0.501001 -0.004688 -0.865434 -0.501369 0.004794 -0.865221 -0.670281 0.004358 -0.742094 -0.669958 -0.005201 -0.742381 -0.669977 -0.004655 -0.742367 -0.670294 0.004786 -0.742080 -0.809934 0.004483 -0.586503 -0.809673 -0.005171 -0.586858 
						-0.809686 -0.004745 -0.586844 -0.809941 0.004773 -0.586492 -0.914164 0.004591 -0.405319 -0.913981 -0.005098 -0.405724 -0.913988 -0.004810 -0.405713 -0.914166 0.004728 -0.405313 -0.978470 0.004772 -0.206332 -0.978374 -0.005076 -0.206781 -0.978376 -0.004941 -0.206775 -0.978470 0.004754 -0.206333 -0.999986 0.005078 0.001529 -0.999987 -0.004980 0.001061 -0.999987 -0.004998 0.001061 -0.999987 0.004899 0.001521 -0.977835 0.005183 0.209315 -0.977933 -0.004693 0.208867 -0.977934 -0.004873 0.208858 -0.977839 0.004864 0.209301 -0.912920 0.005192 0.408106 -0.913107 -0.004544 0.407695 -0.913112 -0.004866 0.407681 -0.912931 0.004729 0.408087 -0.808140 0.005290 0.588967 -0.808408 -0.004466 0.588605 -0.808419 -0.004932 0.588586 -0.808158 0.004702 0.588947 -0.668027 0.005408 0.744117 -0.668360 -0.004327 0.743826 -0.668378 -0.004918 0.743806 -0.668052 0.004715 0.744100 -0.498812 0.005388 0.866694 -0.499184 -0.004113 0.866486 -0.499210 -0.004817 0.866468 -0.498841 0.004654 0.866681 0.307608 -0.005271 -0.951499 0.307998 0.003968 -0.951379 0.308029 0.004721 -0.951365 0.307641 -0.004494 -0.951492 -0.103123 0.005250 0.994655 -0.103518 -0.003902 0.994620 -0.103552 -0.004692 0.994613 -0.103157 0.004454 0.994655 0.105616 -0.000278 0.994407 0.105452 -0.003755 0.994417 0.105417 -0.004569 0.994418 0.105617 -0.000144 0.994407 0.304288 -0.002881 0.952576 0.304213 -0.006084 0.952585 0.304223 -0.006406 0.952579 0.304267 -0.003088 0.952582 0.500678 0.004464 0.865622 0.500665 -0.003338 0.865635 0.500656 -0.003954 0.865637 0.500673 0.003934 0.865628 0.674720 0.006710 0.738044 0.674683 0.003879 0.738098 0.674698 0.003691 0.738085 0.674702 0.006546 0.738061 0.809967 0.004334 0.586460 0.809896 0.001161 0.586572 0.809897 0.001271 0.586571 0.809961 0.004027 0.586470 0.914003 -0.004461 0.405683 0.913976 -0.003763 0.405750 
						0.913970 -0.004072 0.405760 0.914003 -0.004311 0.405684 0.976087 -0.009154 0.217189 0.976085 -0.007684 0.217252 0.976094 -0.007680 0.217212 0.976079 -0.009166 0.217225 0.999995 0.003066 -0.000653 0.999995 -0.003166 -0.000829 0.999995 -0.003138 -0.000829 0.999995 0.003193 -0.000652 0.975440 0.007693 -0.220131 0.975446 0.009194 -0.220045 0.975440 0.009145 -0.220077 0.975447 0.007677 -0.220098 0.912785 0.003647 -0.408424 0.912810 0.004595 -0.408359 0.912811 0.004229 -0.408361 0.912776 0.004119 -0.408439 0.808147 0.003520 -0.588970 0.808324 -0.004385 -0.588721 0.808315 -0.003916 -0.588737 0.808132 0.004094 -0.588987 0.667954 0.003523 -0.744194 0.668190 -0.004612 -0.743976 0.668176 -0.004049 -0.743992 0.667932 0.004221 -0.744210 0.498687 0.003601 -0.866775 0.498972 -0.004767 -0.866605 0.498950 -0.004087 -0.866621 0.498659 0.004328 -0.866787 0.307535 0.003570 -0.951530 0.307861 -0.004876 -0.951419 0.307835 -0.004164 -0.951431 0.307505 0.004329 -0.951537 0.102921 0.003714 -0.994683 0.103285 -0.005088 -0.994639 0.103255 -0.004349 -0.994645 0.102888 0.004490 -0.994683 -0.106061 0.003811 -0.994352 -0.105680 -0.005145 -0.994387 -0.105711 -0.004387 -0.994387 -0.106091 0.004511 -0.994346 
					</float_array>
					<technique_common>
						<accessor count="2986" offset="0" source="#meshId0-tangents-array" stride="3">
							<param name="X" type="float" />
							<param name="Y" type="float" />
							<param name="Z" type="float" />
						</accessor>
					</technique_common>
				</source>
				<source id="meshId0-bitangents" name="meshId0-bitangents">
					<float_array id="meshId0-bitangents-array" count="8958"> 
						0.406443 0.391346 -0.825623 0.347834 0.499378 -0.793494 0.282382 0.566423 -0.774226 0.355837 0.452309 -0.817800 0.208116 0.610645 -0.764068 0.278680 0.489202 -0.826449 0.096858 0.630284 -0.770299 0.151084 0.504201 -0.850268 -0.052605 0.634535 -0.771102 -0.021571 0.506220 -0.862135 -0.217413 0.632757 -0.743203 -0.207114 0.504449 -0.838233 -0.387269 0.625956 -0.676906 -0.396400 0.498887 -0.770700 -0.553969 0.612327 -0.564069 -0.583953 0.486683 -0.649722 -0.693690 0.594627 -0.406463 -0.739900 0.471489 -0.479839 -0.790835 0.573796 -0.212926 -0.848608 0.454012 -0.271545 -0.834877 0.550426 0.003366 -0.899697 0.434730 -0.039430 -0.820329 0.525118 0.226521 -0.888100 0.414152 0.199389 -0.747043 0.498498 0.439803 -0.814343 0.392793 0.427269 -0.619939 0.471175 0.627431 -0.684112 0.371140 0.627890 -0.448190 0.443719 0.776041 -0.507303 0.349617 0.787662 -0.244110 0.416639 0.875684 -0.296810 0.328586 0.896624 -0.021945 0.390434 0.920369 -0.067301 0.308383 0.948878 0.203260 0.365671 0.908278 0.165875 0.289400 0.942726 0.416722 0.343132 0.841786 0.387663 0.272229 0.880687 0.605536 0.323459 0.727117 0.584754 0.257504 0.769256 0.761824 0.304818 0.571585 0.749816 0.243374 0.615260 0.878088 0.286264 0.383426 0.875918 0.228015 0.425180 0.944426 0.274832 0.180354 0.950387 0.219282 0.220635 0.963187 0.267325 -0.028439 0.976989 0.213119 0.008478 0.936244 0.265400 -0.230239 0.957146 0.210523 -0.198878 0.869546 0.272102 -0.412129 0.896485 0.214043 -0.387943 0.773627 0.291454 -0.562633 0.805949 0.227155 -0.546669 0.663239 0.328195 -0.672608 0.701980 0.254702 -0.665095 0.555986 0.386059 -0.736097 0.605317 0.301617 -0.736626 0.469883 0.464367 -0.750715 0.535753 0.368291 -0.759823 0.403402 0.541658 -0.737478 0.489652 0.437207 -0.754381 0.274185 0.603964 -0.748365 0.191980 0.667300 -0.719621 
						0.118833 0.714757 -0.689204 0.026102 0.738735 -0.673490 -0.094110 0.746528 -0.658665 -0.232300 0.745366 -0.624873 -0.376789 0.738026 -0.559775 -0.515571 0.724958 -0.456752 -0.632894 0.707062 -0.315450 -0.714075 0.685421 -0.142458 -0.748882 0.660728 0.051128 -0.731644 0.633614 0.251457 -0.661479 0.604712 0.443587 -0.542135 0.574650 0.613080 -0.381397 0.544038 0.747368 -0.190190 0.513466 0.836768 0.018479 0.483527 0.875134 0.230608 0.454873 0.860181 0.432316 0.428258 0.793535 0.611008 0.404472 0.680493 0.757230 0.383252 0.528887 0.864483 0.363330 0.347361 0.925187 0.348961 0.149183 0.938684 0.340617 -0.053408 0.907216 0.339578 -0.248286 0.836216 0.348533 -0.423400 0.734706 0.370697 -0.568146 0.614800 0.409175 -0.674237 0.491228 0.466486 -0.735585 0.382100 0.544376 -0.746763 0.290856 0.621117 -0.727747 0.274725 0.644668 -0.713393 0.188093 0.699400 -0.689537 0.111138 0.741084 -0.662150 0.021635 0.763913 -0.644956 -0.089366 0.772812 -0.628311 -0.219496 0.772332 -0.596092 -0.356995 0.765705 -0.535024 -0.488211 0.754379 -0.438820 -0.600698 0.738391 -0.306499 -0.680449 0.718636 -0.143360 -0.717135 0.695745 0.040692 -0.704636 0.670272 0.232858 -0.641326 0.642755 0.419006 -0.530003 0.613744 0.585163 -0.377458 0.583792 0.718827 -0.193737 0.553465 0.810026 0.008813 0.523356 0.852069 0.216592 0.494119 0.841983 0.415857 0.466502 0.780666 0.593865 0.441322 0.672726 0.740123 0.419170 0.525846 0.847939 0.399024 0.348969 0.910713 0.383284 0.153936 0.926319 0.373887 -0.046266 0.896806 0.372070 -0.239379 0.827360 0.379869 -0.413734 0.726332 0.399584 -0.559263 0.604788 0.433463 -0.668088 0.476429 0.484051 -0.733969 0.359248 0.555075 -0.750221 0.261575 0.630388 -0.730882 0.221948 0.724782 -0.652250 0.131306 0.769337 -0.625203 0.054446 0.804865 -0.590956 -0.026165 0.825587 -0.563668 
						-0.120331 0.834425 -0.537825 -0.230394 0.834131 -0.501143 -0.346906 0.827760 -0.440986 -0.457042 0.817130 -0.351299 -0.551002 0.801946 -0.230824 -0.616460 0.782939 -0.083568 -0.643928 0.760665 0.082134 -0.627529 0.735608 0.255124 -0.565347 0.708243 0.422819 -0.459456 0.679052 0.572529 -0.315623 0.648541 0.692659 -0.142734 0.617248 0.773713 0.047989 0.585763 0.809060 0.243928 0.554755 0.795453 0.432087 0.525006 0.733260 0.600204 0.497355 0.626413 0.737572 0.472893 0.482037 0.837382 0.450863 0.309053 0.893753 0.432697 0.118230 0.903756 0.420919 -0.077802 0.868907 0.416838 -0.266921 0.793824 0.422190 -0.437719 0.686069 0.438887 -0.580248 0.555815 0.469021 -0.686360 0.415981 0.515490 -0.749153 0.283917 0.583071 -0.761196 0.169883 0.655693 -0.735667 0.136279 0.805881 -0.576181 0.045408 0.837578 -0.544428 -0.028011 0.865300 -0.500471 -0.096960 0.882678 -0.459867 -0.171308 0.890555 -0.421385 -0.256585 0.890043 -0.376812 -0.346283 0.883667 -0.314993 -0.429219 0.873358 -0.230253 -0.497992 0.858651 -0.121339 -0.542323 0.840124 0.008803 -0.554024 0.818255 0.153352 -0.527902 0.793467 0.302868 -0.462164 0.766171 0.446526 -0.358484 0.736790 0.573263 -0.221816 0.705772 0.672818 -0.059954 0.673615 0.736647 0.117103 0.640882 0.758655 0.297940 0.608238 0.735716 0.470642 0.576472 0.667964 0.623794 0.546428 0.558837 0.747023 0.519528 0.414785 0.833661 0.495211 0.244490 0.878444 0.474320 0.057937 0.878126 0.459549 -0.133079 0.833731 0.452218 -0.316848 0.749281 0.453821 -0.482311 0.631566 0.465992 -0.619658 0.489869 0.490727 -0.720566 0.336103 0.531103 -0.777794 0.186078 0.591982 -0.784176 0.050550 0.655887 -0.753165 0.074230 0.861709 -0.501944 -0.011169 0.882427 -0.470317 -0.080619 0.901371 -0.425477 -0.141932 0.914058 -0.379940 -0.203439 0.919941 -0.335143 -0.271853 0.918774 -0.286270 
						-0.342679 0.912361 -0.223983 -0.406285 0.902448 -0.143248 -0.456918 0.888468 -0.043029 -0.485897 0.870850 0.074326 -0.486128 0.849971 0.203048 -0.453026 0.826171 0.334976 -0.384939 0.799778 0.460626 -0.283274 0.771132 0.570186 -0.152368 0.740601 0.654442 0.000831 0.708609 0.705600 0.167294 0.675658 0.717983 0.336579 0.642357 0.688543 0.497633 0.609438 0.617209 0.639725 0.577687 0.506981 0.752738 0.548755 0.363667 0.830025 0.522285 0.195645 0.866733 0.498618 0.012400 0.859404 0.480426 -0.174973 0.808661 0.468980 -0.355140 0.718054 0.465599 -0.517315 0.593781 0.471738 -0.651834 0.444419 0.489280 -0.750398 0.280954 0.521199 -0.805864 0.117657 0.572189 -0.811638 -0.033637 0.627270 -0.778075 0.003712 0.905597 -0.424123 -0.072884 0.917087 -0.391969 -0.135499 0.928325 -0.346199 -0.188041 0.936308 -0.296594 -0.236935 0.939773 -0.246351 -0.288978 0.937597 -0.193397 -0.341200 0.930910 -0.130341 -0.385584 0.921150 -0.052995 -0.417795 0.907690 0.039323 -0.430698 0.890830 0.144640 -0.418366 0.870849 0.258054 -0.376951 0.848002 0.372558 -0.305104 0.822538 0.479940 -0.204127 0.794712 0.571633 -0.077895 0.764809 0.639531 0.067382 0.733171 0.676698 0.223581 0.700221 0.678014 0.381230 0.666487 0.640671 0.530195 0.632617 0.564525 0.660523 0.599324 0.452240 0.762562 0.568343 0.309008 0.829751 0.539553 0.142811 0.857638 0.512899 -0.037297 0.842720 0.490920 -0.220952 0.785288 0.474864 -0.397275 0.688464 0.465944 -0.555801 0.557921 0.465473 -0.687066 0.401593 0.475163 -0.782907 0.229571 0.497633 -0.836456 0.054551 0.536904 -0.841878 -0.111305 0.580300 -0.806761 -0.073503 0.936009 -0.344215 -0.138869 0.940287 -0.310767 -0.192349 0.945214 -0.263767 -0.234942 0.948909 -0.210652 -0.271220 0.949831 -0.155759 -0.307336 0.946429 -0.099080 -0.341356 0.939277 -0.035144 -0.366865 0.929446 0.039246 
						-0.380676 0.916313 0.124326 -0.377138 0.900057 0.218322 -0.351528 0.880863 0.317030 -0.300824 0.858908 0.414466 -0.224103 0.834359 0.503610 -0.122699 0.807393 0.577115 -0.000154 0.778209 0.628005 0.137954 0.747063 0.650281 0.284338 0.714286 0.639490 0.430468 0.680314 0.593187 0.567165 0.645691 0.511280 0.685324 0.611027 0.396203 0.775948 0.578014 0.252594 0.832634 0.546798 0.087938 0.851308 0.517045 -0.089097 0.828577 0.491082 -0.268883 0.764482 0.470128 -0.441074 0.661769 0.455329 -0.595598 0.525641 0.447864 -0.723270 0.363444 0.449185 -0.816175 0.184444 0.461356 -0.867831 -0.000097 0.487310 -0.873229 -0.178273 0.515985 -0.837841 -0.148697 0.952752 -0.264866 -0.201259 0.952242 -0.229631 -0.244455 0.952358 -0.182363 -0.277077 0.952353 -0.127489 -0.301956 0.950766 -0.069764 -0.324017 0.945993 -0.010511 -0.341843 0.938208 0.053942 -0.350454 0.928107 0.125694 -0.347507 0.915116 0.204456 -0.328693 0.899309 0.288453 -0.290435 0.880786 0.373982 -0.230558 0.859647 0.455906 -0.148636 0.835981 0.528246 -0.046122 0.809885 0.584772 0.073657 0.781477 0.619571 0.205633 0.750920 0.627563 0.343256 0.718445 0.604989 0.478867 0.684381 0.549826 0.604195 0.649157 0.462108 0.710975 0.613271 0.344112 0.790961 0.578249 0.200021 0.838006 0.544422 0.036765 0.848283 0.511409 -0.137394 0.818610 0.481246 -0.313496 0.748854 0.455108 -0.481762 0.641437 0.434082 -0.632560 0.501147 0.419203 -0.757047 0.334813 0.411607 -0.847632 0.150990 0.412704 -0.898264 -0.040217 0.424172 -0.904688 -0.227407 0.435833 -0.870825 -0.209727 0.959718 -0.186965 -0.248763 0.956739 -0.150891 -0.281848 0.953533 -0.106478 -0.306105 0.950487 -0.053609 -0.322631 0.946519 0.003501 -0.334614 0.940250 0.062958 -0.340534 0.931634 0.126867 -0.336409 0.921066 0.196127 -0.320492 0.908018 0.269791 -0.289557 0.892485 0.345871 
						-0.241037 0.874490 0.420914 -0.173542 0.854052 0.490386 -0.087134 0.831185 0.549125 0.016557 0.805902 0.591817 0.134332 0.778231 0.613442 0.261523 0.748238 0.609710 0.392179 0.716045 0.577472 0.519381 0.681860 0.515082 0.635638 0.645983 0.422693 0.733409 0.608800 0.302445 0.805145 0.571598 0.158166 0.845015 0.534729 -0.003747 0.849237 0.497991 -0.175501 0.814829 0.463116 -0.348679 0.741509 0.431236 -0.514004 0.631422 0.403385 -0.662259 0.489007 0.380454 -0.784938 0.320675 0.363232 -0.874774 0.134440 0.352463 -0.926119 -0.060447 0.348698 -0.935284 -0.253085 0.342714 -0.904707 -0.259236 0.959749 -0.108067 -0.284331 0.955993 -0.072340 -0.307344 0.951025 -0.033028 -0.324336 0.945825 0.014851 -0.334731 0.939823 0.068467 -0.339753 0.932040 0.125975 -0.337234 0.922409 0.188240 -0.323637 0.911191 0.254933 -0.297721 0.897883 0.324295 -0.257139 0.882431 0.393948 -0.200222 0.864792 0.460485 -0.126332 0.844908 0.519779 -0.036027 0.822711 0.567316 0.068849 0.798127 0.598542 0.185165 0.771087 0.609212 0.308565 0.741550 0.595727 0.433610 0.709520 0.555485 0.554020 0.675067 0.487182 0.663001 0.638348 0.391078 0.753652 0.599625 0.269182 0.819060 0.559919 0.125023 0.853743 0.519484 -0.035491 0.853897 0.478325 -0.205097 0.816648 0.437974 -0.375853 0.741561 0.399550 -0.538931 0.630535 0.364069 -0.685478 0.487726 0.332288 -0.807285 0.319248 0.304638 -0.897372 0.132736 0.281228 -0.950417 -0.063106 0.261700 -0.963084 -0.257815 0.238315 -0.936343 -0.301903 0.952972 -0.026431 -0.312677 0.949824 0.008195 -0.325532 0.944639 0.041076 -0.335734 0.938371 0.082116 -0.341165 0.930925 0.130331 -0.341132 0.921774 0.184285 -0.332424 0.911025 0.243981 -0.311342 0.899027 0.307922 -0.277226 0.885289 0.373374 -0.228463 0.869742 0.437439 -0.164212 0.852297 0.496614 -0.084571 0.832820 0.547045 
						0.009378 0.811158 0.584752 0.115545 0.787146 0.605847 0.230807 0.760620 0.606783 0.351061 0.731423 0.584617 0.471324 0.699427 0.537267 0.585908 0.664553 0.463769 0.688667 0.626800 0.364500 0.773318 0.586284 0.241351 0.833535 0.543783 0.097572 0.864255 0.499301 -0.061333 0.861682 0.453002 -0.228677 0.822952 0.406360 -0.397016 0.747480 0.360526 -0.557938 0.636929 0.316578 -0.702922 0.495242 0.275195 -0.824016 0.328369 0.236447 -0.914476 0.143771 0.199822 -0.969227 -0.050115 0.164315 -0.985134 -0.243177 0.123926 -0.962033 -0.341908 0.937829 0.059793 -0.337999 0.936561 0.092796 -0.340828 0.932671 0.118155 -0.344390 0.926531 0.151446 -0.345204 0.918401 0.193322 -0.340926 0.908197 0.242790 -0.327109 0.896338 0.299296 -0.299235 0.883535 0.360311 -0.257608 0.869249 0.421954 -0.201134 0.853485 0.480738 -0.129804 0.836115 0.532975 -0.044478 0.816934 0.575013 0.053220 0.795702 0.603346 0.160912 0.772168 0.614706 0.275447 0.746075 0.606219 0.392924 0.717151 0.575591 0.508779 0.685132 0.521285 0.617894 0.649778 0.442714 0.714778 0.610904 0.340425 0.793793 0.568451 0.216232 0.849151 0.523072 0.073059 0.876374 0.474281 -0.083818 0.871787 0.422280 -0.248327 0.832485 0.368637 -0.413613 0.757751 0.314582 -0.571710 0.649005 0.261415 -0.714461 0.510019 0.209864 -0.834169 0.346726 0.159643 -0.924281 0.166681 0.109524 -0.979909 -0.021596 0.057846 -0.998092 -0.208374 0.000755 -0.978049 -0.426474 0.888919 0.167160 -0.406487 0.891218 0.201246 -0.394663 0.890295 0.227193 -0.384954 0.885657 0.259658 -0.372924 0.877880 0.300424 -0.355527 0.867285 0.348450 -0.326644 0.854918 0.403012 -0.282723 0.841599 0.460195 -0.224528 0.827093 0.515271 -0.152084 0.811465 0.564265 -0.066655 0.794547 0.603534 0.029809 0.776061 0.629953 0.134907 0.755686 0.640890 0.245864 0.733112 0.634112 
						0.359474 0.708011 0.607864 0.472113 0.680001 0.560989 0.579826 0.648693 0.492950 0.678383 0.613694 0.403951 0.763389 0.574608 0.295064 0.830444 0.531064 0.168328 0.875006 0.483393 0.026393 0.893204 0.431533 -0.126354 0.882388 0.374998 -0.284197 0.840253 0.315017 -0.441291 0.765967 0.253234 -0.590903 0.660619 0.191387 -0.725915 0.527583 0.130539 -0.839414 0.372615 0.070214 -0.925326 0.203485 0.008297 -0.979043 0.029201 -0.058018 -0.997888 -0.139059 -0.134213 -0.981147 -0.471110 0.839992 0.269203 -0.437233 0.847681 0.300441 -0.416297 0.851547 0.318692 -0.401614 0.849523 0.342076 -0.386737 0.842291 0.375473 -0.364602 0.831253 0.419624 -0.328868 0.818063 0.471824 -0.277692 0.803526 0.526530 -0.210218 0.788210 0.578388 -0.127892 0.772126 0.622467 -0.033049 0.755055 0.654828 0.071432 0.736640 0.672502 0.182473 0.716478 0.673322 0.296961 0.694244 0.655622 0.411527 0.669586 0.618304 0.522565 0.642023 0.561009 0.626418 0.611087 0.483914 0.719363 0.576292 0.387821 0.797684 0.537104 0.274264 0.857799 0.492935 0.145584 0.896165 0.443697 0.004539 0.909712 0.389151 -0.144866 0.896380 0.328698 -0.297422 0.854490 0.263158 -0.447878 0.783407 0.194182 -0.590395 0.683980 0.124056 -0.718875 0.559067 0.054734 -0.827314 0.414157 -0.013884 -0.910100 0.257386 -0.084525 -0.962605 0.099054 -0.161580 -0.981876 -0.048813 -0.249692 -0.967094 -0.469899 0.806038 0.359857 -0.424569 0.820116 0.383604 -0.402970 0.831106 0.383247 -0.392468 0.832917 0.390151 -0.382905 0.826703 0.412245 -0.364186 0.815203 0.450346 -0.329947 0.800951 0.499613 -0.277960 0.785393 0.553079 -0.208287 0.769198 0.604111 -0.122734 0.752489 0.647067 -0.024323 0.734991 0.677641 0.083488 0.716248 0.692834 0.197204 0.695737 0.690695 0.313681 0.673194 0.669637 0.429485 0.648315 0.628673 0.540846 0.620433 0.567934 
						0.644230 0.589032 0.487861 0.736113 0.553554 0.389506 0.813055 0.513347 0.274622 0.871796 0.467716 0.145650 0.909307 0.416088 0.005652 0.923077 0.357716 -0.141307 0.911204 0.292109 -0.290482 0.872557 0.219325 -0.436510 0.806775 0.140810 -0.573836 0.714709 0.059364 -0.696898 0.598979 -0.021790 -0.800468 0.464306 -0.100527 -0.879951 0.318828 -0.179089 -0.930739 0.172848 -0.261219 -0.949678 0.039194 -0.351533 -0.935355 -0.517811 0.703936 0.486153 -0.466459 0.729403 0.500387 -0.447992 0.750522 0.485819 -0.438304 0.756881 0.484789 -0.424231 0.751842 0.504739 -0.395139 0.740352 0.543824 -0.345823 0.726203 0.594169 -0.278105 0.710678 0.646216 -0.191857 0.694857 0.693084 -0.090431 0.678770 0.728761 0.021984 0.662072 0.749118 0.141079 0.644267 0.751676 0.262459 0.624621 0.735502 0.383229 0.603118 0.699560 0.500078 0.579743 0.643289 0.608821 0.553441 0.568365 0.706452 0.523846 0.475932 0.790058 0.490420 0.367827 0.857029 0.452461 0.246538 0.905216 0.409040 0.115196 0.932952 0.359278 -0.022807 0.938469 0.303520 -0.164779 0.921408 0.240227 -0.305448 0.882216 0.168379 -0.439708 0.821523 0.088814 -0.563216 0.740632 0.003843 -0.671899 0.641632 -0.082662 -0.762545 0.528413 -0.167639 -0.832272 0.405796 -0.248540 -0.879521 0.286948 -0.332903 -0.898241 0.188422 -0.426907 -0.884447 -0.463396 0.644360 0.608329 -0.426061 0.694504 0.579773 -0.433517 0.732376 0.525060 -0.443520 0.743073 0.501131 -0.441080 0.737067 0.512035 -0.415080 0.723931 0.551028 -0.365485 0.708503 0.603692 -0.296906 0.691750 0.658277 -0.208166 0.675119 0.707730 -0.103878 0.658319 0.745537 0.011592 0.640946 0.767498 0.134026 0.622591 0.770984 0.258326 0.602215 0.755384 0.381976 0.580034 0.719483 0.501316 0.555791 0.663158 0.612478 0.528815 0.587558 0.712232 0.498740 0.493948 0.797515 0.465072 0.384289 
						0.865617 0.427181 0.261195 0.914332 0.384207 0.127991 0.942242 0.334750 -0.011097 0.948056 0.278849 -0.153081 0.931475 0.215409 -0.293178 0.893555 0.142661 -0.425685 0.835933 0.060141 -0.545527 0.761024 -0.031188 -0.647974 0.672239 -0.128595 -0.729080 0.571251 -0.223425 -0.789781 0.469848 -0.321202 -0.822236 0.385486 -0.428767 -0.817043 0.334966 -0.542356 -0.770485 -0.321825 0.678865 0.659978 -0.315465 0.770657 0.553687 -0.354849 0.822549 0.444405 -0.395593 0.831468 0.390087 -0.415949 0.820469 0.392195 -0.410679 0.803544 0.430883 -0.382146 0.785078 0.487460 -0.332161 0.766151 0.550165 -0.261643 0.747255 0.610862 -0.173841 0.727937 0.663240 -0.071713 0.707847 0.702716 0.040285 0.685874 0.726604 0.160388 0.662506 0.731684 0.284560 0.637258 0.716190 0.407979 0.608544 0.680608 0.527955 0.577186 0.622992 0.640158 0.542593 0.543867 0.740417 0.504305 0.444364 0.824706 0.461814 0.326478 0.889302 0.414571 0.193062 0.931361 0.360808 0.048834 0.948667 0.299491 -0.101664 0.939357 0.230645 -0.253793 0.903526 0.152165 -0.400607 0.842653 0.062313 -0.534839 0.759875 -0.039929 -0.648842 0.659307 -0.151397 -0.736473 0.551440 -0.276176 -0.787173 0.452367 -0.419141 -0.787201 0.379019 -0.569496 -0.729397 0.338939 -0.695674 -0.633371 0.311395 -0.012192 0.950202 0.311264 -0.011066 0.950259 0.308456 0.012443 0.951157 0.308318 0.013547 0.951187 -0.945009 -0.112473 0.307095 -0.951067 0.000374 0.308983 -0.951067 0.000368 0.308984 -0.945017 -0.112398 0.307099 -0.951086 0.000374 0.308925 -0.951087 0.000213 0.308924 -0.951087 0.000212 0.308923 -0.951087 0.000368 0.308924 0.501928 -0.012301 0.864822 0.501811 -0.011174 0.864905 0.499250 0.012351 0.866370 0.499122 0.013457 0.866427 -0.860499 -0.112447 0.496887 -0.866027 0.000512 0.499997 -0.866028 0.000511 0.499996 -0.860508 -0.112357 0.496892 
						-0.866033 0.000512 0.499987 -0.866033 0.000350 0.499986 -0.866034 0.000350 0.499984 -0.866034 0.000511 0.499985 0.670570 -0.012436 0.741742 0.670473 -0.011312 0.741848 0.668272 0.012238 0.743817 0.668158 0.013344 0.743900 -0.738394 -0.112450 0.664928 -0.743148 0.000633 0.669127 -0.743148 0.000635 0.669127 -0.738403 -0.112349 0.664936 -0.743141 0.000633 0.669134 -0.743142 0.000472 0.669134 -0.743142 0.000472 0.669134 -0.743142 0.000635 0.669134 0.809652 -0.012658 0.586773 0.809579 -0.011529 0.586897 0.807836 0.012040 0.589285 0.807742 0.013145 0.589389 -0.584014 -0.112480 0.803913 -0.587782 0.000732 0.809019 -0.587779 0.000734 0.809021 -0.584018 -0.112373 0.803925 -0.587800 0.000732 0.809006 -0.587800 0.000572 0.809006 -0.587800 0.000572 0.809006 -0.587800 0.000734 0.809006 0.913851 -0.012828 0.405847 0.913806 -0.011698 0.405983 0.912597 0.011895 0.408687 0.912527 0.013003 0.408809 -0.404136 -0.112534 0.907750 -0.406750 0.000806 0.913539 -0.406749 0.000808 0.913540 -0.404140 -0.112428 0.907762 -0.406742 0.000806 0.913543 -0.406741 0.000647 0.913543 -0.406741 0.000647 0.913543 -0.406741 0.000808 0.913543 0.978208 -0.013002 0.207221 0.978192 -0.011875 0.207363 0.977574 0.011740 0.210265 0.977531 0.012851 0.210399 -0.206557 -0.112612 0.971932 -0.207895 0.000857 0.978151 -0.207893 0.000853 0.978151 -0.206557 -0.112510 0.971944 -0.207896 0.000857 0.978151 -0.207896 0.000694 0.978151 -0.207896 0.000694 0.978151 -0.207896 0.000853 0.978151 0.999913 -0.013168 -0.000481 0.999927 -0.012042 -0.000338 0.999929 0.011587 0.002633 0.999915 0.012703 0.002774 -0.000001 -0.112708 0.993628 0.000000 0.000877 1.000000 0.000000 0.000871 1.000000 -0.000001 -0.112617 0.993638 0.000001 0.000877 1.000000 0.000000 0.000710 1.000000 -0.000001 0.000710 1.000000 -0.000000 0.000871 1.000000 
						0.977997 -0.013329 -0.208192 0.978041 -0.012205 -0.208056 0.978665 0.011447 -0.205145 0.978681 0.012566 -0.205004 0.206566 -0.112820 0.971906 0.207910 0.000863 0.978148 0.207910 0.000860 0.978148 0.206568 -0.112741 0.971915 0.207935 0.000863 0.978142 0.207935 0.000694 0.978142 0.207935 0.000694 0.978142 0.207935 0.000860 0.978142 0.913391 -0.013474 -0.406861 0.913462 -0.012351 -0.406737 0.914682 0.011315 -0.404015 0.914728 0.012439 -0.403880 0.404109 -0.112948 0.907711 0.406742 0.000814 0.913543 0.406742 0.000817 0.913543 0.404112 -0.112880 0.907718 0.406729 0.000814 0.913549 0.406728 0.000647 0.913549 0.406728 0.000647 0.913549 0.406728 0.000817 0.913549 0.808883 -0.013592 -0.587813 0.808978 -0.012470 -0.587706 0.810743 0.011204 -0.585295 0.810816 0.012332 -0.585172 0.583970 -0.113081 0.803860 0.587779 0.000735 0.809021 0.587780 0.000739 0.809020 0.583975 -0.113032 0.803864 0.587786 0.000735 0.809016 0.587787 0.000572 0.809016 0.587787 0.000572 0.809016 0.587787 0.000739 0.809016 0.669008 -0.013687 -0.743129 0.669123 -0.012566 -0.743046 0.671356 0.011121 -0.741052 0.671453 0.012253 -0.740946 -0.738328 0.113212 -0.664872 -0.743147 -0.000631 -0.669128 -0.743149 -0.000635 -0.669126 -0.738332 0.113185 -0.664872 0.743147 0.000631 0.669128 0.743147 0.000471 0.669128 0.743147 0.000471 0.669128 0.743147 0.000635 0.669128 -0.499858 0.013749 0.865998 -0.499988 0.012630 0.865940 -0.502591 -0.011059 0.864454 -0.502708 -0.012194 0.864370 0.860411 -0.113338 0.496838 0.866026 0.000510 0.499998 0.866026 0.000509 0.499998 0.860411 -0.113332 0.496839 0.866022 0.000510 0.500006 0.866022 0.000349 0.500006 0.866022 0.000349 0.500006 0.866022 0.000509 0.500006 0.308799 -0.013773 -0.951027 0.308939 -0.012653 -0.950998 0.311796 0.011029 -0.950085 0.311929 0.012168 -0.950028 
						0.944896 -0.113453 0.307084 0.951060 0.000372 0.309005 0.951059 0.000372 0.309009 0.944893 -0.113470 0.307087 0.951058 0.000372 0.309011 0.951058 0.000212 0.309011 0.951058 0.000212 0.309011 0.951058 0.000372 0.309011 0.104179 -0.013761 -0.994463 0.104321 -0.012642 -0.994463 0.107308 0.011037 -0.994165 0.107450 0.012176 -0.994136 0.988081 -0.113551 0.103934 0.994522 0.000222 0.104529 0.994522 0.000225 0.104529 0.988077 -0.113589 0.103933 0.994522 0.000222 0.104530 0.994522 0.000064 0.104530 0.994522 0.000065 0.104530 0.994522 0.000225 0.104530 -0.105016 -0.013719 -0.994376 -0.104877 -0.012600 -0.994405 -0.101892 0.011070 -0.994734 -0.101748 0.012209 -0.994735 0.988089 -0.113628 -0.103771 0.994522 0.000067 -0.104529 0.994522 0.000072 -0.104529 0.988083 -0.113686 -0.103770 0.994522 0.000067 -0.104527 0.994522 -0.000086 -0.104527 0.994522 -0.000086 -0.104528 0.994522 0.000072 -0.104528 -0.309680 -0.013638 -0.950743 -0.309550 -0.012520 -0.950801 -0.306699 0.011136 -0.951742 -0.306558 0.012275 -0.951773 -0.944918 0.113684 0.306930 -0.951060 0.000082 0.309007 -0.951060 0.000079 0.309007 -0.944910 0.113757 0.306927 0.951060 -0.000082 -0.309007 0.951060 -0.000233 -0.309007 0.951060 -0.000234 -0.309007 0.951060 -0.000079 -0.309007 -0.500799 -0.013527 -0.865458 -0.500685 -0.012408 -0.865541 -0.498091 0.011229 -0.867052 -0.497960 0.012368 -0.867112 0.860444 -0.113712 -0.496694 0.866026 -0.000215 -0.499998 0.866028 -0.000219 -0.499996 0.860437 -0.113800 -0.496688 0.866040 -0.000215 -0.499975 0.866040 -0.000371 -0.499975 0.866039 -0.000371 -0.499975 0.866040 -0.000219 -0.499976 -0.669986 -0.013394 -0.742253 -0.669891 -0.012274 -0.742358 -0.667669 0.011346 -0.744372 -0.667553 0.012483 -0.744458 0.738358 -0.113707 -0.664754 0.743138 -0.000330 -0.669138 0.743141 -0.000337 -0.669135 0.738353 -0.113810 -0.664742 
						0.743109 -0.000330 -0.669170 0.743109 -0.000492 -0.669170 0.743109 -0.000493 -0.669170 0.743109 -0.000337 -0.669170 -0.810163 -0.013168 -0.586057 -0.810091 -0.012054 -0.586180 -0.808337 0.011544 -0.588607 -0.808241 0.012685 -0.588715 0.584021 -0.113677 -0.803740 0.587791 -0.000429 -0.809013 0.587791 -0.000432 -0.809013 0.584014 -0.113784 -0.803730 0.587816 -0.000429 -0.808994 0.587816 -0.000593 -0.808995 0.587815 -0.000592 -0.808995 0.587816 -0.000432 -0.808995 -0.914415 -0.012998 -0.404569 -0.914371 -0.011883 -0.404703 -0.913159 0.011690 -0.407437 -0.913087 0.012827 -0.407562 0.404131 -0.113624 -0.907617 0.406735 -0.000509 -0.913546 0.406737 -0.000505 -0.913545 0.404127 -0.113729 -0.907605 -0.406727 0.000509 0.913550 -0.406727 0.000668 0.913549 -0.406727 0.000668 0.913550 -0.406727 0.000505 0.913550 -0.978600 -0.012826 -0.205370 -0.978585 -0.011709 -0.205511 -0.977965 0.011845 -0.208432 -0.977922 0.012979 -0.208568 0.206577 -0.113548 -0.971819 0.207905 -0.000557 -0.978149 0.207900 -0.000554 -0.978150 0.206570 -0.113648 -0.971809 0.207916 -0.000557 -0.978147 0.207915 -0.000714 -0.978146 0.207915 -0.000714 -0.978147 0.207915 -0.000554 -0.978147 -0.999916 -0.012655 0.002799 -0.999930 -0.011537 0.002658 -0.999928 0.011997 -0.000323 -0.999914 0.013126 -0.000465 -0.000004 -0.113451 -0.993544 -0.000004 -0.000573 -1.000000 -0.000004 -0.000572 -1.000000 -0.000004 -0.113543 -0.993533 -0.000014 -0.000573 -1.000000 -0.000014 -0.000730 -1.000000 -0.000014 -0.000730 -1.000000 -0.000014 -0.000572 -1.000000 -0.977447 -0.012494 0.210812 -0.977489 -0.011375 0.210677 -0.978103 0.012142 0.207767 -0.978119 0.013267 0.207625 -0.206580 -0.113334 -0.971844 -0.207903 -0.000560 -0.978149 -0.207904 -0.000557 -0.978149 -0.206579 -0.113418 -0.971834 -0.207904 -0.000560 -0.978149 -0.207904 -0.000715 -0.978149 -0.207905 -0.000714 -0.978149 -0.207904 -0.000557 -0.978149 
						-0.912219 -0.012355 0.409517 -0.912289 -0.011234 0.409394 -0.913489 0.012267 0.406679 -0.913533 0.013388 0.406543 -0.404159 -0.113208 -0.907656 -0.406744 -0.000517 -0.913542 -0.406742 -0.000513 -0.913543 -0.404155 -0.113275 -0.907650 -0.406754 -0.000517 -0.913537 -0.406754 -0.000668 -0.913537 -0.406754 -0.000668 -0.913537 -0.406754 -0.000513 -0.913537 -0.807093 -0.012232 0.590297 -0.807187 -0.011110 0.590191 -0.808921 0.012379 0.587788 -0.808991 0.013494 0.587665 -0.584045 -0.113076 -0.803807 -0.587776 -0.000447 -0.809024 -0.587775 -0.000442 -0.809025 -0.584040 -0.113124 -0.803803 -0.587779 -0.000447 -0.809021 -0.587780 -0.000593 -0.809021 -0.587781 -0.000593 -0.809020 -0.587780 -0.000442 -0.809021 -0.666717 -0.012142 0.745212 -0.666831 -0.011019 0.745127 -0.669022 0.012465 0.743138 -0.669117 0.013578 0.743033 0.738439 0.112944 0.664794 0.743154 0.000344 0.669121 0.743154 0.000345 0.669121 0.738437 0.112972 0.664792 -0.743154 -0.000344 -0.669121 -0.743154 -0.000492 -0.669121 -0.743154 -0.000492 -0.669120 -0.743154 -0.000345 -0.669121 -0.497233 -0.012083 0.867533 -0.497362 -0.010959 0.867474 -0.499914 0.012522 0.865984 -0.500028 0.013632 0.865902 -0.860528 -0.112817 -0.496752 -0.866023 -0.000214 -0.500004 -0.866024 -0.000223 -0.500003 -0.860529 -0.112824 -0.496751 -0.866023 -0.000214 -0.500005 -0.866022 -0.000370 -0.500006 -0.866020 -0.000370 -0.500008 -0.866021 -0.000223 -0.500007 -0.306089 -0.012054 0.951927 -0.306228 -0.010929 0.951896 -0.309030 0.012547 0.950970 -0.309158 0.013654 0.950913 -0.945023 -0.112704 -0.306968 -0.951059 -0.000072 -0.309010 -0.951059 -0.000079 -0.309010 -0.945025 -0.112687 -0.306969 -0.951060 -0.000072 -0.309006 -0.951060 -0.000233 -0.309005 -0.951060 -0.000232 -0.309005 -0.951060 -0.000079 -0.309006 -0.101601 -0.012063 0.994752 -0.101744 -0.010937 0.994750 -0.104676 0.012550 0.994427 -0.104813 0.013656 0.994398 
						-0.988199 -0.112606 -0.103838 -0.994516 0.000070 -0.104583 -0.994516 0.000076 -0.104581 -0.988204 -0.112567 -0.103836 -0.994509 0.000070 -0.104651 -0.994509 -0.000085 -0.104652 -0.994509 -0.000086 -0.104653 -0.994509 0.000076 -0.104653 0.107213 -0.012119 0.994162 0.107073 -0.010992 0.994190 0.104138 0.012509 0.994484 0.103999 0.013613 0.994484 -0.988189 -0.112526 0.104021 -0.994514 0.000222 0.104606 -0.994513 0.000222 0.104609 -0.988195 -0.112470 0.104025 -0.994499 0.000222 0.104744 -0.994499 0.000065 0.104744 -0.994499 0.000065 0.104744 -0.994499 0.000222 0.104744 -0.000595 0.000720 1.000000 -0.001087 0.000717 0.999999 -0.000748 0.000716 0.999999 -0.000719 0.000714 1.000000 -0.000739 0.000712 0.999999 -0.000730 0.000711 0.999999 -0.000675 0.000710 1.000000 -0.000739 0.000710 0.999999 -0.000735 0.000710 0.999999 -0.000727 0.000710 1.000000 -0.000743 0.000711 0.999999 -0.000736 0.000712 0.999999 -0.000733 0.000714 0.999999 -0.000731 0.000716 0.999999 -0.000729 0.000718 1.000000 -0.000731 0.000720 0.999999 -0.000731 0.000722 1.000000 -0.000731 0.000724 0.999999 -0.000730 0.000726 0.999999 -0.000734 0.000727 0.999999 -0.000742 0.000729 0.999999 -0.000713 0.000729 0.999999 -0.000688 0.000730 0.999999 -0.000746 0.000730 0.999999 -0.000798 0.000730 0.999999 -0.000693 0.000729 0.999999 -0.000821 0.000728 0.999999 -0.000577 0.000726 1.000000 -0.000725 0.000724 0.999999 -0.000735 0.000722 0.999999 -0.143439 0.906326 -0.397490 -0.116970 0.797479 -0.591900 -0.236654 0.799168 -0.552562 -0.236250 0.889420 -0.391303 -0.343041 0.803457 -0.486600 -0.298120 0.901945 -0.312441 -0.433493 0.806695 -0.401655 -0.356324 0.902132 -0.243295 -0.505552 0.808391 -0.301531 -0.414260 0.893529 -0.173191 -0.557181 0.808417 -0.189764 -0.462215 0.882106 -0.090811 -0.586629 0.806830 -0.069940 -0.495849 0.868400 0.003824 
						-0.594188 0.802496 0.054238 -0.510199 0.853170 0.108615 -0.577550 0.796460 0.179129 -0.502328 0.836327 0.219600 -0.534705 0.790227 0.299386 -0.470589 0.817425 0.332208 -0.467728 0.782863 0.410313 -0.413116 0.796942 0.440702 -0.378295 0.774483 0.507020 -0.329968 0.775235 0.538638 -0.269154 0.765205 0.584823 -0.223265 0.752312 0.619822 -0.144117 0.755148 0.639517 -0.096645 0.728165 0.678554 -0.007990 0.744443 0.667639 0.044871 0.702838 0.709933 0.133569 0.733223 0.666741 0.195059 0.676358 0.710275 0.274304 0.721613 0.635635 0.346820 0.648706 0.677419 0.407650 0.709737 0.574539 0.492560 0.619833 0.610895 0.527062 0.697734 0.485153 0.624593 0.589704 0.511989 0.626392 0.685745 0.370657 0.735538 0.558315 0.383757 0.700244 0.673893 0.235641 0.818775 0.525596 0.230991 0.744292 0.662307 0.085897 0.868729 0.491645 0.059971 0.754393 0.652494 -0.071710 0.881437 0.456346 -0.121725 0.730634 0.643012 -0.229584 0.854073 0.420938 -0.305567 0.674443 0.632445 -0.380972 0.786100 0.386703 -0.482190 0.586272 0.622641 -0.518269 0.679680 0.354291 -0.642272 0.469697 0.613745 -0.634588 0.538525 0.326929 -0.776601 0.329818 0.605882 -0.723966 0.369030 0.307607 -0.877038 0.173022 0.599031 -0.781809 0.179799 0.298253 -0.937399 0.006550 0.593185 -0.805039 -0.019845 0.310881 -0.950242 -0.161457 0.590711 -0.790564 -0.216962 0.316197 -0.923551 -0.279403 0.832587 0.478261 -0.285650 0.894736 0.343295 -0.326678 0.912651 0.245662 -0.379311 0.902806 0.202645 -0.406324 0.885892 0.223821 -0.413954 0.867875 0.274653 -0.402356 0.849610 0.340987 -0.371303 0.831020 0.414174 -0.320852 0.811864 0.487781 -0.252402 0.791484 0.556639 -0.167180 0.769478 0.616404 -0.066554 0.745787 0.662852 0.047332 0.720572 0.691762 0.169963 0.692371 0.701238 0.298124 0.661257 0.688375 0.427523 0.627178 0.651055 
						0.553120 0.589857 0.588326 0.669519 0.549041 0.500298 0.771190 0.504422 0.388361 0.852785 0.455658 0.255212 0.909582 0.402015 0.105090 0.937609 0.343021 -0.056796 0.933850 0.278609 -0.224278 0.896926 0.208322 -0.390033 0.827462 0.131211 -0.545976 0.728262 0.045977 -0.683754 0.605332 -0.051384 -0.794313 0.466145 -0.161145 -0.869909 0.315641 -0.267047 -0.910526 0.165712 -0.370432 -0.913958 0.023655 -0.463365 -0.885852 0.710930 0.383918 0.589224 0.753985 0.302685 0.583000 0.707680 0.392586 0.587422 0.637769 0.480311 0.602123 0.810261 0.226349 0.540595 0.787185 0.312361 0.531761 0.879929 0.174500 0.441899 0.869430 0.259370 0.420498 0.946036 0.150400 0.287045 0.936432 0.229955 0.264984 0.985001 0.137741 0.103929 0.973158 0.215375 0.081095 0.985655 0.135818 -0.100189 0.969355 0.213692 -0.121188 0.940412 0.140500 -0.309653 0.919329 0.219977 -0.326257 0.845970 0.150791 -0.511465 0.820943 0.233148 -0.521244 0.704778 0.164370 -0.690123 0.676967 0.251097 -0.691857 0.515722 0.185319 -0.836474 0.493636 0.272917 -0.825736 0.302110 0.203083 -0.931389 0.286827 0.292895 -0.912109 0.080157 0.216157 -0.973063 0.065128 0.313805 -0.947251 -0.159411 0.237986 -0.958097 -0.164374 0.340286 -0.925844 -0.387583 0.259736 -0.884486 -0.376790 0.362936 -0.852236 -0.590501 0.281700 -0.756276 -0.569219 0.391519 -0.722982 -0.756296 0.305292 -0.578630 -0.721814 0.419508 -0.550452 -0.871212 0.328719 -0.364601 -0.825533 0.451966 -0.337966 -0.926041 0.361902 -0.107121 -0.869261 0.482164 -0.109103 -0.914722 0.382358 0.130712 -0.857528 0.502998 0.107889 -0.837477 0.406327 0.365419 -0.777570 0.534644 0.330969 -0.694250 0.432199 0.575518 -0.651489 0.557993 0.514010 -0.525177 0.446172 0.724651 -0.485209 0.578908 0.655315 -0.293832 0.469727 0.832478 -0.271987 0.604757 0.748526 -0.059032 0.486207 0.871848 
						-0.069063 0.619216 0.782177 0.176985 0.501200 0.847039 0.136799 0.633378 0.761655 0.356595 0.503357 0.787065 0.302261 0.637023 0.709112 0.519419 0.505738 0.688791 0.439796 0.635591 0.634511 0.623497 0.493222 0.606616 0.533838 0.618458 0.576651 0.685850 0.459619 0.564234 0.599799 0.577747 0.553579 0.731703 0.403042 0.549697 0.663778 0.517201 0.540280 0.639714 0.466237 0.611055 0.541785 0.552950 0.633021 0.742353 0.388008 0.546224 0.838278 0.334262 0.430765 0.912773 0.299054 0.278229 0.954223 0.283508 0.095300 0.954586 0.279805 -0.102346 0.908879 0.286515 -0.303065 0.814654 0.303214 -0.494368 0.678131 0.322970 -0.660173 0.507020 0.344233 -0.790212 0.310406 0.366923 -0.876935 0.093607 0.396841 -0.913102 -0.122601 0.425275 -0.896722 -0.329594 0.457526 -0.825856 -0.511215 0.490437 -0.705784 -0.655125 0.522877 -0.545354 -0.752364 0.553546 -0.357121 -0.798013 0.582721 -0.153661 -0.787540 0.613729 0.055830 -0.717876 0.647052 0.256861 -0.609999 0.670815 0.421792 -0.458545 0.696108 0.552422 -0.276323 0.720761 0.635727 -0.101541 0.735210 0.670191 0.070629 0.747256 0.660773 0.212814 0.749996 0.626272 0.329444 0.745160 0.579829 0.418398 0.725728 0.546134 0.492084 0.683090 0.539668 0.574794 0.629615 0.522681 0.593117 0.494915 0.635036 0.480557 0.582587 0.655483 0.709304 0.423413 0.563568 0.813945 0.373922 0.444608 0.893853 0.342227 0.289667 0.938933 0.326601 0.108333 0.941883 0.324263 -0.087804 0.898137 0.333534 -0.286539 0.808247 0.350059 -0.473492 0.678561 0.368398 -0.635482 0.512836 0.391841 -0.763845 0.317918 0.422083 -0.848984 0.108836 0.454203 -0.884225 -0.100329 0.486295 -0.868016 -0.297185 0.518720 -0.801630 -0.469901 0.552404 -0.688508 -0.606560 0.584854 -0.538545 -0.699019 0.618056 -0.359693 -0.741293 0.650298 -0.166123 -0.731636 0.681113 0.028180 
						-0.673941 0.708883 0.208057 -0.572650 0.734954 0.363201 -0.430092 0.761977 0.484161 -0.274087 0.781822 0.560028 -0.121315 0.794189 0.595438 0.028875 0.804043 0.593869 0.160209 0.807969 0.567026 0.266057 0.802926 0.533408 0.349311 0.783100 0.514525 0.426725 0.744827 0.512970 0.515713 0.702503 0.490438 0.543056 0.504975 0.670887 0.414554 0.592368 0.690829 0.672664 0.440976 0.594191 0.786743 0.398824 0.471142 0.873202 0.372893 0.313799 0.923235 0.360741 0.132299 0.930128 0.361781 -0.063051 0.890746 0.373148 -0.259485 0.807403 0.389331 -0.443308 0.682645 0.411245 -0.604047 0.521306 0.440057 -0.731157 0.335039 0.471494 -0.815747 0.135582 0.504414 -0.852751 -0.064271 0.537624 -0.840732 -0.252956 0.572214 -0.780118 -0.418455 0.609001 -0.673805 -0.548951 0.642399 -0.534767 -0.638077 0.674878 -0.370671 -0.682002 0.704948 -0.194733 -0.676257 0.736524 -0.014476 -0.625469 0.765210 0.152454 -0.535851 0.790996 0.295278 -0.412087 0.815735 0.405907 -0.288903 0.828838 0.479127 -0.146600 0.844212 0.515571 -0.010482 0.855214 0.518169 0.101929 0.857363 0.504519 0.194994 0.851236 0.487212 0.275417 0.834149 0.477850 0.354706 0.802385 0.479961 0.445469 0.774256 0.449538 0.493445 0.498428 0.712798 0.346816 0.572515 0.742930 0.635720 0.445559 0.630346 0.759049 0.410849 0.505022 0.852677 0.390892 0.346620 0.908166 0.384958 0.164445 0.920685 0.389188 -0.029531 0.887461 0.402792 -0.223989 0.809541 0.423363 -0.406704 0.691515 0.448393 -0.566349 0.539032 0.478512 -0.693160 0.361588 0.512300 -0.778976 0.170901 0.548102 -0.818766 -0.019079 0.581685 -0.813191 -0.201025 0.622869 -0.756058 -0.357405 0.653145 -0.667580 -0.483870 0.687978 -0.540885 -0.571789 0.721243 -0.390980 -0.617167 0.752849 -0.228743 -0.617919 0.783572 -0.064742 -0.579435 0.810390 0.086736 -0.507346 0.833897 0.217291 
						-0.409152 0.854411 0.320276 -0.295396 0.871391 0.391687 -0.172182 0.886385 0.429738 -0.060650 0.894440 0.443056 0.035764 0.895946 0.442721 0.120653 0.891590 0.436474 0.196976 0.878010 0.436233 0.275650 0.854092 0.441071 0.362999 0.838908 0.405542 0.447116 0.477956 0.756072 0.284511 0.533820 0.796298 0.600458 0.437812 0.669157 0.732872 0.409119 0.543617 0.833131 0.398112 0.383926 0.894548 0.398655 0.202133 0.912903 0.408071 0.009296 0.886370 0.425090 -0.183430 0.816726 0.447186 -0.364670 0.706344 0.476039 -0.523894 0.561850 0.510469 -0.650958 0.393733 0.547271 -0.738559 0.214986 0.581366 -0.784726 0.033224 0.618794 -0.784850 -0.138543 0.656017 -0.741921 -0.289939 0.690731 -0.662439 -0.412534 0.726759 -0.549215 -0.500976 0.758338 -0.417069 -0.550927 0.789044 -0.271825 -0.561617 0.817932 -0.124791 -0.537418 0.843221 0.012625 -0.481762 0.866107 0.133283 -0.401922 0.886205 0.230430 -0.308253 0.902570 0.300578 -0.208519 0.915645 0.343676 -0.116418 0.922873 0.367086 -0.032540 0.925512 0.377318 0.042944 0.922865 0.382721 0.114042 0.913250 0.391112 0.189528 0.897441 0.398345 0.269287 0.893528 0.359295 0.406645 0.440998 0.800100 0.230944 0.492528 0.839095 0.570464 0.408347 0.712618 0.709481 0.395584 0.583224 0.815285 0.395435 0.423015 0.883251 0.401056 0.242943 0.907737 0.416345 0.051683 0.888039 0.438143 -0.139350 0.826168 0.464138 -0.319409 0.723644 0.497990 -0.477854 0.589890 0.533522 -0.606122 0.433749 0.569535 -0.698205 0.264273 0.607036 -0.749445 0.091926 0.646584 -0.757284 -0.071212 0.681824 -0.728041 -0.217225 0.718000 -0.661279 -0.338271 0.751139 -0.566889 -0.428912 0.782537 -0.451299 -0.483647 0.814260 -0.321040 -0.505464 0.841594 -0.190333 -0.496484 0.865513 -0.066268 -0.459259 0.887167 0.044899 -0.398955 0.906656 0.137147 -0.328373 0.921389 0.207880 
						-0.247799 0.934442 0.255761 -0.175302 0.940814 0.290066 -0.103291 0.945077 0.310098 -0.036890 0.944832 0.325472 0.027313 0.938885 0.343146 0.097240 0.931039 0.351726 0.166827 0.934104 0.315623 0.374986 0.387335 0.842233 0.189266 0.413877 0.890441 0.544470 0.376763 0.749401 0.689521 0.372973 0.620848 0.801581 0.378535 0.462794 0.874380 0.393375 0.284104 0.904761 0.415168 0.095096 0.892481 0.441224 -0.093802 0.838167 0.472555 -0.272336 0.745686 0.508532 -0.430521 0.622608 0.545976 -0.560597 0.477126 0.584027 -0.656706 0.318233 0.622773 -0.714760 0.155914 0.661555 -0.733509 0.000001 0.697290 -0.716789 -0.141549 0.732452 -0.665942 -0.261240 0.766465 -0.586757 -0.354074 0.798203 -0.487344 -0.418886 0.826002 -0.377168 -0.452231 0.852828 -0.261098 -0.458414 0.876168 -0.148950 -0.439070 0.897267 -0.046150 -0.401212 0.915014 0.042167 -0.349704 0.929945 0.113624 -0.292151 0.941381 0.168671 -0.233646 0.949290 0.210374 -0.174771 0.954773 0.240548 -0.119221 0.956078 0.267770 -0.062233 0.954153 0.292777 -0.000003 0.951902 0.306404 0.059216 0.958580 0.278600 0.354261 0.330921 0.874637 0.164071 0.334461 0.928017 0.528415 0.330753 0.781908 0.677392 0.336932 0.653924 0.792726 0.352673 0.497199 0.869011 0.376709 0.320797 0.904895 0.403820 0.134512 0.899106 0.434620 -0.052091 0.852106 0.470689 -0.228838 0.768815 0.509212 -0.386815 0.655694 0.548601 -0.518751 0.520316 0.588280 -0.619029 0.371290 0.627755 -0.684155 0.217680 0.666505 -0.713012 0.068237 0.703163 -0.707747 -0.069419 0.738109 -0.671100 -0.189329 0.770236 -0.609009 -0.285626 0.801450 -0.525449 -0.358768 0.827889 -0.431145 -0.404016 0.853576 -0.328907 -0.424990 0.876147 -0.227487 -0.423906 0.896037 -0.131987 -0.405766 0.912797 -0.046420 -0.371797 0.927946 0.026120 -0.332340 0.939172 0.086637 -0.288023 0.947982 0.135545 
						-0.242292 0.954113 0.175963 -0.195953 0.957496 0.211670 -0.146686 0.959001 0.242488 -0.093213 0.960526 0.262109 -0.045892 0.970416 0.237038 0.351863 0.253663 0.901026 0.157723 0.249807 0.955364 0.527652 0.266219 0.806666 0.674220 0.294262 0.677375 0.789960 0.321641 0.522025 0.869160 0.351363 0.348002 0.908524 0.384262 0.164091 0.906384 0.421985 -0.019929 0.865037 0.462366 -0.194751 0.788849 0.503672 -0.352181 0.683581 0.545216 -0.485239 0.556517 0.586009 -0.588968 0.415397 0.626470 -0.659531 0.268803 0.665607 -0.696213 0.124517 0.701311 -0.701897 -0.010545 0.735368 -0.677586 -0.129940 0.768020 -0.627105 -0.230678 0.796970 -0.558236 -0.310189 0.822974 -0.475917 -0.364652 0.848093 -0.384405 -0.398847 0.869325 -0.291883 -0.412202 0.888433 -0.201933 -0.408238 0.905128 -0.118682 -0.390864 0.919366 -0.044633 -0.364717 0.930909 0.019719 -0.331749 0.940460 0.074017 -0.295297 0.947822 0.120138 -0.256651 0.953101 0.160400 -0.214556 0.957750 0.191522 -0.170851 0.962275 0.211746 -0.135997 0.972234 0.190438 0.362925 0.167260 0.916684 0.173869 0.132843 0.975768 0.533263 0.205956 0.820495 0.678928 0.244132 0.692428 0.793900 0.281922 0.538741 0.873805 0.319250 0.366803 0.914336 0.359981 0.185479 0.914770 0.403954 0.004150 0.877999 0.447833 -0.169007 0.807118 0.492513 -0.325563 0.708076 0.536300 -0.459359 0.587383 0.579377 -0.565070 0.452724 0.621026 -0.639819 0.311878 0.659804 -0.683659 0.171785 0.695698 -0.697491 0.039285 0.730070 -0.682242 -0.081171 0.760635 -0.644085 -0.185245 0.788648 -0.586275 -0.269029 0.815098 -0.513068 -0.333299 0.838308 -0.431452 -0.378262 0.858668 -0.345843 -0.403309 0.877288 -0.260207 -0.412035 0.893505 -0.178537 -0.407002 0.907557 -0.103388 -0.390685 0.919793 -0.036693 -0.366614 0.930135 0.021044 -0.337175 0.938860 0.069672 -0.304524 0.946183 0.109555 
						-0.269996 0.952832 0.138608 -0.236703 0.958602 0.158284 -0.214390 0.966734 0.139511 0.379936 0.087968 0.920821 0.200821 0.023031 0.979357 0.546010 0.140250 0.825956 0.690661 0.184387 0.699278 0.804207 0.231130 0.547568 0.882768 0.278670 0.378238 0.922700 0.329397 0.200307 0.925088 0.379133 0.021698 0.891363 0.428026 -0.149220 0.824660 0.476748 -0.304381 0.730590 0.523920 -0.437889 0.615513 0.569280 -0.545036 0.486634 0.611136 -0.624260 0.350623 0.650047 -0.674168 0.214123 0.686366 -0.695020 0.083064 0.719776 -0.689219 -0.037825 0.750079 -0.660265 -0.144253 0.778006 -0.611472 -0.234355 0.802926 -0.548076 -0.307094 0.824965 -0.474475 -0.361206 0.844920 -0.394514 -0.396444 0.863251 -0.312457 -0.416011 0.879246 -0.232080 -0.421586 0.893264 -0.156027 -0.413629 0.906218 -0.087635 -0.396566 0.917575 -0.028120 -0.372722 0.927714 0.020626 -0.345937 0.936416 0.058756 -0.318961 0.944029 0.084100 -0.296284 0.949731 0.101129 -0.286292 0.954356 0.085091 0.406367 0.001065 0.913709 0.232881 -0.068787 0.970069 0.568596 0.058719 0.820518 0.707849 0.116272 0.696728 0.817616 0.174715 0.548616 0.893021 0.234849 0.383875 0.932544 0.293651 0.210072 0.936598 0.348693 0.034622 0.905024 0.404096 -0.132807 0.842252 0.456944 -0.286031 0.753124 0.507047 -0.419175 0.643659 0.553457 -0.528572 0.520004 0.596574 -0.611306 0.388506 0.636108 -0.666656 0.255427 0.673040 -0.694100 0.125517 0.705581 -0.697425 0.003736 0.735319 -0.677711 -0.107080 0.761610 -0.639128 -0.202767 0.786032 -0.583986 -0.282459 0.807950 -0.517140 -0.345160 0.827713 -0.442443 -0.390335 0.845760 -0.363770 -0.422498 0.860706 -0.284042 -0.436814 0.875325 -0.207362 -0.436456 0.889134 -0.137650 -0.425990 0.901462 -0.076799 -0.407379 0.912809 -0.028662 -0.385972 0.922490 0.006162 -0.366624 0.929968 0.027312 -0.354513 0.934129 0.041504 
						-0.356428 0.933908 0.027854 0.446037 -0.099887 0.889423 0.282869 -0.176253 0.942826 0.595594 -0.021535 0.802997 0.725552 0.053279 0.686102 0.830207 0.122196 0.543898 0.903130 0.190169 0.384958 0.943333 0.252490 0.215341 0.947943 0.315187 0.045412 0.919243 0.375613 -0.117928 0.860981 0.431724 -0.268935 0.777366 0.483881 -0.401946 0.673626 0.532372 -0.512648 0.555592 0.576853 -0.598797 0.428752 0.616246 -0.660615 0.298276 0.651736 -0.697331 0.169073 0.683807 -0.709804 0.045740 0.713059 -0.699610 -0.068057 0.739627 -0.669567 -0.169223 0.763865 -0.622795 -0.257878 0.784759 -0.563606 -0.330253 0.804133 -0.494269 -0.389538 0.820439 -0.418496 -0.430534 0.836256 -0.339582 -0.452934 0.851932 -0.262798 -0.463671 0.865468 -0.189671 -0.459256 0.879055 -0.127849 -0.446061 0.891409 -0.080123 -0.430329 0.901409 -0.047740 -0.418124 0.907851 -0.031283 -0.416066 0.909107 -0.020332 -0.429268 0.902583 -0.032737 0.492951 -0.187916 0.849521 0.352168 -0.285362 0.891373 0.625710 -0.091173 0.774709 0.745783 -0.007135 0.666151 0.844040 0.069104 0.531809 0.914639 0.139973 0.379265 0.953145 0.209872 0.217871 0.958967 0.278100 0.055160 0.934162 0.341597 -0.103214 0.881332 0.400271 -0.251071 0.804144 0.454846 -0.382710 0.707454 0.503276 -0.496208 0.595535 0.545276 -0.589926 0.473206 0.584098 -0.659474 0.345949 0.620309 -0.703943 0.218532 0.653459 -0.724731 0.093557 0.682147 -0.725205 -0.025662 0.707313 -0.706435 -0.135039 0.730295 -0.669652 -0.231870 0.751404 -0.617761 -0.318659 0.768837 -0.554388 -0.389570 0.785237 -0.481288 -0.440494 0.801997 -0.403443 -0.476572 0.817127 -0.324319 -0.497529 0.831227 -0.248046 -0.500318 0.845980 -0.184390 -0.495212 0.858532 -0.132994 -0.484811 0.868634 -0.102138 -0.479023 0.873290 -0.088892 -0.485338 0.870242 -0.084414 -0.508671 0.855253 -0.098972 0.545764 -0.247747 0.800477 
						0.426660 -0.349268 0.834250 0.663508 -0.152104 0.732544 0.771376 -0.065506 0.632999 0.860437 0.015561 0.509320 0.925415 0.091376 0.367775 0.961843 0.165895 0.217573 0.969595 0.236214 0.063944 0.949567 0.301126 -0.087442 0.903898 0.359224 -0.232222 0.835102 0.410382 -0.366322 0.746214 0.457435 -0.483650 0.641517 0.500823 -0.581062 0.526208 0.542018 -0.655227 0.401483 0.574958 -0.712906 0.274097 0.606239 -0.746556 0.146168 0.633706 -0.759639 0.019617 0.657062 -0.753581 -0.096882 0.680321 -0.726483 -0.209909 0.698355 -0.684279 -0.308826 0.716018 -0.626055 -0.391314 0.733304 -0.556002 -0.456008 0.750200 -0.478807 -0.507289 0.764974 -0.396828 -0.540727 0.779467 -0.316299 -0.556150 0.794042 -0.245345 -0.559548 0.807051 -0.188613 -0.554893 0.817080 -0.156444 -0.554760 0.819649 -0.142889 -0.566423 0.811168 -0.145502 -0.595805 0.787176 -0.159277 0.612253 -0.285303 0.737393 0.518380 -0.382832 0.764671 0.708026 -0.190373 0.680043 0.799903 -0.105863 0.590719 0.877559 -0.026604 0.478729 0.934854 0.049946 0.351501 0.969328 0.121957 0.213375 0.979643 0.188411 0.069281 0.965870 0.247143 -0.077565 0.927941 0.301261 -0.219469 0.867849 0.352657 -0.349960 0.788537 0.399239 -0.467779 0.692578 0.440272 -0.571399 0.580807 0.473421 -0.662220 0.459153 0.505010 -0.730851 0.333457 0.536087 -0.775511 0.197846 0.559011 -0.805211 0.067030 0.583074 -0.809649 -0.062948 0.603424 -0.794932 -0.186374 0.621949 -0.760555 -0.295853 0.640633 -0.708562 -0.395840 0.656676 -0.641940 -0.480795 0.671734 -0.563568 -0.550171 0.685626 -0.476686 -0.595497 0.701096 -0.392234 -0.627865 0.714457 -0.308765 -0.641697 0.727664 -0.242342 -0.644168 0.737686 -0.202154 -0.646344 0.738905 -0.190417 -0.658720 0.724510 -0.202911 -0.688811 0.690714 -0.220123 0.639051 -0.314535 0.701913 0.551703 -0.409805 0.726418 0.729060 -0.220216 0.648056 
						0.816775 -0.137020 0.560450 0.891080 -0.058746 0.450028 0.946027 0.016397 0.323672 0.978640 0.087301 0.186126 0.987573 0.151718 0.041006 0.971639 0.212711 -0.103306 0.931977 0.270992 -0.240796 0.870575 0.322095 -0.371961 0.788621 0.365335 -0.494578 0.689169 0.405151 -0.600749 0.575099 0.440848 -0.689140 0.453784 0.477112 -0.752625 0.318948 0.503528 -0.802952 0.184626 0.531012 -0.827006 0.052204 0.556805 -0.829001 -0.084390 0.576069 -0.813033 -0.205815 0.597678 -0.774869 -0.319688 0.616299 -0.719705 -0.420638 0.633516 -0.649400 -0.506989 0.649353 -0.566835 -0.573225 0.665466 -0.478088 -0.621728 0.680821 -0.387218 -0.651487 0.695950 -0.302024 -0.662415 0.711042 -0.235850 -0.662954 0.722566 -0.195936 -0.660125 0.724418 -0.198628 -0.667223 0.703616 -0.244413 -0.698106 0.658407 -0.281334 0.582082 -0.325995 0.744921 0.463004 -0.413083 0.784213 0.697985 -0.239251 0.674964 0.803327 -0.157717 0.574274 0.889150 -0.076666 0.451148 0.950280 0.003518 0.311378 0.983685 0.080929 0.160669 0.987915 0.154886 0.005867 0.963452 0.223873 -0.147110 0.912147 0.285539 -0.294032 0.836360 0.340566 -0.429554 0.739564 0.391392 -0.547592 0.625903 0.437559 -0.645591 0.500458 0.480728 -0.720029 0.365312 0.516710 -0.774311 0.226731 0.550059 -0.803759 0.091883 0.583175 -0.807133 -0.042627 0.609612 -0.791553 -0.165945 0.635855 -0.753758 -0.276420 0.660573 -0.698022 -0.373116 0.683060 -0.627865 -0.453795 0.703824 -0.546535 -0.517093 0.723199 -0.457818 -0.561457 0.741892 -0.366554 -0.587708 0.759906 -0.277743 -0.595948 0.777958 -0.199069 -0.589674 0.795589 -0.139009 -0.573771 0.811369 -0.111654 -0.558204 0.818428 -0.136322 -0.557616 0.794716 -0.239772 -0.597193 0.742941 -0.302322 -0.821147 -0.504511 0.266807 -0.821145 -0.504515 0.266806 -0.814377 -0.516501 0.264608 -0.814381 -0.516494 0.264609 -0.814392 -0.516493 0.264578 
						-0.814386 -0.516503 0.264577 -0.950076 -0.045744 0.308648 -0.950071 -0.045791 0.308657 -0.950087 -0.045791 0.308605 -0.950093 -0.045744 0.308595 -0.951084 0.003562 0.308912 -0.951081 0.003564 0.308922 -0.747722 -0.504529 0.431697 -0.747731 -0.504510 0.431703 -0.741570 -0.516492 0.428146 -0.741559 -0.516514 0.428140 -0.741563 -0.516513 0.428133 -0.741575 -0.516493 0.428138 -0.865125 -0.045793 0.499462 -0.865123 -0.045779 0.499467 -0.865128 -0.045779 0.499457 -0.865126 -0.045793 0.499460 -0.866028 0.003563 0.499982 -0.866030 0.003563 0.499979 -0.641626 -0.504535 0.577720 -0.641628 -0.504529 0.577723 -0.636340 -0.516513 0.572962 -0.636338 -0.516519 0.572959 -0.636337 -0.516519 0.572960 -0.636340 -0.516513 0.572962 -0.742366 -0.045778 0.668429 -0.742368 -0.045776 0.668427 -0.742361 -0.045776 0.668434 -0.742361 -0.045778 0.668434 -0.743135 0.003563 0.669132 -0.743136 0.003563 0.669131 -0.507486 -0.504541 0.698496 -0.507488 -0.504535 0.698499 -0.503306 -0.516519 0.692742 -0.503303 -0.516527 0.692738 -0.503299 -0.516528 0.692740 -0.503303 -0.516519 0.692744 -0.587169 -0.045775 0.808169 -0.587165 -0.045781 0.808172 -0.587180 -0.045781 0.808160 -0.587181 -0.045775 0.808161 -0.587793 0.003563 0.809003 -0.587793 0.003563 0.809003 -0.351172 -0.504541 0.788744 -0.351171 -0.504540 0.788745 -0.348276 -0.516527 0.782243 -0.348276 -0.516531 0.782240 -0.348283 -0.516531 0.782237 -0.348284 -0.516527 0.782239 -0.406320 -0.045781 0.912583 -0.406319 -0.045783 0.912584 -0.406317 -0.045783 0.912584 -0.406315 -0.045781 0.912585 -0.406738 0.003563 0.913538 -0.406740 0.003563 0.913537 -0.179510 -0.504530 0.844527 -0.179508 -0.504541 0.844521 -0.178027 -0.516531 0.837557 -0.178029 -0.516526 0.837560 -0.178014 -0.516527 0.837563 -0.178014 -0.516530 0.837560 -0.207676 -0.045782 0.977126 -0.207677 -0.045775 0.977126 -0.207682 -0.045775 0.977125 
						-0.207679 -0.045782 0.977125 -0.207894 0.003563 0.978145 -0.207897 0.003563 0.978144 -0.000000 -0.504520 0.863400 -0.000001 -0.504531 0.863394 -0.000002 -0.516527 0.856271 -0.000000 -0.516515 0.856278 -0.000002 -0.516515 0.856278 -0.000003 -0.516527 0.856271 -0.000000 -0.045777 0.998952 -0.000000 -0.045778 0.998952 -0.000000 -0.045778 0.998952 -0.000003 -0.045777 0.998952 -0.000004 0.003563 0.999994 -0.000001 0.003563 0.999994 0.179510 -0.504519 0.844533 0.179510 -0.504520 0.844533 0.178029 -0.516515 0.837567 0.178030 -0.516506 0.837572 0.178031 -0.516506 0.837572 0.178030 -0.516515 0.837566 0.207700 -0.045778 0.977121 0.207694 -0.045768 0.977123 0.207721 -0.045768 0.977117 0.207720 -0.045778 0.977117 0.207936 0.003563 0.978136 0.207937 0.003563 0.978136 0.351178 -0.504521 0.788754 0.351178 -0.504519 0.788755 0.348283 -0.516507 0.782253 0.348284 -0.516505 0.782254 0.348283 -0.516505 0.782254 0.348283 -0.516507 0.782253 0.406310 -0.045767 0.912589 0.406311 -0.045776 0.912587 0.406304 -0.045776 0.912591 0.406304 -0.045767 0.912591 0.406728 0.003563 0.913542 0.406728 0.003562 0.913542 0.507490 -0.504526 0.698504 0.507492 -0.504521 0.698506 0.503310 -0.516505 0.692750 0.503309 -0.516507 0.692749 0.503304 -0.516506 0.692753 0.503304 -0.516506 0.692753 0.587162 -0.045776 0.808174 0.587161 -0.045777 0.808175 0.587168 -0.045777 0.808170 0.587167 -0.045776 0.808171 0.587779 0.003562 0.809014 0.587780 0.003563 0.809013 0.641627 -0.504530 0.577723 0.641629 -0.504526 0.577725 0.636343 -0.516506 0.572965 0.636342 -0.516509 0.572964 0.636342 -0.516509 0.572964 0.636343 -0.516507 0.572965 0.742366 -0.045777 0.668429 0.742366 -0.045779 0.668429 0.742363 -0.045779 0.668432 0.742364 -0.045777 0.668432 0.743138 0.003563 0.669128 0.743138 0.003563 0.669129 0.747724 -0.504524 0.431698 
						0.747721 -0.504530 0.431697 0.741562 -0.516509 0.428141 0.741562 -0.516508 0.428141 0.741564 -0.516508 0.428137 0.741564 -0.516508 0.428137 0.865118 -0.045779 0.499474 0.865120 -0.045783 0.499472 0.865114 -0.045783 0.499481 0.865113 -0.045779 0.499483 0.866015 0.003563 0.500006 0.866016 0.003563 0.500003 0.821145 -0.504516 0.266805 0.821140 -0.504524 0.266804 0.814373 -0.516508 0.264605 0.814374 -0.516507 0.264606 0.814376 -0.516507 0.264598 0.814375 -0.516508 0.264598 0.950063 -0.045783 0.308682 0.950063 -0.045777 0.308683 0.950065 -0.045777 0.308677 0.950065 -0.045783 0.308675 0.951057 0.003563 0.308996 0.951056 0.003562 0.308998 0.858674 -0.504514 0.090247 0.858673 -0.504516 0.090245 0.851593 -0.516506 0.089501 0.851592 -0.516508 0.089502 0.851592 -0.516507 0.089508 0.851592 -0.516507 0.089508 0.993479 -0.045777 0.104423 0.993479 -0.045785 0.104422 0.993478 -0.045785 0.104428 0.993478 -0.045777 0.104431 0.994514 0.003563 0.104541 0.994514 0.003563 0.104538 0.858670 -0.504520 -0.090247 0.858674 -0.504514 -0.090247 0.851592 -0.516507 -0.089503 0.851590 -0.516511 -0.089503 0.851589 -0.516511 -0.089509 0.851592 -0.516507 -0.089510 0.993478 -0.045785 -0.104423 0.993479 -0.045781 -0.104421 0.993478 -0.045781 -0.104426 0.993478 -0.045785 -0.104428 0.994515 0.003563 -0.104537 0.994515 0.003564 -0.104536 0.821136 -0.504532 -0.266802 0.821143 -0.504520 -0.266804 0.814372 -0.516511 -0.264604 0.814366 -0.516521 -0.264602 0.814369 -0.516521 -0.264593 0.814374 -0.516511 -0.264594 0.950064 -0.045780 -0.308679 0.950063 -0.045784 -0.308680 0.950065 -0.045784 -0.308674 0.950065 -0.045780 -0.308677 0.951055 0.003564 -0.309001 0.951056 0.003563 -0.308998 0.747718 -0.504537 -0.431695 0.747721 -0.504531 -0.431696 0.741556 -0.516520 -0.428137 0.741554 -0.516524 -0.428136 0.741559 -0.516524 -0.428128 
						0.741560 -0.516521 -0.428129 0.865125 -0.045783 -0.499463 0.865123 -0.045792 -0.499466 0.865127 -0.045792 -0.499458 0.865127 -0.045783 -0.499459 0.866029 0.003564 -0.499980 0.866030 0.003564 -0.499979 0.641627 -0.504531 -0.577723 0.641624 -0.504537 -0.577721 0.636335 -0.516525 -0.572958 0.636337 -0.516518 -0.572960 0.636327 -0.516519 -0.572971 0.636325 -0.516524 -0.572969 0.742348 -0.045792 -0.668449 0.742354 -0.045770 -0.668443 0.742334 -0.045770 -0.668465 0.742334 -0.045792 -0.668464 0.743109 0.003564 -0.669161 0.743108 0.003564 -0.669162 0.507486 -0.504529 -0.698504 0.507487 -0.504531 -0.698503 0.503303 -0.516519 -0.692744 0.503302 -0.516518 -0.692745 0.503311 -0.516517 -0.692739 0.503311 -0.516519 -0.692738 0.587177 -0.045772 -0.808164 0.587173 -0.045783 -0.808166 0.587192 -0.045783 -0.808152 0.587193 -0.045772 -0.808152 0.587806 0.003564 -0.808994 0.587805 0.003564 -0.808995 0.351176 -0.504531 -0.788748 0.351177 -0.504529 -0.788750 0.348282 -0.516517 -0.782247 0.348280 -0.516522 -0.782244 0.348279 -0.516522 -0.782245 0.348280 -0.516517 -0.782247 0.406310 -0.045783 -0.912588 0.406312 -0.045777 -0.912587 0.406301 -0.045777 -0.912592 0.406299 -0.045783 -0.912592 0.406723 0.003564 -0.913545 0.406724 0.003565 -0.913544 0.179509 -0.504530 -0.844527 0.179508 -0.504531 -0.844526 0.178028 -0.516522 -0.837563 0.178028 -0.516523 -0.837562 0.178020 -0.516524 -0.837563 0.178021 -0.516521 -0.837564 0.207691 -0.045775 -0.977123 0.207686 -0.045781 -0.977124 0.207699 -0.045781 -0.977121 0.207694 -0.045775 -0.977122 0.207909 0.003565 -0.978142 0.207914 0.003564 -0.978141 0.000000 -0.504530 -0.863394 0.000000 -0.504530 -0.863394 0.000000 -0.516523 -0.856273 0.000000 -0.516523 -0.856273 -0.000003 -0.516524 -0.856273 -0.000003 -0.516523 -0.856273 -0.000006 -0.045780 -0.998952 -0.000004 -0.045777 -0.998952 -0.000014 -0.045777 -0.998952 
						-0.000012 -0.045780 -0.998951 -0.000011 0.003564 -0.999994 -0.000013 0.003564 -0.999994 -0.179511 -0.504532 -0.844525 -0.179512 -0.504530 -0.844527 -0.178032 -0.516523 -0.837561 -0.178031 -0.516519 -0.837564 -0.178023 -0.516518 -0.837566 -0.178022 -0.516524 -0.837563 -0.207687 -0.045777 -0.977124 -0.207686 -0.045783 -0.977123 -0.207690 -0.045783 -0.977123 -0.207688 -0.045777 -0.977123 -0.207903 0.003564 -0.978143 -0.207905 0.003565 -0.978142 -0.351174 -0.504532 -0.788749 -0.351174 -0.504532 -0.788749 -0.348279 -0.516519 -0.782247 -0.348280 -0.516517 -0.782248 -0.348286 -0.516517 -0.782245 -0.348286 -0.516519 -0.782244 -0.406322 -0.045783 -0.912582 -0.406318 -0.045782 -0.912584 -0.406326 -0.045782 -0.912580 -0.406328 -0.045783 -0.912580 -0.406753 0.003565 -0.913531 -0.406751 0.003565 -0.913532 -0.507487 -0.504533 -0.698501 -0.507487 -0.504532 -0.698501 -0.503305 -0.516517 -0.692745 -0.503306 -0.516514 -0.692745 -0.503298 -0.516514 -0.692751 -0.503297 -0.516517 -0.692749 -0.587158 -0.045783 -0.808177 -0.587157 -0.045796 -0.808177 -0.587158 -0.045796 -0.808176 -0.587155 -0.045783 -0.808178 -0.587767 0.003565 -0.809022 -0.587769 0.003565 -0.809021 -0.641628 -0.504531 -0.577721 -0.641626 -0.504533 -0.577721 -0.636340 -0.516514 -0.572961 -0.636342 -0.516512 -0.572962 -0.636346 -0.516512 -0.572957 -0.636345 -0.516514 -0.572956 -0.742371 -0.045795 -0.668422 -0.742372 -0.045784 -0.668422 -0.742375 -0.045784 -0.668418 -0.742378 -0.045795 -0.668414 -0.743154 0.003565 -0.669111 -0.743151 0.003564 -0.669114 -0.747725 -0.504522 -0.431701 -0.747720 -0.504532 -0.431698 -0.741559 -0.516512 -0.428141 -0.741562 -0.516506 -0.428143 -0.741562 -0.516506 -0.428143 -0.741559 -0.516512 -0.428141 -0.865117 -0.045784 -0.499475 -0.865117 -0.045782 -0.499476 -0.865114 -0.045782 -0.499481 -0.865112 -0.045784 -0.499485 -0.866014 0.003564 -0.500007 -0.866016 0.003564 -0.500004 -0.821136 -0.504533 -0.266799 
						-0.821142 -0.504522 -0.266801 -0.814375 -0.516507 -0.264602 -0.814364 -0.516525 -0.264599 -0.814366 -0.516525 -0.264595 -0.814376 -0.516507 -0.264599 -0.950062 -0.045784 -0.308684 -0.950063 -0.045763 -0.308684 -0.950062 -0.045763 -0.308687 -0.950060 -0.045784 -0.308690 -0.951051 0.003564 -0.309014 -0.951052 0.003564 -0.309010 -0.858661 -0.504536 -0.090251 -0.858663 -0.504532 -0.090254 -0.851582 -0.516523 -0.089510 -0.851582 -0.516524 -0.089508 -0.851579 -0.516522 -0.089547 -0.851577 -0.516525 -0.089547 -0.993472 -0.045765 -0.104489 -0.993471 -0.045825 -0.104473 -0.993465 -0.045825 -0.104539 -0.993467 -0.045765 -0.104543 -0.994502 0.003564 -0.104654 -0.994503 0.003565 -0.104651 0.776006 -0.002782 -0.630720 0.776877 -0.002253 -0.629648 0.777025 -0.001626 -0.629467 0.777084 -0.000927 -0.629396 0.777099 -0.000187 -0.629378 0.777103 0.000561 -0.629374 0.777137 0.001284 -0.629330 0.777130 0.001952 -0.629337 0.777100 0.002534 -0.629372 0.777113 0.003006 -0.629353 0.777158 0.003345 -0.629297 0.777143 0.003539 -0.629314 0.777134 0.003579 -0.629325 0.777137 0.003461 -0.629322 0.777139 0.003193 -0.629321 0.777160 0.002785 -0.629296 0.777163 0.002255 -0.629295 0.777152 0.001627 -0.629311 0.777165 0.000928 -0.629296 0.777163 0.000188 -0.629299 0.777165 -0.000560 -0.629297 0.777168 -0.001284 -0.629292 0.777169 -0.001952 -0.629289 0.777166 -0.002534 -0.629290 0.777178 -0.003005 -0.629274 0.777176 -0.003345 -0.629274 0.777173 -0.003539 -0.629277 0.777144 -0.003578 -0.629312 0.777021 -0.003460 -0.629465 0.777086 -0.003191 -0.629386 -0.858674 -0.504514 0.090247 -0.858661 -0.504536 0.090246 -0.851582 -0.516525 0.089502 -0.851597 -0.516499 0.089503 -0.851588 -0.516502 0.089571 -0.851576 -0.516522 0.089572 -0.993465 -0.045822 0.104531 -0.993472 -0.045744 0.104501 -0.993459 -0.045745 0.104629 -0.993453 -0.045822 0.104645 -0.994491 0.003565 0.104761 
						-0.994493 0.003563 0.104746 0.201629 0.100733 0.974268 0.396532 0.134392 0.908131 0.336226 0.526864 0.780620 0.167739 0.518956 0.838182 0.571069 0.175780 0.801861 0.487265 0.537007 0.688619 0.717305 0.218897 0.661481 0.614689 0.547351 0.567948 0.828627 0.262420 0.494483 0.712649 0.558781 0.424140 0.900611 0.304979 0.309656 0.777136 0.571128 0.264333 0.930975 0.346050 0.116342 0.805831 0.584266 0.096276 0.919587 0.385457 -0.076046 0.798205 0.598063 -0.072040 0.868415 0.423128 -0.258492 0.755509 0.612391 -0.232775 0.781273 0.459158 -0.422832 0.680671 0.627125 -0.378684 0.663540 0.493782 -0.562045 0.578106 0.642127 -0.503454 0.521948 0.527155 -0.670580 0.453446 0.657247 -0.602007 0.364202 0.559328 -0.744653 0.313185 0.672338 -0.670728 0.198497 0.590386 -0.782332 0.164304 0.687255 -0.707591 0.033041 0.619139 -0.784586 0.013938 0.704425 -0.709641 -0.124569 0.647109 -0.752152 -0.130003 0.721346 -0.680265 -0.266437 0.675951 -0.687097 -0.262387 0.735136 -0.625083 -0.386779 0.703528 -0.596197 -0.377983 0.748097 -0.545417 -0.480961 0.730087 -0.485438 -0.472722 0.760094 -0.445859 -0.546148 0.755527 -0.361802 -0.543746 0.770997 -0.331517 -0.581364 0.779704 -0.232545 -0.589414 0.780671 -0.207713 -0.587453 0.802461 -0.104671 -0.609207 0.788998 -0.079677 -0.566943 0.823610 0.015562 -0.603595 0.795865 0.047668 -0.523718 0.842953 0.123084 -0.573842 0.801157 0.169862 -0.462600 0.860263 0.214357 -0.521801 0.804766 0.282976 -0.388746 0.875323 0.287552 -0.449744 0.806583 0.383608 -0.307083 0.887881 0.342589 -0.360214 0.806505 0.468825 -0.221634 0.897678 0.380858 -0.255969 0.804434 0.536065 -0.135012 0.904397 0.404770 -0.140005 0.800260 0.583080 -0.047372 0.894443 0.444666 -0.015618 0.795221 0.606119 0.062945 0.855448 0.514050 0.111337 0.793177 0.598728 0.324832 -0.338122 0.883265 
						0.487164 -0.270562 0.830342 0.637708 -0.197240 0.744597 0.768628 -0.118975 0.628535 0.872887 -0.038278 0.486419 0.944904 0.042098 0.324630 0.981245 0.119755 0.151050 0.980794 0.193347 -0.025675 0.944738 0.261838 -0.197259 0.876127 0.324727 -0.356307 0.779313 0.382675 -0.496216 0.659811 0.436494 -0.611655 0.523955 0.486189 -0.699350 0.378355 0.532083 -0.757453 0.229219 0.573578 -0.786426 0.082635 0.611620 -0.786824 -0.056376 0.646020 -0.761236 -0.181213 0.679365 -0.711073 -0.289124 0.710215 -0.641873 -0.377573 0.738716 -0.558334 -0.445363 0.764900 -0.465382 -0.492131 0.789002 -0.367808 -0.518498 0.811251 -0.270242 -0.525718 0.832004 -0.177174 -0.516017 0.851525 -0.092906 -0.491920 0.870356 -0.022275 -0.457111 0.888943 0.028793 -0.416667 0.907662 0.050389 -0.380195 0.924575 0.024747 -0.366784 0.924837 -0.100727 -0.396428 0.908522 -0.132034 -0.945838 0.100602 0.308657 -0.945839 0.100597 0.308657 -0.945840 0.100586 0.308658 -0.945837 0.100614 0.308657 -0.861000 0.100574 0.498562 -0.860998 0.100568 0.498567 -0.860997 0.100557 0.498571 -0.860997 0.100584 0.498566 -0.738524 0.100544 0.666688 -0.738524 0.100543 0.666689 -0.738524 0.100533 0.666690 -0.738523 0.100555 0.666688 -0.583776 0.100520 0.805668 -0.583776 0.100524 0.805668 -0.583776 0.100513 0.805669 -0.583775 0.100530 0.805667 -0.403521 0.100501 0.909434 -0.403515 0.100507 0.909436 -0.403510 0.100497 0.909439 -0.403515 0.100510 0.909436 -0.205618 0.100484 0.973460 -0.205617 0.100497 0.973459 -0.205618 0.100488 0.973460 -0.205618 0.100494 0.973459 0.001280 0.100475 0.994939 0.001277 0.100495 0.994937 0.001275 0.100487 0.994938 0.001278 0.100484 0.994938 0.208108 0.100473 0.972932 0.208105 0.100500 0.972930 0.208104 0.100491 0.972931 0.208106 0.100483 0.972931 0.405844 0.100478 0.908403 0.405844 0.100512 0.908398 
						0.405847 0.100504 0.908398 0.405845 0.100487 0.908401 0.585833 0.100491 0.804177 0.585831 0.100524 0.804174 0.585832 0.100516 0.804175 0.585833 0.100498 0.804176 0.740234 0.100502 0.664796 0.740232 0.100538 0.664792 0.740233 0.100531 0.664792 0.740234 0.100510 0.664794 0.862278 0.100518 0.496360 0.862275 0.100563 0.496356 0.862277 0.100555 0.496354 0.862278 0.100526 0.496358 0.946630 0.100542 0.306242 0.946625 0.100588 0.306242 0.946625 0.100581 0.306243 0.946628 0.100549 0.306243 0.989612 0.100567 0.102735 0.989607 0.100613 0.102737 0.989608 0.100606 0.102739 0.989611 0.100575 0.102737 0.989344 0.100593 -0.105255 0.989339 0.100643 -0.105255 0.989340 0.100636 -0.105256 0.989344 0.100601 -0.105256 0.945832 0.100623 -0.308670 0.945827 0.100673 -0.308670 0.945827 0.100665 -0.308671 0.945831 0.100630 -0.308671 0.860988 0.100652 -0.498566 0.860983 0.100701 -0.498565 0.860983 0.100694 -0.498567 0.860987 0.100660 -0.498567 0.738511 0.100681 -0.666682 0.738510 0.100725 -0.666676 0.738513 0.100717 -0.666675 0.738512 0.100689 -0.666679 0.583772 0.100705 -0.805648 0.583770 0.100745 -0.805645 0.583771 0.100736 -0.805645 0.583772 0.100713 -0.805647 0.403500 0.100724 -0.909419 0.403498 0.100760 -0.909416 0.403497 0.100751 -0.909417 0.403499 0.100733 -0.909418 0.205608 0.100739 -0.973436 0.205607 0.100770 -0.973433 0.205607 0.100761 -0.973434 0.205607 0.100748 -0.973435 -0.001277 0.100749 -0.994911 -0.001278 0.100777 -0.994908 -0.001278 0.100767 -0.994909 -0.001278 0.100758 -0.994910 -0.208100 0.100756 -0.972904 -0.208097 0.100770 -0.972903 -0.208096 0.100760 -0.972905 -0.208098 0.100765 -0.972904 -0.405829 0.100749 -0.908379 -0.405828 0.100761 -0.908378 -0.405829 0.100750 -0.908379 -0.405829 0.100758 -0.908378 -0.585832 0.100738 -0.804147 -0.585827 0.100752 -0.804149 
						-0.585824 0.100742 -0.804152 -0.585828 0.100749 -0.804149 -0.740219 0.100729 -0.664778 -0.740219 0.100734 -0.664777 -0.740221 0.100723 -0.664777 -0.740219 0.100740 -0.664776 -0.862267 0.100711 -0.496340 -0.862265 0.100709 -0.496343 -0.862264 0.100698 -0.496347 -0.862264 0.100721 -0.496343 -0.946617 0.100686 -0.306234 -0.946616 0.100682 -0.306236 -0.946617 0.100671 -0.306237 -0.946615 0.100697 -0.306235 -0.989602 0.100659 -0.102737 -0.989603 0.100655 -0.102737 -0.989604 0.100644 -0.102737 -0.989601 0.100671 -0.102737 -0.989340 0.100631 0.105262 -0.989340 0.100626 0.105266 -0.989341 0.100616 0.105268 -0.989338 0.100643 0.105265 -0.010071 -0.999939 0.004462 -0.599905 -0.775635 0.196223 -0.599875 -0.775652 0.196250 -0.009773 -0.999943 0.004209 -0.008912 -0.999941 0.006143 -0.546293 -0.775543 0.316381 -0.546221 -0.775597 0.316373 -0.008799 -0.999945 0.005773 -0.007348 -0.999943 0.007771 -0.468584 -0.775516 0.423089 -0.468501 -0.775587 0.423050 -0.007340 -0.999946 0.007384 -0.005593 -0.999944 0.008957 -0.370445 -0.775515 0.511222 -0.370398 -0.775548 0.511204 -0.005669 -0.999947 0.008627 -0.003661 -0.999945 0.009787 -0.256119 -0.775488 0.577080 -0.256093 -0.775480 0.577102 -0.003781 -0.999947 0.009536 -0.001532 -0.999946 0.010267 -0.130485 -0.775421 0.617816 -0.130470 -0.775371 0.617881 -0.001661 -0.999948 0.010079 0.000383 -0.999947 0.010293 0.000508 -0.775332 0.631553 0.000541 -0.775324 0.631563 0.000141 -0.999948 0.010227 0.002277 -0.999947 0.010003 0.131543 -0.775330 0.617706 0.131561 -0.775362 0.617662 0.001961 -0.999947 0.010093 0.004302 -0.999947 0.009332 0.257134 -0.775386 0.576765 0.257166 -0.775379 0.576761 0.004087 -0.999947 0.009477 0.006085 -0.999947 0.008324 0.371369 -0.775406 0.510717 0.371424 -0.775362 0.510741 0.005954 -0.999946 0.008534 0.007685 -0.999946 0.006975 0.469419 -0.775398 0.422378 
						0.469492 -0.775349 0.422388 0.007642 -0.999945 0.007215 0.008918 -0.999945 0.005458 0.546794 -0.775413 0.315834 0.546794 -0.775423 0.315810 0.008923 -0.999943 0.005871 0.009994 -0.999944 0.003466 0.600466 -0.775501 0.195037 0.600530 -0.775456 0.195018 0.010118 -0.999942 0.003730 0.010640 -0.999943 0.001272 0.627878 -0.775519 0.065883 0.627908 -0.775496 0.065858 0.010811 -0.999940 0.001551 0.010811 -0.999941 -0.000742 0.627817 -0.775580 -0.065739 0.627801 -0.775591 -0.065767 0.011107 -0.999938 -0.000428 0.010499 -0.999939 -0.003288 0.600198 -0.775672 -0.195181 0.600210 -0.775655 -0.195211 0.010759 -0.999937 -0.003102 0.009720 -0.999938 -0.005437 0.546494 -0.775712 -0.315619 0.546497 -0.775694 -0.315657 0.010007 -0.999936 -0.005314 0.008474 -0.999937 -0.007424 0.468932 -0.775757 -0.422261 0.468882 -0.775789 -0.422258 0.008806 -0.999934 -0.007321 0.006694 -0.999935 -0.009222 0.370687 -0.775839 -0.510554 0.370646 -0.775853 -0.510562 0.006944 -0.999934 -0.009185 0.004506 -0.999934 -0.010592 0.256261 -0.775875 -0.576497 0.256227 -0.775890 -0.576492 0.004747 -0.999933 -0.010542 0.002115 -0.999933 -0.011397 0.130712 -0.775893 -0.617175 0.130675 -0.775927 -0.617140 0.002376 -0.999933 -0.011347 -0.000390 -0.999932 -0.011637 -0.000523 -0.775915 -0.630837 -0.000553 -0.775962 -0.630780 -0.000154 -0.999933 -0.011592 -0.002926 -0.999932 -0.011301 -0.131749 -0.775933 -0.616903 -0.131770 -0.775984 -0.616835 -0.002684 -0.999933 -0.011248 -0.005355 -0.999932 -0.010380 -0.257272 -0.775935 -0.575965 -0.257259 -0.776003 -0.575880 -0.005069 -0.999934 -0.010330 -0.007434 -0.999932 -0.008965 -0.371414 -0.775940 -0.509871 -0.371389 -0.776010 -0.509783 -0.007105 -0.999935 -0.008951 -0.009236 -0.999933 -0.007032 -0.469503 -0.775923 -0.421320 -0.469482 -0.775966 -0.421263 -0.008908 -0.999936 -0.006978 -0.010391 -0.999934 -0.004936 -0.546849 -0.775865 -0.314626 
						-0.546784 -0.775941 -0.314551 -0.010027 -0.999937 -0.004993 -0.011084 -0.999935 -0.002619 -0.600326 -0.775846 -0.194094 -0.600251 -0.775920 -0.194030 -0.010724 -0.999939 -0.002745 -0.011308 -0.999936 0.000003 -0.627658 -0.775799 -0.064661 -0.627617 -0.775835 -0.064624 -0.010920 -0.999940 -0.000103 -0.010920 -0.999938 0.002100 -0.627529 -0.775714 0.066894 -0.627478 -0.775753 0.066923 -0.010628 -0.999942 0.001838 -0.667883 -0.635979 0.386604 -0.667932 -0.635808 0.386801 -0.667685 -0.635957 0.386982 -0.775024 -0.444671 0.449005 -0.775063 -0.444578 0.449030 -0.667790 -0.635822 0.387025 -0.851304 -0.444798 0.278275 -0.733350 -0.636087 0.239981 -0.733286 -0.636165 0.239969 -0.851232 -0.444950 0.278250 -0.733445 -0.636074 0.239726 -0.733399 -0.636187 0.239568 -0.573032 -0.635753 0.517158 -0.573000 -0.635650 0.517320 -0.572770 -0.635731 0.517475 -0.664793 -0.444499 0.600392 -0.664813 -0.444444 0.600410 -0.572826 -0.635663 0.517497 -0.453109 -0.635605 0.625060 -0.453027 -0.635530 0.625194 -0.452789 -0.635583 0.625313 -0.525507 -0.444378 0.725514 -0.525511 -0.444363 0.725520 -0.452827 -0.635542 0.625327 -0.313321 -0.635497 0.705673 -0.313212 -0.635435 0.705777 -0.312971 -0.635477 0.705846 -0.363240 -0.444313 0.818928 -0.363240 -0.444305 0.818932 -0.313003 -0.635446 0.705859 -0.159702 -0.635398 0.755489 -0.159581 -0.635382 0.755528 -0.159334 -0.635379 0.755584 -0.184992 -0.444250 0.876596 -0.184992 -0.444229 0.876606 -0.159350 -0.635394 0.755567 0.000591 -0.635370 0.772207 0.000743 -0.635347 0.772227 0.001005 -0.635349 0.772224 0.001133 -0.444200 0.895927 0.001133 -0.444191 0.895931 0.000982 -0.635359 0.772216 0.160905 -0.635393 0.755239 0.161061 -0.635375 0.755221 0.161331 -0.635371 0.755166 0.187245 -0.444230 0.876127 0.187244 -0.444243 0.876121 0.161307 -0.635388 0.755157 0.314459 -0.635443 0.705215 0.314586 -0.635464 0.705139 
						0.314846 -0.635422 0.705061 0.365330 -0.444307 0.818001 0.365328 -0.444301 0.818005 0.314804 -0.635477 0.705030 0.454129 -0.635529 0.624395 0.454224 -0.635561 0.624294 0.454462 -0.635509 0.624174 0.527360 -0.444361 0.724178 0.527355 -0.444380 0.724171 0.454416 -0.635574 0.624141 0.573940 -0.635638 0.516292 0.573986 -0.635742 0.516113 0.574202 -0.635619 0.516024 0.666339 -0.444457 0.598707 0.666320 -0.444510 0.598689 0.574101 -0.635751 0.515974 0.668435 -0.635856 0.385852 0.668468 -0.635913 0.385701 0.668680 -0.635832 0.385466 0.776111 -0.444628 0.447166 0.776075 -0.444712 0.447145 0.668602 -0.635928 0.385442 0.733957 -0.636045 0.238232 0.733897 -0.636183 0.238047 0.734085 -0.636026 0.237886 0.852031 -0.444849 0.275956 0.851984 -0.444949 0.275940 0.733945 -0.636192 0.237876 0.767250 -0.636293 0.080371 0.767167 -0.636411 0.080217 0.767307 -0.636273 0.079982 0.890685 -0.445066 0.092714 0.890660 -0.445118 0.092711 0.767181 -0.636423 0.079998 0.767018 -0.636547 -0.080574 0.766978 -0.636573 -0.080740 0.766986 -0.636521 -0.081080 0.890417 -0.445255 -0.094368 0.890389 -0.445311 -0.094372 0.766928 -0.636591 -0.081072 0.733269 -0.636707 -0.238582 0.733125 -0.636838 -0.238672 0.733188 -0.636691 -0.238869 0.851227 -0.445453 -0.277460 0.851181 -0.445550 -0.277447 0.733081 -0.636845 -0.238792 0.667506 -0.636942 -0.385669 0.667365 -0.637034 -0.385761 0.667307 -0.636920 -0.386050 0.774812 -0.445661 -0.448390 0.774773 -0.445752 -0.448366 0.667226 -0.637047 -0.385980 0.572646 -0.637146 -0.515869 0.572499 -0.637213 -0.515950 0.572386 -0.637126 -0.516183 0.664620 -0.445868 -0.599569 0.664602 -0.445912 -0.599555 0.572345 -0.637225 -0.516107 0.452673 -0.637311 -0.623636 0.452522 -0.637361 -0.623694 0.452322 -0.637288 -0.623914 0.525278 -0.446009 -0.724679 0.525281 -0.445994 -0.724685 0.452286 -0.637375 -0.623851 
						0.312951 -0.637421 -0.704099 0.312814 -0.637450 -0.704134 0.312589 -0.637400 -0.704279 0.363067 -0.446047 -0.818061 0.363061 -0.446067 -0.818053 0.312590 -0.637462 -0.704222 0.159638 -0.637491 -0.753738 0.159496 -0.637505 -0.753756 0.159265 -0.637471 -0.753834 0.185006 -0.446102 -0.875652 0.185006 -0.446160 -0.875622 0.159291 -0.637516 -0.753790 -0.000605 -0.637530 -0.770426 -0.000746 -0.637520 -0.770434 -0.001019 -0.637508 -0.770443 -0.001146 -0.446176 -0.894945 -0.001147 -0.446174 -0.894946 -0.000997 -0.637533 -0.770423 -0.160844 -0.637524 -0.753453 -0.160998 -0.637490 -0.753449 -0.161270 -0.637502 -0.753381 -0.187258 -0.446162 -0.875142 -0.187258 -0.446127 -0.875160 -0.161252 -0.637504 -0.753383 -0.314115 -0.637472 -0.703535 -0.314241 -0.637435 -0.703512 -0.314452 -0.637453 -0.703402 -0.365154 -0.446094 -0.817107 -0.365153 -0.446092 -0.817108 -0.314426 -0.637446 -0.703420 -0.453571 -0.637403 -0.622889 -0.453737 -0.637317 -0.622856 -0.453926 -0.637381 -0.622653 -0.527137 -0.446043 -0.723306 -0.527135 -0.446040 -0.723310 -0.453928 -0.637330 -0.622704 -0.573417 -0.637251 -0.514883 -0.573555 -0.637161 -0.514840 -0.573692 -0.637231 -0.514602 -0.666130 -0.445949 -0.597829 -0.666160 -0.445873 -0.597853 -0.573719 -0.637174 -0.514641 -0.668011 -0.637079 -0.384567 -0.668173 -0.636954 -0.384493 -0.668227 -0.637058 -0.384227 -0.775916 -0.445763 -0.446374 -0.775956 -0.445668 -0.446399 -0.668279 -0.636966 -0.384289 -0.733514 -0.636881 -0.237361 -0.733687 -0.636724 -0.237246 -0.733686 -0.636855 -0.236898 -0.851878 -0.445565 -0.275273 -0.851927 -0.445461 -0.275292 -0.733774 -0.636741 -0.236931 -0.767086 -0.636618 -0.079350 -0.767140 -0.636568 -0.079229 -0.767132 -0.636601 -0.079038 -0.890622 -0.445326 -0.092069 -0.890652 -0.445266 -0.092073 -0.767149 -0.636576 -0.079076 -0.890433 -0.445089 0.094999 -0.767067 -0.636306 0.081996 -0.766953 -0.636442 0.082001 -0.890410 -0.445135 0.094996 
						-0.767108 -0.636292 0.081720 -0.766981 -0.636465 0.081557 0.339506 0.074906 0.937617 0.339507 0.074892 0.937617 0.236948 -0.029225 0.971083 0.236966 -0.029229 0.971078 0.433758 -0.029286 0.900553 0.433767 -0.029283 0.900549 0.526982 0.074797 0.846579 0.526979 0.074792 0.846581 0.137186 0.074932 0.987707 0.137182 0.074921 0.987708 0.029796 -0.029203 0.999129 0.029806 -0.029201 0.999129 0.611493 -0.029350 0.790706 0.611499 -0.029349 0.790701 0.691450 0.074773 0.718544 0.691450 0.074766 0.718545 0.762538 -0.029381 0.646275 0.762544 -0.029381 0.646269 0.825714 0.074750 0.559114 0.825715 0.074743 0.559114 0.880262 -0.029423 0.473575 0.880264 -0.029421 0.473572 0.923918 0.074734 0.375221 0.923918 0.074727 0.375222 0.959491 -0.029392 0.280203 0.959494 -0.029395 0.280193 0.981731 0.074724 0.174987 0.981731 0.074720 0.174988 0.997254 -0.055046 0.049546 0.997254 -0.055043 0.049543 0.997112 0.049091 -0.057945 0.997112 0.049091 -0.057948 0.981285 -0.074681 -0.177489 0.981286 -0.074679 -0.177484 0.958779 0.029447 -0.282624 0.958779 0.029453 -0.282623 0.922941 -0.074723 -0.377619 0.922943 -0.074724 -0.377614 0.879043 0.029432 -0.475834 0.879042 0.029434 -0.475835 0.824265 -0.074719 -0.561253 0.824266 -0.074719 -0.561251 0.760898 0.029404 -0.648205 0.760898 0.029410 -0.648205 0.689564 -0.074766 -0.720355 0.689571 -0.074763 -0.720349 0.609513 0.029330 -0.792234 0.609510 0.029335 -0.792235 0.524802 -0.074818 -0.847930 0.524811 -0.074816 -0.847925 0.431469 0.029294 -0.901652 0.431466 0.029305 -0.901653 0.337064 -0.074885 -0.938499 0.337075 -0.074887 -0.938495 0.234469 0.029268 -0.971683 0.234469 0.029278 -0.971683 0.134552 -0.074909 -0.988071 0.134563 -0.074908 -0.988070 0.027307 0.029159 -0.999202 0.027302 0.029171 -0.999201 -0.073615 -0.074861 -0.994473 -0.073604 -0.074867 -0.994473 
						-0.183873 0.032119 -0.982425 -0.183477 0.031736 -0.982512 -0.240173 -0.028832 -0.970302 -0.240277 -0.028139 -0.970297 -0.345840 0.075902 -0.935218 -0.345235 0.075812 -0.935449 0.471211 0.072426 0.879042 0.471552 0.072057 0.878890 0.564382 -0.025942 0.825106 0.564694 -0.026323 0.824880 -0.638939 -0.075817 -0.765512 -0.638811 -0.076480 -0.765553 -0.721776 0.028163 -0.691554 -0.722251 0.028275 -0.691053 -0.775572 -0.057770 -0.628610 -0.775289 -0.058170 -0.628922 -0.841024 0.048971 -0.538777 -0.841027 0.048977 -0.538772 -0.897791 -0.074262 -0.434116 -0.897789 -0.074271 -0.434119 -0.943195 0.034471 -0.330447 -0.942990 0.033810 -0.331099 -0.960941 -0.028168 -0.275315 -0.961020 -0.026982 -0.275160 -0.983529 0.076875 -0.163587 -0.983360 0.076754 -0.164659 -0.997437 -0.044859 -0.055735 -0.997499 -0.044277 -0.055097 -0.997380 0.049979 0.052303 -0.997318 0.050555 0.052931 -0.983081 -0.076342 0.166504 -0.983027 -0.077443 0.166313 -0.960391 0.027468 0.277301 -0.960060 0.027613 0.278430 -0.932669 -0.059315 0.355823 -0.932879 -0.059989 0.355160 -0.886995 0.049091 0.459163 -0.886992 0.049083 0.459170 -0.850316 -0.029394 0.525452 -0.850313 -0.029399 0.525456 -0.786501 0.074670 0.613058 -0.786503 0.074664 0.613057 -0.722514 -0.029417 0.690730 -0.722507 -0.029420 0.690737 -0.641905 0.074709 0.763136 -0.641905 0.074699 0.763137 -0.563127 -0.029358 0.825849 -0.563120 -0.029357 0.825853 -0.469298 0.074766 0.879869 -0.469301 0.074758 0.879868 -0.379120 -0.029324 0.924883 -0.379110 -0.029324 0.924887 -0.276156 0.074832 0.958195 -0.276158 0.074820 0.958196 -0.178531 -0.029238 0.983500 -0.178518 -0.029237 0.983502 -0.071056 0.074868 0.994659 -0.071054 0.074855 0.994660 0.212089 0.039844 0.976438 0.409485 0.023407 0.912017 0.409476 0.023414 0.912020 0.212081 0.039850 0.976439 0.410462 0.039758 0.911011 0.590155 0.023313 0.806954 
						0.590149 0.023313 0.806958 0.410453 0.039758 0.911015 0.590904 0.039724 0.805763 0.745037 0.023280 0.666617 0.745033 0.023280 0.666621 0.590899 0.039725 0.805767 0.745524 0.039716 0.665295 0.867354 0.023272 0.497148 0.867352 0.023273 0.497151 0.745520 0.039716 0.665299 0.867555 0.039681 0.495756 0.951760 0.023234 0.305963 0.951758 0.023231 0.305969 0.867553 0.039676 0.495760 0.951667 0.039679 0.304557 0.994575 0.023251 0.101391 0.994574 0.023255 0.101394 0.951666 0.039684 0.304562 0.994680 0.004066 0.102937 0.994414 -0.012383 -0.104824 0.994413 -0.012386 -0.104827 0.994679 0.004064 0.102941 0.994312 -0.023226 -0.103946 0.950882 -0.039663 -0.307002 0.950881 -0.039665 -0.307005 0.994311 -0.023228 -0.103949 0.950971 -0.023228 -0.308406 0.866277 -0.039663 -0.497988 0.866275 -0.039665 -0.497991 0.950970 -0.023231 -0.308409 0.866072 -0.023253 -0.499378 0.743809 -0.039678 -0.667214 0.743806 -0.039675 -0.667217 0.866070 -0.023253 -0.499381 0.743321 -0.023299 -0.668529 0.588825 -0.039713 -0.807285 0.588817 -0.039709 -0.807290 0.743318 -0.023295 -0.668532 0.588076 -0.023347 -0.808469 0.408115 -0.039758 -0.912064 0.408106 -0.039754 -0.912069 0.588069 -0.023342 -0.808474 0.407135 -0.023371 -0.913069 0.209578 -0.039790 -0.976982 0.209572 -0.039790 -0.976983 0.407126 -0.023372 -0.913073 0.208412 -0.023418 -0.977761 0.001867 -0.039831 -0.999205 0.001853 -0.039829 -0.999205 0.208406 -0.023417 -0.977762 0.000558 -0.023370 -0.999727 -0.204964 -0.039705 -0.977964 -0.204486 -0.039666 -0.978065 0.000544 -0.023370 -0.999727 -0.211327 0.041864 -0.976518 -0.408761 0.025318 -0.912290 -0.408306 0.025285 -0.912495 -0.210854 0.041974 -0.976616 0.405232 0.022704 0.913932 0.586554 0.039696 0.808937 0.586966 0.039736 0.808636 0.404782 0.022662 0.914132 -0.587766 -0.025390 -0.808632 -0.741733 -0.042086 -0.669374 
						-0.742077 -0.042056 -0.668995 -0.588173 -0.025504 -0.808333 -0.744846 0.003881 -0.667225 -0.866103 -0.012475 -0.499709 -0.866106 -0.012477 -0.499704 -0.745184 0.003840 -0.666848 -0.865546 -0.022605 -0.500318 -0.949262 -0.038907 -0.312069 -0.949005 -0.038845 -0.312860 -0.865549 -0.022604 -0.500313 -0.951129 0.043591 -0.305702 -0.994352 0.026939 -0.102662 -0.994266 0.026885 -0.103502 -0.950869 0.043777 -0.306482 -0.994512 0.012627 -0.103861 -0.994242 -0.004798 0.107052 -0.994152 -0.004870 0.107881 -0.994424 0.012693 -0.104692 -0.994087 -0.026864 0.105211 -0.950341 -0.043771 0.308118 -0.950083 -0.043720 0.308920 -0.993995 -0.027057 0.106030 -0.950056 0.003834 0.312054 -0.865820 -0.012477 0.500199 -0.865824 -0.012472 0.500194 -0.949796 0.003772 0.312847 -0.863138 0.039461 0.503424 -0.740868 0.023024 0.671256 -0.740872 0.023025 0.671251 -0.863141 0.039463 0.503418 -0.739601 0.039530 0.671883 -0.585109 0.023089 0.810626 -0.585116 0.023090 0.810621 -0.739606 0.039531 0.671879 -0.583739 0.039600 0.810975 -0.403781 0.023157 0.914563 -0.403789 0.023157 0.914559 -0.583745 0.039601 0.810970 -0.402368 0.039664 0.914619 -0.204812 0.023221 0.978526 -0.204823 0.023222 0.978524 -0.402375 0.039666 0.914615 -0.203413 0.039775 0.978285 0.003123 0.023334 0.999723 0.003114 0.023338 0.999723 -0.203424 0.039779 0.978282 0.004437 0.039842 0.999196 0.210918 0.023394 0.977224 0.210909 0.023394 0.977226 0.004428 0.039843 0.999196 -0.949657 -0.044325 0.310139 -0.949704 -0.043195 0.310155 -0.949697 -0.043364 0.310153 -0.949657 -0.044323 0.310139 -0.864461 -0.045019 0.500679 -0.864494 -0.044177 0.500697 -0.864489 -0.044315 0.500694 -0.864462 -0.044994 0.500680 -0.741468 -0.045415 0.669449 -0.741485 -0.044918 0.669464 -0.741482 -0.045008 0.669461 -0.741469 -0.045386 0.669450 -0.586063 -0.045667 0.808977 -0.586073 -0.045330 0.808990 
						-0.586071 -0.045391 0.808987 -0.586064 -0.045644 0.808978 -0.405087 -0.046050 0.913118 -0.405095 -0.045603 0.913137 -0.405094 -0.045640 0.913135 -0.405087 -0.046044 0.913118 -0.206328 -0.046473 0.977379 -0.206336 -0.045999 0.977399 -0.206336 -0.046022 0.977398 -0.206329 -0.046474 0.977378 0.001292 -0.046538 0.998916 0.001292 -0.046451 0.998920 0.001292 -0.046448 0.998920 0.001292 -0.046560 0.998915 0.208859 -0.046274 0.976850 0.208856 -0.046579 0.976836 0.208856 -0.046563 0.976837 0.208858 -0.046321 0.976848 0.407462 -0.045965 0.912065 0.407454 -0.046341 0.912049 0.407454 -0.046321 0.912050 0.407461 -0.046026 0.912062 0.588163 -0.045749 0.807448 0.588153 -0.046041 0.807438 0.588154 -0.046005 0.807440 0.588160 -0.045825 0.807445 0.743201 -0.045294 0.667533 0.743183 -0.045850 0.667516 0.743185 -0.045802 0.667517 0.743197 -0.045421 0.667529 0.865730 -0.044454 0.498534 0.865692 -0.045430 0.498511 0.865693 -0.045410 0.498511 0.865723 -0.044621 0.498530 -0.950535 0.043622 -0.307538 -0.950494 0.044603 -0.307525 -0.950494 0.044614 -0.307525 -0.950529 0.043769 -0.307536 0.993733 -0.042819 0.103254 0.993692 -0.043765 0.103250 0.993693 -0.043748 0.103250 0.993726 -0.042990 0.103253 0.993994 -0.028770 -0.105580 0.993488 -0.042976 -0.105516 0.993488 -0.042978 -0.105516 0.993928 -0.031012 -0.105571 0.952575 -0.002449 -0.304295 0.952173 -0.028120 -0.304262 0.952101 -0.030344 -0.304274 0.952573 -0.004387 -0.304279 0.865634 -0.002246 -0.500673 0.865635 -0.001778 -0.500672 0.865631 -0.003627 -0.500669 0.865635 -0.000708 -0.500674 0.737917 -0.026781 -0.674360 0.738108 -0.003151 -0.674675 0.738093 -0.001535 -0.674697 0.737951 -0.025434 -0.674375 0.586164 -0.038564 -0.809274 0.586375 -0.027584 -0.809570 0.586396 -0.026232 -0.809599 0.586163 -0.038607 -0.809272 0.405562 -0.016769 -0.913914 0.405317 -0.038624 -0.913360 
						0.405317 -0.038603 -0.913361 0.405557 -0.017488 -0.913902 0.217359 0.026445 -0.975734 0.217116 -0.015558 -0.976022 0.217068 -0.016293 -0.976020 0.217395 0.026626 -0.975721 -0.000739 0.028263 -0.999600 -0.000740 0.027805 -0.999613 -0.000741 0.027984 -0.999608 -0.000739 0.027468 -0.999622 -0.220001 -0.014922 -0.975385 -0.220216 0.026901 -0.975080 -0.220244 0.026097 -0.975096 -0.219949 -0.016698 -0.975368 -0.407998 -0.038350 -0.912177 -0.408242 -0.016147 -0.912731 -0.408230 -0.017885 -0.912704 -0.407999 -0.038311 -0.912178 -0.588421 -0.038757 -0.807625 -0.588431 -0.038272 -0.807641 -0.588430 -0.038332 -0.807639 -0.588421 -0.038750 -0.807626 -0.743523 -0.039545 -0.667540 -0.743547 -0.038642 -0.667566 -0.743544 -0.038755 -0.667563 -0.743523 -0.039559 -0.667540 -0.865999 -0.040421 -0.498409 -0.866035 -0.039415 -0.498427 -0.866030 -0.039573 -0.498423 -0.866000 -0.040417 -0.498408 -0.950679 -0.041293 -0.307415 -0.950718 -0.040287 -0.307428 -0.950713 -0.040434 -0.307426 -0.950678 -0.041312 -0.307415 -0.993784 -0.042271 -0.102986 -0.993832 -0.041134 -0.102991 -0.993824 -0.041310 -0.102990 -0.993784 -0.042282 -0.102986 -0.993442 -0.043349 0.105797 -0.993495 -0.042121 0.105803 -0.993487 -0.042293 0.105802 -0.993441 -0.043373 0.105797 
					</float_array>
					<technique_common>
						<accessor count="2986" offset="0" source="#meshId0-bitangents-array" stride="3">
							<param name="X" type="float" />
							<param name="Y" type="float" />
							<param name="Z" type="float" />
						</accessor>
					</technique_common>
				</source>
				<source id="meshId0-tex0" name="meshId0-tex0">
					<float_array id="meshId0-tex0-array" count="5972"> 
						0.882727 0.304814 0.890714 0.312070 0.876855 0.323936 0.870170 0.315606 0.860618 0.333434 0.855026 0.324412 0.842648 0.341597 0.837744 0.332253 0.823374 0.349281 0.818806 0.339846 0.803135 0.357090 0.798781 0.347777 0.782133 0.365073 0.777744 0.355641 0.760681 0.373776 0.756094 0.364430 0.739016 0.383376 0.734148 0.374169 0.717370 0.393973 0.712173 0.384937 0.695944 0.405636 0.690392 0.396802 0.674910 0.418401 0.668990 0.409800 0.654415 0.432276 0.648121 0.423938 0.634579 0.447242 0.627917 0.439196 0.615507 0.463253 0.608484 0.455525 0.597284 0.480245 0.589916 0.472858 0.579980 0.498134 0.572286 0.491103 0.563649 0.516818 0.555653 0.510151 0.548320 0.536175 0.540054 0.529862 0.533979 0.556065 0.525475 0.550069 0.520603 0.576341 0.511675 0.570648 0.508536 0.597035 0.499516 0.591767 0.497416 0.617845 0.488256 0.612796 0.487219 0.638662 0.477938 0.633811 0.477855 0.659323 0.468492 0.654611 0.469152 0.679593 0.459763 0.674912 0.460845 0.699201 0.451514 0.694374 0.452538 0.717844 0.443411 0.712608 0.443650 0.735174 0.434961 0.729184 0.433385 0.750723 0.425467 0.743639 0.420824 0.763788 0.414031 0.755458 0.900288 0.321189 0.885097 0.333833 
						0.867728 0.343938 0.848939 0.352463 0.829164 0.360283 0.808655 0.368036 0.787640 0.376060 0.766332 0.384684 0.744929 0.394137 0.723617 0.404542 0.702570 0.415975 0.681942 0.428475 0.661862 0.442049 0.642444 0.456680 0.623780 0.472328 0.605951 0.488933 0.589020 0.506418 0.573036 0.524692 0.558027 0.543647 0.544001 0.563158 0.531003 0.583100 0.519088 0.603404 0.508130 0.623947 0.498064 0.644578 0.488779 0.665148 0.480084 0.685474 0.471681 0.705348 0.463126 0.724528 0.453790 0.742703 0.442861 0.759382 0.429452 0.773755 0.909971 0.330988 0.893431 0.344038 0.875005 0.354492 0.855450 0.363270 0.835175 0.371204 0.814398 0.378934 0.793337 0.386954 0.772134 0.395500 0.750951 0.404815 0.729940 0.415037 0.709246 0.426248 0.689002 0.438489 0.669323 0.451770 0.650308 0.466075 0.632043 0.481368 0.614598 0.497596 0.598033 0.514689 0.582392 0.532564 0.567703 0.551125 0.553991 0.570265 0.541310 0.589881 0.529567 0.609850 0.518766 0.630140 0.508821 0.650608 0.499606 0.671125 0.490913 0.691547 0.482423 0.711708 0.473670 0.731410 0.464019 0.750367 0.452676 0.768113 0.438765 0.783826 0.917796 0.339428 0.900025 0.352569 0.880790 0.363122 0.860677 0.371996 
						0.840040 0.379978 0.819068 0.387690 0.797974 0.395685 0.776850 0.404164 0.755834 0.413370 0.735055 0.423448 0.714637 0.434484 0.694695 0.446520 0.675332 0.459569 0.656637 0.473616 0.638689 0.488629 0.621552 0.504558 0.605279 0.521339 0.589912 0.538897 0.575482 0.557144 0.562016 0.575987 0.549558 0.595337 0.537968 0.615055 0.527292 0.635145 0.517443 0.655485 0.508284 0.675963 0.499599 0.696458 0.491063 0.716835 0.482207 0.736921 0.472410 0.756458 0.460909 0.775026 0.446823 0.791942 0.926985 0.350886 0.907905 0.363676 0.887777 0.374115 0.867060 0.382967 0.846041 0.390935 0.824879 0.398599 0.803763 0.406532 0.782748 0.414915 0.761941 0.423983 0.741448 0.433884 0.721368 0.444704 0.701798 0.456489 0.682825 0.469251 0.664526 0.482979 0.646969 0.497646 0.630211 0.513205 0.614300 0.529601 0.599273 0.546767 0.585160 0.564628 0.571990 0.583103 0.559794 0.602122 0.548391 0.621535 0.537869 0.641379 0.528137 0.661556 0.519052 0.681973 0.510397 0.702538 0.501848 0.723140 0.492954 0.743635 0.483134 0.763804 0.471690 0.783303 0.457839 0.801591 0.935573 0.363278 0.915310 0.375377 0.894421 0.385447 0.873215 0.394114 0.851904 0.401976 0.830618 0.409546 
						0.809520 0.417386 0.788637 0.425657 0.768053 0.434582 0.747851 0.444304 0.728113 0.454910 0.708916 0.466445 0.690333 0.478923 0.672430 0.492335 0.655263 0.506657 0.638884 0.521850 0.623333 0.537862 0.608644 0.554636 0.594846 0.572109 0.581962 0.590214 0.570013 0.608894 0.558798 0.628001 0.548432 0.647591 0.538821 0.667588 0.529824 0.687920 0.521228 0.708513 0.512726 0.729280 0.503901 0.750100 0.494228 0.770797 0.483099 0.791109 0.469852 0.810661 0.943388 0.376552 0.922130 0.387667 0.900632 0.397152 0.879060 0.405480 0.857558 0.413137 0.836222 0.420562 0.815195 0.428271 0.794478 0.436409 0.774139 0.445181 0.754245 0.454721 0.734857 0.465112 0.716040 0.476397 0.697852 0.488592 0.680346 0.501689 0.663573 0.515668 0.647573 0.530492 0.632383 0.546120 0.618032 0.562502 0.604544 0.579583 0.591937 0.597311 0.580226 0.615640 0.569203 0.634431 0.558997 0.653752 0.549515 0.673543 0.540624 0.693753 0.532125 0.714322 0.523736 0.735182 0.515087 0.756234 0.505723 0.777344 0.495139 0.798330 0.482817 0.818974 0.950292 0.390631 0.928276 0.400525 0.906338 0.409240 0.884535 0.417092 0.862946 0.424449 0.841642 0.431670 0.820744 0.439209 0.800237 0.447190 
						0.780175 0.455795 0.760609 0.465145 0.741588 0.475318 0.723161 0.486353 0.705375 0.498264 0.688274 0.511046 0.671897 0.524679 0.656280 0.539135 0.641451 0.554376 0.627437 0.570360 0.614257 0.587043 0.601923 0.604383 0.590441 0.622346 0.579616 0.640806 0.569576 0.659833 0.560236 0.679387 0.551475 0.699429 0.543115 0.719915 0.534909 0.740791 0.526540 0.761978 0.517632 0.783375 0.507789 0.804870 0.496659 0.826379 0.956300 0.405763 0.933791 0.414226 0.911599 0.422001 0.889701 0.429240 0.868136 0.436198 0.846953 0.443151 0.826253 0.450471 0.806012 0.458263 0.786271 0.466681 0.767069 0.475829 0.748444 0.485773 0.730432 0.496549 0.713069 0.508167 0.696390 0.520624 0.680425 0.533903 0.665203 0.547978 0.650748 0.562819 0.637079 0.578390 0.624211 0.594656 0.612154 0.611585 0.600901 0.629151 0.590288 0.647251 0.580428 0.665948 0.571249 0.685218 0.562649 0.705037 0.554476 0.725371 0.546528 0.746178 0.538546 0.767396 0.530238 0.788951 0.521325 0.810781 0.511618 0.832892 0.961624 0.423151 0.938913 0.429928 0.916671 0.436529 0.894841 0.442969 0.873438 0.449389 0.852495 0.455975 0.832094 0.463005 0.812211 0.470555 0.792875 0.478745 0.774114 0.487655 
						0.755956 0.497339 0.738425 0.507822 0.721547 0.519114 0.705346 0.531209 0.689846 0.544092 0.675067 0.557742 0.661028 0.572133 0.647743 0.587237 0.635222 0.603029 0.623469 0.619484 0.612474 0.636584 0.602104 0.654251 0.592455 0.672541 0.583476 0.691444 0.575088 0.710948 0.567176 0.731031 0.559590 0.751658 0.552141 0.772781 0.544630 0.794346 0.536889 0.816324 0.528878 0.838767 0.965878 0.442858 0.943311 0.447744 0.921284 0.452954 0.899736 0.458405 0.878673 0.464135 0.858125 0.470240 0.838157 0.476898 0.818750 0.484144 0.799927 0.492056 0.781705 0.500688 0.764102 0.510072 0.747131 0.520226 0.730811 0.531151 0.715156 0.542841 0.700182 0.555282 0.685902 0.568455 0.672329 0.582340 0.659471 0.596917 0.647336 0.612165 0.635922 0.628070 0.625221 0.644620 0.615128 0.661761 0.605731 0.679544 0.596999 0.697972 0.588885 0.717041 0.581320 0.736739 0.574213 0.757039 0.567455 0.777899 0.560938 0.799276 0.554602 0.821155 0.548509 0.843597 0.968591 0.464588 0.946561 0.467450 0.925062 0.471106 0.904056 0.475411 0.883554 0.480314 0.863587 0.485824 0.844213 0.492031 0.825427 0.498909 0.807242 0.506491 0.789671 0.514800 0.772721 0.523845 0.756401 0.533630 
						0.740719 0.544148 0.725681 0.555389 0.711296 0.567340 0.697572 0.579985 0.684515 0.593306 0.672130 0.607289 0.660421 0.621920 0.649387 0.637192 0.639020 0.653100 0.629243 0.669606 0.620140 0.686762 0.611706 0.704581 0.603930 0.723069 0.596796 0.742220 0.590280 0.762010 0.584354 0.782399 0.578999 0.803342 0.574245 0.824819 0.570216 0.846871 0.969313 0.487780 0.948244 0.488560 0.927628 0.490581 0.907456 0.493647 0.887761 0.497631 0.868585 0.502458 0.849989 0.508149 0.831981 0.514604 0.814571 0.521809 0.797771 0.529753 0.781581 0.538420 0.766004 0.547797 0.751040 0.557869 0.736690 0.568620 0.722957 0.580037 0.709844 0.592102 0.697353 0.604802 0.685486 0.618127 0.674245 0.632068 0.663630 0.646621 0.653644 0.661790 0.644217 0.677542 0.635451 0.693939 0.627361 0.710999 0.619977 0.728737 0.613338 0.747153 0.607494 0.766225 0.602496 0.785901 0.598409 0.806124 0.595332 0.826856 0.593431 0.848100 0.967695 0.511624 0.948038 0.510338 0.928681 0.510751 0.909651 0.512576 0.891014 0.515620 0.872843 0.519722 0.855223 0.524873 0.838145 0.530867 0.821646 0.537662 0.805733 0.545208 0.790405 0.553465 0.775657 0.562402 0.761485 0.571993 0.747887 0.582220 
						0.734862 0.593062 0.722409 0.604504 0.710528 0.616535 0.699220 0.629143 0.688486 0.642324 0.678329 0.656079 0.668772 0.670421 0.659725 0.685300 0.651333 0.700802 0.643621 0.716945 0.636658 0.733753 0.630540 0.751234 0.625392 0.769363 0.621347 0.788071 0.618539 0.807267 0.617122 0.826871 0.617335 0.846873 0.963040 0.536312 0.945534 0.533223 0.927953 0.532107 0.910462 0.532718 0.893216 0.534832 0.876342 0.538259 0.859891 0.542783 0.843959 0.548283 0.828564 0.554631 0.813710 0.561738 0.799393 0.569537 0.785607 0.577980 0.772344 0.587032 0.759602 0.596670 0.747378 0.606871 0.735671 0.617616 0.724478 0.628892 0.713801 0.640690 0.703643 0.653003 0.694008 0.665829 0.684885 0.679170 0.676343 0.693047 0.668388 0.707459 0.661098 0.722458 0.654576 0.738078 0.648980 0.754340 0.644515 0.771220 0.641407 0.788627 0.639871 0.806407 0.640094 0.824379 0.642267 0.842368 0.956924 0.558089 0.941493 0.553512 0.925719 0.551184 0.909823 0.550857 0.894020 0.552254 0.878479 0.555107 0.863298 0.559173 0.848561 0.564254 0.834297 0.570201 0.820515 0.576900 0.807209 0.584263 0.794372 0.592231 0.782000 0.600764 0.770094 0.609839 0.758649 0.619424 0.747664 0.629498 
						0.737140 0.640049 0.727079 0.651064 0.717487 0.662535 0.708370 0.674457 0.699751 0.686835 0.691654 0.699653 0.684124 0.712946 0.677226 0.726740 0.671081 0.741074 0.665880 0.755984 0.661896 0.771468 0.659454 0.787434 0.658864 0.803685 0.660371 0.819966 0.664147 0.836033 0.949313 0.577406 0.936155 0.571650 0.922269 0.568495 0.908032 0.567570 0.893744 0.568511 0.879620 0.570995 0.865773 0.574705 0.852284 0.579438 0.839198 0.585028 0.826521 0.591339 0.814248 0.598275 0.802373 0.605770 0.790896 0.613780 0.779832 0.622297 0.769171 0.631269 0.758911 0.640677 0.749058 0.650506 0.739622 0.660741 0.730609 0.671368 0.722029 0.682378 0.713905 0.693771 0.706298 0.705531 0.699209 0.717662 0.692700 0.730180 0.686889 0.743116 0.681963 0.756508 0.678215 0.770375 0.676081 0.784692 0.675981 0.799229 0.678266 0.813672 0.683202 0.827673 0.941106 0.593172 0.929995 0.587043 0.917855 0.583682 0.905228 0.582632 0.892473 0.583465 0.879815 0.585835 0.867319 0.589309 0.855126 0.593788 0.843251 0.599069 0.831699 0.605016 0.820468 0.611535 0.809554 0.618559 0.798965 0.626033 0.788773 0.634007 0.778887 0.642368 0.769349 0.651115 0.760172 0.660230 0.751369 0.669694 
						0.742950 0.679487 0.734922 0.689586 0.727276 0.699965 0.720223 0.710697 0.713597 0.721670 0.707488 0.732898 0.701996 0.744388 0.697271 0.756153 0.693549 0.768201 0.691200 0.780508 0.690981 0.793080 0.693123 0.805268 0.697932 0.816619 0.932315 0.605191 0.922881 0.600205 0.912368 0.597588 0.901374 0.597052 0.890239 0.598182 0.879148 0.600630 0.868189 0.604088 0.857424 0.608397 0.846871 0.613395 0.836538 0.618973 0.826434 0.625053 0.816569 0.631576 0.807008 0.638583 0.797639 0.645894 0.788572 0.653588 0.779809 0.661626 0.771361 0.669982 0.763245 0.678633 0.755475 0.687554 0.748068 0.696717 0.741051 0.706090 0.734483 0.715680 0.728346 0.725427 0.722677 0.735294 0.717536 0.745248 0.713011 0.755257 0.709233 0.765275 0.706697 0.775403 0.705474 0.785171 0.706371 0.793985 0.708093 0.800913 0.130445 0.065692 0.152941 0.068266 0.152941 0.080382 0.130445 0.082966 0.559978 0.354734 0.559660 0.358071 0.549309 0.358072 0.548992 0.354734 0.051637 0.337842 0.050983 0.344791 0.041959 0.344792 0.041293 0.337842 0.127630 0.022524 0.150128 0.025097 0.150128 0.037213 0.127630 0.039797 0.557190 0.279658 0.556871 0.282987 0.546495 0.282987 0.546177 0.279658 
						0.042253 0.365995 0.041598 0.372945 0.032574 0.372945 0.031908 0.365995 0.117307 0.001878 0.139807 0.004451 0.139807 0.016566 0.117307 0.019151 0.555322 0.014078 0.555003 0.017404 0.544618 0.017404 0.544300 0.014078 0.304080 0.063815 0.303425 0.070765 0.294401 0.070765 0.293735 0.063815 0.110738 0.111676 0.133239 0.114262 0.133238 0.126378 0.110738 0.128950 0.555318 0.328457 0.554999 0.331784 0.544618 0.331784 0.544300 0.328457 0.074160 0.289981 0.073505 0.296931 0.064481 0.296931 0.063815 0.289981 0.125753 0.090092 0.148252 0.092677 0.148252 0.104793 0.125753 0.107366 0.555317 0.366934 0.554998 0.370261 0.544618 0.370260 0.544300 0.366934 0.049760 0.233674 0.049106 0.240625 0.040081 0.240625 0.039416 0.233674 0.130445 0.044108 0.152942 0.046692 0.152941 0.058808 0.130445 0.061382 0.562708 0.294673 0.562391 0.298036 0.552121 0.298036 0.551808 0.294673 0.012222 0.001878 0.011567 0.008829 0.002543 0.008829 0.001878 0.001878 0.126691 0.131384 0.149185 0.133967 0.149184 0.146083 0.126691 0.148657 0.555321 0.304996 0.555001 0.308322 0.544617 0.308322 0.544300 0.304996 0.012222 0.106984 0.011568 0.113935 0.002544 0.113936 0.001878 0.106984 
						0.138891 0.110738 0.161380 0.113321 0.161380 0.125436 0.138891 0.128011 0.555322 0.050677 0.555004 0.054003 0.544620 0.054003 0.544300 0.050677 0.012222 0.118245 0.011557 0.125196 0.002533 0.125196 0.001878 0.118245 0.142645 0.151091 0.165129 0.153673 0.165128 0.165789 0.142645 0.168364 0.562711 0.101353 0.562397 0.104715 0.552124 0.104715 0.551808 0.101353 0.105128 0.236490 0.104463 0.243441 0.095439 0.243441 0.094784 0.236490 0.152029 0.085400 0.174508 0.087982 0.174508 0.100097 0.152029 0.102672 0.563645 0.234613 0.563331 0.237976 0.553062 0.237976 0.552746 0.234613 0.179266 0.151091 0.178600 0.158041 0.169576 0.158042 0.168921 0.151091 0.154845 0.130445 0.177317 0.133027 0.177317 0.145141 0.154845 0.147717 0.544300 0.262339 0.544618 0.259012 0.555002 0.259012 0.555321 0.262339 0.012223 0.365995 0.011557 0.372945 0.002532 0.372945 0.001878 0.365995 0.179188 0.082024 0.156722 0.079443 0.156722 0.067329 0.179188 0.064754 0.557192 0.086338 0.556874 0.089666 0.546496 0.089667 0.546177 0.086338 0.027238 0.365995 0.026572 0.372944 0.017548 0.372945 0.016893 0.365995 0.169860 0.001878 0.192321 0.004460 0.192321 0.016573 0.169860 0.019148 
						0.562708 0.287166 0.562394 0.290529 0.552124 0.290529 0.551808 0.287166 0.376340 0.020647 0.375674 0.027596 0.366650 0.027596 0.365995 0.020647 0.094784 0.172675 0.117241 0.175257 0.117241 0.187370 0.094784 0.189944 0.558126 0.001878 0.557808 0.005208 0.547434 0.005208 0.547115 0.001878 0.376340 0.031908 0.375675 0.038857 0.366650 0.038857 0.365995 0.031908 0.182998 0.044108 0.205429 0.046693 0.205429 0.058817 0.182998 0.061393 0.559978 0.093846 0.559661 0.097184 0.549310 0.097184 0.548992 0.093846 0.012223 0.388518 0.011557 0.395466 0.002532 0.395466 0.001878 0.388518 0.190506 0.086338 0.212933 0.088924 0.212933 0.101047 0.190506 0.103622 0.549931 0.061524 0.550247 0.058185 0.560595 0.058185 0.560913 0.061524 0.381033 0.001878 0.380367 0.008826 0.371342 0.008826 0.370687 0.001878 0.110738 0.192383 0.133163 0.194969 0.133163 0.207091 0.110738 0.209666 0.560911 0.320011 0.560594 0.323351 0.550249 0.323352 0.549931 0.320011 0.391355 0.013139 0.390690 0.020087 0.381665 0.020087 0.381010 0.013139 0.206459 0.022524 0.228884 0.025110 0.228884 0.037233 0.206459 0.039806 0.492403 0.550869 0.492086 0.554210 0.481742 0.554210 0.481424 0.550869 
						0.391356 0.024401 0.390690 0.031348 0.381665 0.031348 0.381010 0.024401 0.084461 0.202706 0.106885 0.205279 0.106886 0.217401 0.084461 0.219988 0.560911 0.065692 0.560595 0.069033 0.550249 0.069033 0.549931 0.065692 0.012223 0.411041 0.011557 0.417988 0.002533 0.417988 0.001878 0.411041 0.196136 0.001878 0.218561 0.004452 0.218561 0.016575 0.196136 0.019161 0.558102 0.374441 0.557785 0.377780 0.547434 0.377780 0.547115 0.374441 0.411041 0.020087 0.411706 0.013139 0.420731 0.013139 0.421385 0.020087 0.191444 0.107922 0.213870 0.110497 0.213871 0.122621 0.191444 0.125206 0.285010 0.549931 0.284694 0.553271 0.274346 0.553271 0.274027 0.549931 0.012223 0.377257 0.011557 0.384205 0.002532 0.384204 0.001878 0.377257 0.182998 0.065692 0.205427 0.068268 0.205427 0.080392 0.182998 0.082977 0.507416 0.550869 0.507097 0.554211 0.496755 0.554211 0.496439 0.550869 0.406371 0.013139 0.405716 0.020087 0.396691 0.020087 0.396026 0.013139 0.180183 0.022524 0.202615 0.025100 0.202616 0.037224 0.180183 0.039810 0.560910 0.312504 0.560592 0.315845 0.550247 0.315845 0.549931 0.312504 0.027238 0.399779 0.026584 0.406727 0.017559 0.406727 0.016893 0.399779 
						0.123876 0.171737 0.146336 0.174311 0.146336 0.186424 0.123876 0.189006 0.558102 0.251505 0.557783 0.254844 0.547432 0.254844 0.547115 0.251505 0.411063 0.001878 0.410408 0.008825 0.401383 0.008825 0.400718 0.001878 0.165168 0.106046 0.187632 0.108620 0.187632 0.120734 0.165168 0.123316 0.559975 0.484240 0.559657 0.487580 0.549309 0.487580 0.548992 0.484240 0.027238 0.411041 0.026583 0.417988 0.017559 0.417988 0.016893 0.411041 0.156722 0.044108 0.179192 0.046683 0.179192 0.058798 0.156722 0.061379 0.549931 0.246399 0.550249 0.243059 0.560595 0.243059 0.560911 0.246399 0.012223 0.399779 0.011568 0.406727 0.002543 0.406727 0.001878 0.399779 0.153906 0.022524 0.176382 0.025099 0.176382 0.037214 0.153906 0.039796 0.076669 0.551808 0.076352 0.555149 0.066009 0.555149 0.065692 0.551808 0.027238 0.388518 0.026584 0.395466 0.017559 0.395466 0.016893 0.388518 0.107922 0.152029 0.130404 0.154605 0.130404 0.166720 0.107922 0.169302 0.560913 0.038477 0.560595 0.041817 0.550248 0.041817 0.549931 0.038477 0.396048 0.001878 0.395393 0.008826 0.386369 0.008826 0.385703 0.001878 0.143583 0.001878 0.166070 0.004452 0.166070 0.016568 0.143583 0.019151 
						0.361966 0.548992 0.361648 0.552330 0.351297 0.552330 0.350980 0.548992 0.027238 0.377257 0.026585 0.384203 0.017559 0.384204 0.016893 0.377257 0.091969 0.132322 0.114461 0.134897 0.114460 0.147013 0.091969 0.149595 0.312229 0.548992 0.311911 0.552331 0.301559 0.552329 0.301242 0.548992 0.191466 0.129507 0.190800 0.136457 0.181774 0.136454 0.181121 0.129507 0.000001 0.170173 0.001000 0.160733 0.003940 0.151708 0.008692 0.143490 0.015049 0.136441 0.022733 0.130867 0.031408 0.127012 0.040694 0.125046 0.050186 0.125053 0.059470 0.127033 0.068139 0.130900 0.075814 0.136485 0.082161 0.143544 0.086901 0.151768 0.089828 0.160798 0.090813 0.170240 0.089814 0.179680 0.086874 0.188706 0.082122 0.196923 0.075765 0.203972 0.068081 0.209546 0.059407 0.213401 0.050120 0.215367 0.040628 0.215360 0.031344 0.213380 0.022675 0.209513 0.015000 0.203928 0.008654 0.196869 0.003913 0.188645 0.000986 0.179615 0.912599 0.630539 0.999999 0.753246 0.994769 0.757011 0.906171 0.633779 0.989552 0.760738 0.899621 0.636858 0.984356 0.764432 0.892826 0.639877 0.979192 0.768104 0.885987 0.643072 0.974069 0.771770 0.879112 0.646480 0.968994 0.775445 0.872212 0.650122 
						0.963975 0.779142 0.865302 0.654012 0.959062 0.782911 0.858370 0.658140 0.954222 0.786734 0.851465 0.662524 0.949462 0.790621 0.844608 0.667163 0.944787 0.794579 0.837821 0.672054 0.940201 0.798613 0.831127 0.677187 0.935709 0.802730 0.824551 0.682552 0.931314 0.806930 0.818119 0.688136 0.927016 0.811217 0.811853 0.693921 0.922817 0.815590 0.805775 0.699891 0.918717 0.820049 0.799905 0.706023 0.914712 0.824592 0.794260 0.712298 0.910801 0.829216 0.788861 0.718693 0.906978 0.833918 0.783721 0.725183 0.903237 0.838694 0.778850 0.731745 0.899572 0.843538 0.774256 0.738355 0.895927 0.848405 0.769968 0.745013 0.892347 0.853333 0.765955 0.751668 0.888819 0.858314 0.762214 0.758296 0.885331 0.863342 0.758738 0.764874 0.881869 0.868410 0.755513 0.771363 0.878417 0.873509 0.752562 0.777747 0.874958 0.878631 0.750057 0.784048 0.871465 0.883767 0.748883 0.790255 0.923367 0.615297 0.914726 0.613298 0.905579 0.612383 0.896499 0.613139 0.887319 0.615027 0.878124 0.617823 0.868957 0.621351 0.859852 0.625502 0.850829 0.630176 0.841911 0.635312 0.833124 0.640868 0.824496 0.646817 0.816013 0.653084 0.807725 0.659673 0.799659 0.666571 0.791837 0.673755 
						0.784277 0.681202 0.777001 0.688888 0.770032 0.696782 0.763390 0.704856 0.757095 0.713078 0.751176 0.721418 0.745649 0.729829 0.740544 0.738259 0.735887 0.746641 0.731737 0.754903 0.728176 0.762952 0.725037 0.770528 0.722561 0.777614 0.720880 0.783965 0.719962 0.788681 0.000001 0.489101 0.010357 0.475515 0.019221 0.481687 0.007846 0.496751 0.018487 0.459332 0.027993 0.464300 0.025488 0.440931 0.035316 0.445132 0.032257 0.420715 0.042377 0.424668 0.039659 0.399240 0.049393 0.403076 0.047383 0.376807 0.057248 0.380751 0.056083 0.353760 0.065847 0.357932 0.065937 0.330375 0.075536 0.334881 0.077082 0.307020 0.086502 0.311921 0.089314 0.283729 0.098638 0.289202 0.103098 0.260988 0.111928 0.266843 0.118024 0.238864 0.126424 0.244959 0.133923 0.217259 0.142199 0.223847 0.151143 0.196524 0.159103 0.203523 0.169396 0.176631 0.176998 0.184012 0.188696 0.157752 0.195911 0.165528 0.208922 0.139882 0.215736 0.148013 0.230055 0.123116 0.236488 0.131833 0.251986 0.107878 0.257854 0.116775 0.274280 0.093473 0.279670 0.102606 0.297168 0.080748 0.302183 0.090140 0.320144 0.069211 0.324784 0.078572 0.343067 0.058530 0.347478 0.068211 0.365903 0.049411 
						0.370063 0.059291 0.388074 0.040853 0.392106 0.050946 0.409476 0.033632 0.413441 0.043420 0.429398 0.026171 0.433774 0.036129 0.447706 0.018893 0.452744 0.028377 0.463784 0.010527 0.470013 0.019343 0.477270 0.000001 0.484968 0.007775 0.029666 0.489300 0.017696 0.505810 0.039004 0.470692 0.046767 0.450731 0.053886 0.429770 0.060897 0.408031 0.068670 0.385774 0.077116 0.363176 0.086584 0.340468 0.097370 0.317922 0.109187 0.295618 0.122227 0.273710 0.136378 0.252310 0.151754 0.231653 0.168131 0.211616 0.185802 0.192674 0.204301 0.174635 0.223752 0.157748 0.243852 0.141760 0.264732 0.126890 0.286227 0.113307 0.308144 0.100826 0.330465 0.089690 0.352848 0.079639 0.375101 0.070589 0.397138 0.062576 0.418612 0.054950 0.439413 0.047400 0.459236 0.039316 0.477694 0.029717 0.494104 0.017502 0.040436 0.496985 0.028265 0.514828 0.050058 0.477288 0.058001 0.456550 0.065123 0.435091 0.072421 0.413180 0.079794 0.390903 0.088277 0.368478 0.097733 0.346141 0.108171 0.323949 0.119673 0.302012 0.132278 0.280432 0.146293 0.259569 0.161326 0.239372 0.177441 0.219983 0.194496 0.201385 0.212555 0.183754 0.231461 0.167049 0.251279 0.151555 0.271744 0.137146 
						0.292790 0.123905 0.314236 0.111632 0.336110 0.100525 0.358276 0.090952 0.380330 0.081966 0.402342 0.073863 0.424060 0.066174 0.445325 0.058590 0.465908 0.050303 0.485407 0.040445 0.503257 0.027869 0.051670 0.504422 0.039465 0.523736 0.061261 0.483787 0.069244 0.462385 0.076428 0.440515 0.083568 0.418393 0.091172 0.396168 0.099322 0.373928 0.108593 0.351814 0.118755 0.329893 0.130133 0.308372 0.142625 0.287375 0.156117 0.266907 0.170800 0.247154 0.186383 0.228042 0.203218 0.210004 0.220861 0.192784 0.239409 0.176653 0.258621 0.161374 0.278613 0.147192 0.299294 0.134244 0.320402 0.122342 0.341910 0.111648 0.363720 0.102012 0.385664 0.093043 0.407679 0.085075 0.429552 0.077516 0.451226 0.069863 0.472490 0.061401 0.492968 0.051471 0.512198 0.039002 0.063260 0.511530 0.051465 0.532289 0.072682 0.489998 0.080559 0.468063 0.087699 0.445867 0.094802 0.423609 0.102338 0.401399 0.110485 0.379354 0.119414 0.357510 0.129460 0.335944 0.140520 0.314810 0.152600 0.294141 0.165939 0.274182 0.180305 0.254895 0.195575 0.236339 0.211887 0.218675 0.229092 0.201839 0.247120 0.185936 0.266011 0.171123 0.285592 0.157368 0.305830 0.144759 0.326489 0.133045 
						0.347666 0.122503 0.369209 0.112874 0.391005 0.104227 0.412977 0.096382 0.434982 0.088724 0.457008 0.081114 0.478814 0.072783 0.500165 0.062975 0.520679 0.050965 0.075352 0.518166 0.064503 0.539930 0.084298 0.495944 0.091991 0.473527 0.099091 0.451074 0.106037 0.428764 0.113357 0.406619 0.121453 0.384737 0.130355 0.363187 0.140002 0.341927 0.150911 0.321213 0.162832 0.301068 0.175722 0.281502 0.189658 0.262588 0.204715 0.244602 0.220476 0.227206 0.237348 0.210868 0.255024 0.195489 0.273345 0.180902 0.292458 0.167404 0.312315 0.155102 0.332616 0.143686 0.353442 0.133327 0.374696 0.124004 0.396264 0.115368 0.418167 0.107580 0.440253 0.100038 0.462513 0.092491 0.484820 0.084344 0.506895 0.074952 0.528487 0.063760 0.087974 0.524186 0.078259 0.546703 0.096216 0.501471 0.103627 0.478658 0.110478 0.456096 0.117300 0.433782 0.124487 0.411763 0.132405 0.390099 0.141062 0.368798 0.150639 0.347940 0.161285 0.327634 0.172929 0.307905 0.185530 0.288786 0.199128 0.270368 0.213773 0.252770 0.229252 0.235945 0.245574 0.219930 0.262761 0.204828 0.280757 0.190778 0.299374 0.177561 0.318750 0.165483 0.338679 0.154323 0.359140 0.144148 0.380094 0.134916 
						0.401464 0.126569 0.423226 0.118807 0.445349 0.111353 0.467732 0.104034 0.490294 0.096268 0.513073 0.087418 0.535384 0.077379 0.101056 0.529447 0.092545 0.552871 0.108571 0.506297 0.115397 0.483463 0.121919 0.460888 0.128592 0.438618 0.135685 0.416780 0.143379 0.395382 0.151870 0.374414 0.161263 0.353951 0.171652 0.334067 0.183016 0.314778 0.195320 0.296117 0.208582 0.278162 0.222817 0.260991 0.237860 0.244529 0.253827 0.228986 0.270571 0.214290 0.288114 0.200560 0.306301 0.187696 0.325216 0.175864 0.344726 0.164963 0.364815 0.155051 0.385408 0.145933 0.406530 0.137699 0.428139 0.130034 0.450169 0.122834 0.472591 0.115768 0.495340 0.108436 0.518340 0.100478 0.541527 0.091572 0.114874 0.534140 0.107929 0.557641 0.121386 0.510960 0.127659 0.487902 0.133837 0.465405 0.140217 0.443365 0.147083 0.421780 0.154627 0.400675 0.162938 0.380083 0.172136 0.360050 0.182277 0.340610 0.193360 0.321788 0.205353 0.303608 0.218268 0.286129 0.232111 0.269413 0.246794 0.253464 0.262265 0.238295 0.278545 0.223990 0.295621 0.210614 0.313351 0.198077 0.331786 0.186517 0.350851 0.175861 0.370519 0.166110 0.390757 0.157224 0.411557 0.149144 0.432889 0.141689 
						0.454768 0.134704 0.477094 0.127992 0.499832 0.121229 0.523165 0.114182 0.546702 0.106700 0.130607 0.538310 0.125282 0.562026 0.135978 0.515108 0.141408 0.492356 0.147111 0.470025 0.153165 0.448294 0.159772 0.427067 0.167093 0.406375 0.175214 0.386266 0.184163 0.366732 0.194027 0.347816 0.204800 0.329531 0.216447 0.311890 0.228968 0.294945 0.242383 0.278745 0.256571 0.263250 0.271598 0.248591 0.287394 0.234754 0.303884 0.221709 0.321104 0.209567 0.339008 0.198310 0.357554 0.187929 0.376724 0.178416 0.396503 0.169749 0.416890 0.161843 0.437861 0.154627 0.459406 0.147984 0.481533 0.141719 0.504230 0.135659 0.527401 0.129804 0.551067 0.123993 0.148265 0.541663 0.144845 0.565316 0.152336 0.518730 0.156833 0.496460 0.161871 0.474642 0.167505 0.453309 0.173795 0.432560 0.180843 0.412430 0.188702 0.392896 0.197407 0.373968 0.206959 0.355656 0.217372 0.337975 0.228649 0.320967 0.240759 0.304638 0.253664 0.288990 0.267377 0.274088 0.281838 0.259927 0.297039 0.246544 0.312964 0.233971 0.329585 0.222233 0.346857 0.211299 0.364790 0.201223 0.383362 0.191974 0.402580 0.183550 0.422437 0.175899 0.442909 0.168976 0.464053 0.162722 0.485744 0.157061 
						0.507974 0.151928 0.530857 0.147362 0.554272 0.143393 0.167640 0.543830 0.166182 0.566559 0.170249 0.521739 0.173716 0.500067 0.178002 0.478872 0.183097 0.458206 0.189005 0.438109 0.195757 0.418666 0.203304 0.399814 0.211714 0.381594 0.220930 0.363994 0.230968 0.347036 0.241823 0.330717 0.253460 0.315051 0.265855 0.300052 0.279001 0.285756 0.292868 0.272166 0.307438 0.259308 0.322692 0.247221 0.338622 0.235916 0.355190 0.225356 0.372421 0.215618 0.390283 0.206664 0.408785 0.198508 0.427967 0.191170 0.447802 0.184607 0.468229 0.178850 0.489288 0.173877 0.511053 0.169750 0.533196 0.166616 0.555933 0.164544 0.188255 0.544777 0.188621 0.566071 0.189351 0.523537 0.191692 0.502727 0.195180 0.482420 0.199678 0.462579 0.205175 0.443421 0.211559 0.424808 0.218756 0.406795 0.226815 0.389408 0.235690 0.372628 0.245366 0.356473 0.255736 0.340915 0.266857 0.325981 0.278682 0.311677 0.291236 0.298054 0.304456 0.285083 0.318341 0.272816 0.332861 0.261216 0.348030 0.250356 0.363806 0.240210 0.380224 0.230871 0.397257 0.222279 0.414915 0.214386 0.433225 0.207386 0.452196 0.201231 0.471855 0.196023 0.492123 0.191804 0.512847 0.188771 0.533958 0.187050 
						0.555665 0.186844 0.209370 0.543853 0.211513 0.563830 0.208966 0.523873 0.210214 0.504228 0.212913 0.485074 0.216864 0.466430 0.221872 0.448252 0.227847 0.430630 0.234763 0.413614 0.242436 0.397164 0.250893 0.381294 0.260098 0.365994 0.270045 0.351292 0.280626 0.337155 0.291922 0.323644 0.303787 0.310674 0.316310 0.298349 0.329422 0.286616 0.343186 0.275623 0.357551 0.265303 0.372444 0.255598 0.387952 0.246643 0.404046 0.238342 0.420742 0.230858 0.438042 0.224217 0.455945 0.218445 0.474456 0.213793 0.493572 0.210322 0.513174 0.208316 0.533194 0.208002 0.553366 0.209495 0.230009 0.540917 0.233893 0.559208 0.228379 0.522790 0.228704 0.504734 0.230650 0.486839 0.234089 0.469439 0.238644 0.452429 0.244265 0.435960 0.250810 0.420027 0.258124 0.404612 0.266151 0.389717 0.274924 0.375380 0.284377 0.361571 0.294368 0.348221 0.305000 0.335432 0.316286 0.323247 0.328109 0.311623 0.340491 0.300575 0.353372 0.290056 0.366849 0.280235 0.380855 0.271069 0.395361 0.262422 0.410432 0.254587 0.426035 0.247485 0.442182 0.241131 0.458912 0.235813 0.476174 0.231648 0.493883 0.228802 0.511999 0.227665 0.530274 0.228475 0.548779 0.231629 0.249446 0.536590 
						0.254497 0.552234 0.246843 0.520379 0.246419 0.503980 0.247856 0.487667 0.250744 0.471548 0.254978 0.455883 0.260283 0.440655 0.266492 0.425890 0.273441 0.411572 0.281162 0.397740 0.289384 0.384290 0.298245 0.371310 0.307727 0.358852 0.317764 0.346901 0.328384 0.335457 0.339511 0.324531 0.351083 0.314092 0.363208 0.304248 0.375771 0.294921 0.388787 0.286117 0.402265 0.277936 0.416208 0.270390 0.430674 0.263754 0.445573 0.257769 0.460944 0.252797 0.476759 0.248966 0.493018 0.246669 0.509468 0.246152 0.525858 0.247772 0.541851 0.251979 0.266835 0.531154 0.273009 0.544697 0.263599 0.516843 0.262778 0.502172 0.263901 0.487439 0.266582 0.472867 0.270514 0.458566 0.275569 0.444660 0.281489 0.431101 0.288025 0.417835 0.295173 0.404932 0.303113 0.392549 0.311537 0.380530 0.320586 0.369005 0.329848 0.357665 0.339823 0.346992 0.350277 0.336775 0.361015 0.326864 0.372306 0.317605 0.383956 0.308725 0.396070 0.300505 0.408534 0.292804 0.421379 0.285740 0.434591 0.279254 0.448200 0.273666 0.462166 0.269028 0.476447 0.265392 0.491001 0.263315 0.505619 0.263075 0.520074 0.265203 0.533865 0.270058 0.281555 0.524875 0.287639 0.535998 0.278431 0.512541 
						0.277679 0.499638 0.278810 0.486548 0.281441 0.473503 0.285308 0.460638 0.290038 0.447954 0.295547 0.435514 0.301863 0.423429 0.308785 0.411666 0.316149 0.400162 0.324049 0.389018 0.332407 0.378188 0.341314 0.367820 0.350549 0.357795 0.360205 0.348133 0.370394 0.339065 0.380803 0.330263 0.391574 0.321957 0.402708 0.314183 0.414147 0.306923 0.425879 0.300223 0.437873 0.294125 0.450139 0.288771 0.462655 0.284252 0.475383 0.280840 0.488216 0.278765 0.501015 0.278460 0.513460 0.280460 0.524976 0.285355 0.294339 0.518475 0.299208 0.527871 0.292085 0.507866 0.291915 0.496636 0.293385 0.485157 0.296150 0.473640 0.299948 0.462195 0.304547 0.450867 0.309845 0.439714 0.315786 0.428782 0.322268 0.418068 0.329210 0.407578 0.336608 0.397366 0.344439 0.387450 0.352732 0.377897 0.361250 0.368549 0.370203 0.359650 0.379532 0.351135 0.389131 0.342978 0.399008 0.335245 0.409153 0.327971 0.419531 0.321172 0.430111 0.314879 0.440858 0.309139 0.451753 0.304035 0.462762 0.299669 0.473850 0.296222 0.484946 0.293921 0.495924 0.293133 0.506531 0.294366 0.516391 0.298615 0.252443 0.072261 0.268511 0.072261 0.268009 0.078368 0.252940 0.078367 0.043170 0.300304 
						0.058249 0.300304 0.057811 0.305740 0.043604 0.305739 0.228044 0.042231 0.242256 0.042231 0.241340 0.052206 0.228942 0.052204 0.286227 0.053493 0.302294 0.053493 0.301793 0.059599 0.286724 0.059599 0.039416 0.328457 0.054493 0.328457 0.054056 0.333893 0.039850 0.333893 0.076015 0.244936 0.090229 0.244936 0.089315 0.254908 0.076914 0.254909 0.022524 0.300304 0.038590 0.300304 0.038089 0.306410 0.023020 0.306410 0.306873 0.041293 0.321951 0.041293 0.321518 0.046728 0.307311 0.046728 0.001878 0.232736 0.016092 0.232736 0.015193 0.242709 0.002793 0.242709 0.290919 0.012201 0.306986 0.012201 0.306489 0.018307 0.291420 0.018307 0.326580 0.030031 0.341658 0.030031 0.341224 0.035467 0.327018 0.035467 0.056308 0.230859 0.070522 0.230859 0.069607 0.240832 0.057207 0.240832 0.022524 0.279658 0.038591 0.279658 0.038094 0.285764 0.023025 0.285764 0.021585 0.347226 0.036662 0.347226 0.036229 0.352662 0.022023 0.352662 0.228044 0.056308 0.242258 0.056308 0.241343 0.066281 0.228943 0.066281 0.022524 0.289981 0.038590 0.289981 0.038094 0.296087 0.023025 0.296088 0.350980 0.011262 0.366057 0.011262 0.365623 0.016698 0.351417 0.016698 0.001878 0.212090 
						0.016092 0.212090 0.015193 0.222064 0.002793 0.222064 0.001878 0.266520 0.017945 0.266520 0.017448 0.272626 0.002379 0.272626 0.001878 0.356611 0.016954 0.356611 0.016521 0.362046 0.002315 0.362046 0.209275 0.072261 0.223489 0.072261 0.222574 0.082236 0.210174 0.082235 0.280597 0.001878 0.296663 0.001878 0.296167 0.007984 0.281098 0.007984 0.331273 0.011262 0.346350 0.011262 0.345916 0.016698 0.331710 0.016698 0.217721 0.100415 0.231935 0.100415 0.231036 0.110389 0.218635 0.110388 0.001878 0.276843 0.017945 0.276843 0.017443 0.282949 0.002375 0.282949 0.311565 0.011262 0.326643 0.011262 0.326206 0.016698 0.311999 0.016698 0.100415 0.222413 0.114629 0.222413 0.113730 0.232386 0.101329 0.232386 0.286227 0.022524 0.302294 0.022524 0.301793 0.028630 0.286724 0.028630 0.042231 0.309688 0.057309 0.309688 0.056871 0.315124 0.042665 0.315124 0.019708 0.218659 0.033923 0.218659 0.033007 0.228633 0.020608 0.228632 0.001878 0.297489 0.017944 0.297489 0.017443 0.303595 0.002375 0.303595 0.306873 0.031908 0.321952 0.031908 0.321514 0.037344 0.307307 0.037344 0.235551 0.084461 0.249765 0.084461 0.248851 0.094434 0.236451 0.094434 0.273089 0.071323 
						0.289156 0.071323 0.288655 0.077429 0.273586 0.077429 0.306873 0.050677 0.321951 0.050677 0.321517 0.056113 0.307311 0.056112 0.020647 0.233674 0.034861 0.233674 0.033946 0.243648 0.021546 0.243647 0.265581 0.030031 0.281649 0.030031 0.281152 0.036138 0.266083 0.036138 0.001878 0.331273 0.016956 0.331273 0.016522 0.336708 0.002315 0.336708 0.246813 0.044108 0.261026 0.044108 0.260127 0.054081 0.247727 0.054081 0.058185 0.259012 0.074252 0.259012 0.073751 0.265119 0.058681 0.265119 0.326580 0.039416 0.341658 0.039416 0.341221 0.044851 0.327014 0.044851 0.001878 0.246813 0.016092 0.246813 0.015177 0.256786 0.002777 0.256785 0.259951 0.001878 0.276018 0.001878 0.275521 0.007984 0.260452 0.007984 0.040354 0.319073 0.055432 0.319073 0.054998 0.324508 0.040792 0.324508 0.251505 0.015955 0.265719 0.015955 0.264819 0.025927 0.252419 0.025927 0.265581 0.040354 0.281648 0.040354 0.281152 0.046461 0.266082 0.046460 0.326580 0.020647 0.341658 0.020647 0.341221 0.026082 0.327014 0.026082 0.241182 0.001878 0.255396 0.001878 0.254497 0.011851 0.242097 0.011851 0.043170 0.289981 0.059236 0.289981 0.058739 0.296088 0.043671 0.296087 0.346288 0.030031 
						0.361365 0.030031 0.360931 0.035467 0.346725 0.035467 0.222413 0.001878 0.236627 0.001878 0.235728 0.011851 0.223328 0.011852 0.043170 0.269335 0.059236 0.269335 0.058740 0.275441 0.043671 0.275442 0.340657 0.001878 0.355734 0.001878 0.355300 0.007313 0.341094 0.007314 0.038477 0.219598 0.052691 0.219598 0.051792 0.229571 0.039392 0.229571 0.043170 0.279658 0.059236 0.279658 0.058739 0.285765 0.043671 0.285764 0.320950 0.001878 0.336027 0.001878 0.335593 0.007314 0.321387 0.007313 0.038477 0.244936 0.052691 0.244936 0.051776 0.254909 0.039377 0.254909 0.286227 0.032847 0.302294 0.032847 0.301793 0.038953 0.286724 0.038953 0.346288 0.020647 0.361365 0.020647 0.360928 0.026082 0.346722 0.026082 0.246813 0.030031 0.261027 0.030031 0.260112 0.040004 0.247712 0.040005 0.286227 0.043170 0.302294 0.043170 0.301793 0.049276 0.286724 0.049276 0.020647 0.337842 0.035724 0.337842 0.035287 0.343277 0.021081 0.343277 0.209275 0.058185 0.223489 0.058185 0.222590 0.068158 0.210190 0.068159 0.265581 0.050677 0.281649 0.050677 0.281152 0.056783 0.266082 0.056783 0.346288 0.039416 0.361365 0.039416 0.360931 0.044851 0.346725 0.044851 0.209275 0.044108 
						0.223489 0.044108 0.222590 0.054082 0.210189 0.054082 0.022524 0.269335 0.038590 0.269335 0.038094 0.275442 0.023025 0.275441 0.020647 0.321888 0.035725 0.321888 0.035287 0.327324 0.021081 0.327324 0.216782 0.086338 0.230996 0.086338 0.230081 0.096312 0.217681 0.096311 0.270274 0.012201 0.286340 0.012201 0.285844 0.018307 0.270775 0.018307 0.001878 0.317196 0.016956 0.317196 0.016522 0.322631 0.002315 0.322632 0.228044 0.070385 0.242258 0.070385 0.241358 0.080358 0.228958 0.080358 0.063815 0.279658 0.079882 0.279658 0.079381 0.285765 0.064312 0.285764 0.021585 0.310627 0.036663 0.310627 0.036225 0.316062 0.022019 0.316062 0.246812 0.058185 0.261026 0.058185 0.260111 0.068158 0.247712 0.068158 0.001878 0.287166 0.017944 0.287166 0.017448 0.293272 0.002379 0.293272 0.301242 0.001878 0.316321 0.001878 0.315884 0.007313 0.301676 0.007313 0.232736 0.015955 0.246950 0.015955 0.246050 0.025928 0.233651 0.025928 0.063815 0.269335 0.079882 0.269335 0.079381 0.275442 0.064312 0.275442 0.306873 0.022524 0.321952 0.022524 0.321514 0.027959 0.307307 0.027959 0.075077 0.230859 0.089291 0.230859 0.088376 0.240832 0.075976 0.240832 0.265581 0.061000 
						0.281648 0.061000 0.281152 0.067106 0.266083 0.067106 0.001878 0.307812 0.016956 0.307812 0.016522 0.313247 0.002315 0.313247 0.057246 0.244936 0.071460 0.244936 0.070545 0.254909 0.058145 0.254908 0.037539 0.259012 0.053607 0.259012 0.053105 0.265118 0.038035 0.265118 0.021585 0.356611 0.036660 0.356611 0.036223 0.362047 0.022019 0.362047 0.019708 0.252443 0.033921 0.252443 0.033005 0.262417 0.020607 0.262416 0.025047 0.110732 0.015829 0.101514 0.008729 0.090581 0.004057 0.078411 0.002018 0.065535 0.002700 0.052518 0.006074 0.039926 0.011992 0.028310 0.020196 0.018180 0.030327 0.009976 0.041942 0.004057 0.054533 0.000683 0.067551 0.000001 0.080427 0.002040 0.092598 0.006712 0.103531 0.013812 0.112749 0.023030 0.119849 0.033963 0.124520 0.046133 0.126560 0.059009 0.125877 0.072027 0.122504 0.084619 0.116585 0.096234 0.108382 0.106364 0.098251 0.114568 0.086636 0.120487 0.074044 0.123861 0.061026 0.124543 0.048150 0.122504 0.035981 0.117833 0.254320 0.082584 0.270387 0.082584 0.269891 0.088690 0.254821 0.088691 0.001878 0.347226 0.016953 0.347226 0.016520 0.352662 0.002315 0.352664 0.064754 0.216782 0.078965 0.216782 0.078068 0.226756 
						0.065670 0.226760 0.320450 0.514973 0.323786 0.507441 0.446387 0.589600 0.442188 0.595574 0.327325 0.499860 0.450568 0.583675 0.330921 0.492124 0.454714 0.577775 0.334655 0.484298 0.458839 0.571909 0.338584 0.476414 0.462962 0.566090 0.342745 0.468498 0.467098 0.560327 0.347165 0.460577 0.471264 0.554627 0.351862 0.452676 0.475476 0.549001 0.356845 0.444822 0.479747 0.543455 0.362116 0.437041 0.484088 0.537996 0.367676 0.429362 0.488511 0.532631 0.373517 0.421812 0.493022 0.527365 0.379629 0.414418 0.497629 0.522202 0.386000 0.407207 0.502335 0.517146 0.392568 0.400158 0.507211 0.512267 0.399359 0.393344 0.512191 0.507497 0.406349 0.386782 0.517275 0.502835 0.413513 0.380489 0.522461 0.498278 0.420828 0.374482 0.527747 0.493822 0.428269 0.368774 0.533127 0.489459 0.435809 0.363372 0.538596 0.485180 0.443423 0.358282 0.544149 0.480977 0.451083 0.353502 0.549777 0.476836 0.458766 0.349028 0.555475 0.472743 0.466447 0.344847 0.561233 0.468681 0.474106 0.340944 0.567043 0.464632 0.481726 0.337294 0.572894 0.460578 0.489300 0.333874 0.578778 0.456497 0.496843 0.330669 0.584685 0.452367 0.504045 0.327254 0.590574 0.448206 0.308517 0.521322 
						0.306697 0.512696 0.306402 0.503289 0.307506 0.493550 0.309731 0.483694 0.312861 0.473809 0.316736 0.463941 0.321233 0.454118 0.326279 0.444379 0.331824 0.434753 0.337816 0.425263 0.344216 0.415937 0.351006 0.406812 0.358166 0.397918 0.365679 0.389288 0.373513 0.380920 0.381572 0.372794 0.389935 0.365020 0.398549 0.357596 0.407381 0.350544 0.416405 0.343886 0.425584 0.337642 0.434881 0.331838 0.444255 0.326505 0.453664 0.321686 0.463064 0.317443 0.472410 0.313872 0.481648 0.311114 0.490705 0.309396 0.499469 0.309071 0.508483 0.311030 0.542434 0.009473 0.535496 0.009463 0.534916 0.001878 0.543329 0.001878 0.308765 0.540635 0.301826 0.540625 0.301242 0.533039 0.309657 0.533039 0.539600 0.337945 0.532673 0.337936 0.532100 0.330334 0.540500 0.330334 0.539597 0.021694 0.532674 0.021685 0.532100 0.014078 0.540495 0.014078 0.334085 0.539716 0.327161 0.539707 0.326580 0.532100 0.334977 0.532100 0.539664 0.057728 0.532184 0.057719 0.531162 0.050677 0.540232 0.050677 0.541414 0.288260 0.534531 0.288250 0.533977 0.280597 0.542323 0.280597 0.320880 0.544459 0.314001 0.544449 0.313442 0.536793 0.321784 0.536793 0.544232 0.362402 0.537356 0.362392 
						0.536793 0.354734 0.545131 0.354734 0.545173 0.046146 0.538298 0.046136 0.537731 0.038477 0.546067 0.038477 0.545176 0.323926 0.538303 0.323916 0.537731 0.316258 0.546066 0.316258 0.510457 0.546336 0.503584 0.546326 0.503008 0.538669 0.511343 0.538669 0.547060 0.300460 0.540186 0.300451 0.539608 0.292796 0.547943 0.292796 0.548001 0.275119 0.541127 0.275109 0.540546 0.267458 0.548883 0.267458 0.548942 0.350190 0.542066 0.350180 0.541485 0.342534 0.549823 0.342534 0.539623 0.312029 0.532139 0.312020 0.531162 0.304996 0.540237 0.304996 0.296569 0.549090 0.289651 0.549081 0.289043 0.541485 0.297432 0.541485 0.009397 0.550968 0.002481 0.550958 0.001878 0.543362 0.010265 0.543362 0.333162 0.551902 0.326243 0.551892 0.325642 0.544300 0.334032 0.544300 0.010359 0.539131 0.002879 0.539122 0.001878 0.532100 0.010949 0.532100 0.061029 0.551885 0.054096 0.551876 0.053492 0.544300 0.061899 0.544300 0.550893 0.081724 0.543960 0.081714 0.543362 0.074138 0.551768 0.074138 0.021606 0.550947 0.014672 0.550937 0.014078 0.543362 0.022486 0.543362 0.549951 0.033861 0.543015 0.033852 0.542423 0.026278 0.550834 0.026278 0.035681 0.549068 0.028743 0.549058 
						0.028154 0.541485 0.036567 0.541485 0.547133 0.499331 0.540194 0.499321 0.539608 0.491747 0.548022 0.491747 0.346303 0.547193 0.339364 0.547183 0.338780 0.539608 0.347195 0.539608 0.498330 0.546256 0.491391 0.546247 0.490809 0.538669 0.499224 0.538669 0.545250 0.069528 0.538311 0.069519 0.537731 0.061939 0.546145 0.061939 0.048809 0.545325 0.041872 0.545315 0.041293 0.537731 0.049705 0.537731 0.349298 0.563361 0.349103 0.558434 0.355874 0.558433 0.355380 0.563355 0.556691 0.126980 0.556500 0.122056 0.563271 0.122056 0.562773 0.126977 0.557629 0.217070 0.557438 0.212147 0.564210 0.212146 0.563712 0.217066 0.487244 0.565232 0.487055 0.560310 0.493828 0.560309 0.493328 0.565228 0.498504 0.565232 0.498316 0.560310 0.505089 0.560309 0.504588 0.565227 0.060248 0.566172 0.060062 0.561249 0.066832 0.561248 0.066330 0.566167 0.248872 0.566172 0.248689 0.561249 0.255459 0.561249 0.254953 0.566168 0.558557 0.138240 0.558377 0.133318 0.565147 0.133317 0.564638 0.138237 0.475972 0.565238 0.475794 0.560311 0.482561 0.560311 0.482052 0.565234 0.273266 0.564302 0.273089 0.559373 0.279855 0.559373 0.279344 0.564297 0.360540 0.563365 0.360365 0.558435 
						0.367130 0.558435 0.366618 0.563361 0.323001 0.563365 0.322827 0.558435 0.329593 0.558434 0.329079 0.563362 0.300479 0.563368 0.300304 0.558435 0.307070 0.558435 0.306557 0.563364 0.080883 0.563369 0.080707 0.558436 0.087473 0.558435 0.086960 0.563365 0.555736 0.388817 0.555561 0.383884 0.562329 0.383884 0.561815 0.388815 0.013317 0.562434 0.013139 0.557497 0.019906 0.557496 0.019395 0.562429 0.002056 0.562432 0.001878 0.557496 0.008646 0.557495 0.008136 0.562428 0.554803 0.115730 0.554623 0.110795 0.561394 0.110794 0.560885 0.115727 0.262010 0.561493 0.261828 0.556557 0.268599 0.556557 0.268093 0.561489 0.338028 0.560554 0.337842 0.555618 0.344615 0.555618 0.344112 0.560549 0.289230 0.560553 0.289043 0.555618 0.295816 0.555617 0.295314 0.560549 0.037728 0.560554 0.037539 0.555618 0.044311 0.555617 0.043811 0.560550 0.552936 0.273390 0.552746 0.268454 0.559517 0.268454 0.559018 0.273386 0.026469 0.560556 0.026278 0.555619 0.033048 0.555618 0.032550 0.560551 0.553877 0.342836 0.553685 0.337899 0.560454 0.337899 0.559957 0.342832 0.554817 0.028455 0.554623 0.023520 0.561392 0.023519 0.560898 0.028450 0.555755 0.080069 0.555562 0.075134 
						0.562330 0.075134 0.561835 0.080064 0.555755 0.228342 0.555561 0.223409 0.562330 0.223409 0.561834 0.228338 0.048996 0.563366 0.048800 0.558435 0.055570 0.558433 0.055077 0.563360 0.311758 0.563363 0.311565 0.558434 0.318334 0.558434 0.317839 0.563359 0.556515 0.120122 0.563388 0.120122 0.559661 0.306272 0.559315 0.302181 0.566949 0.302181 0.566601 0.306270 0.099603 0.560254 0.099254 0.564342 0.092315 0.564345 0.091969 0.560254 0.355990 0.556500 0.349118 0.556500 0.557453 0.210213 0.564327 0.210213 0.559661 0.155182 0.559315 0.151091 0.566949 0.151091 0.566601 0.155180 0.487070 0.558377 0.493945 0.558377 0.559661 0.204920 0.559315 0.200829 0.566948 0.200829 0.566600 0.204918 0.498331 0.558377 0.505206 0.558377 0.559661 0.196475 0.559315 0.192383 0.566948 0.192383 0.566600 0.196473 0.060076 0.559315 0.066948 0.559315 0.559661 0.146738 0.559315 0.142645 0.566948 0.142645 0.566600 0.146736 0.248704 0.559315 0.255576 0.559315 0.559661 0.050078 0.559315 0.045985 0.566948 0.045985 0.566600 0.050076 0.558392 0.131384 0.565264 0.131384 0.559661 0.013478 0.559315 0.009386 0.566948 0.009386 0.566600 0.013476 0.475808 0.558377 0.482678 0.558377 
						0.559662 0.366334 0.559315 0.362241 0.566947 0.362241 0.566600 0.366332 0.273104 0.557438 0.279972 0.557438 0.560600 0.163630 0.560254 0.159537 0.567886 0.159537 0.567538 0.163628 0.360379 0.556500 0.367246 0.556500 0.560600 0.180521 0.560254 0.176429 0.567886 0.176429 0.567538 0.180520 0.322841 0.556500 0.329710 0.556500 0.560600 0.172075 0.560254 0.167983 0.567886 0.167983 0.567539 0.172073 0.300318 0.556500 0.307186 0.556500 0.561539 0.088553 0.561192 0.084461 0.568824 0.084461 0.568477 0.088551 0.080721 0.556500 0.087589 0.556500 0.562477 0.254658 0.562131 0.250566 0.569763 0.250566 0.569415 0.254656 0.555576 0.381949 0.562445 0.381949 0.371973 0.565283 0.371626 0.561192 0.379259 0.561192 0.378911 0.565281 0.013152 0.555562 0.020021 0.555561 0.023809 0.569036 0.023462 0.564946 0.031095 0.564946 0.030747 0.569035 0.001891 0.555562 0.008762 0.555562 0.233083 0.568098 0.232736 0.564008 0.240369 0.564008 0.240021 0.568096 0.554636 0.108861 0.561509 0.108861 0.564354 0.096997 0.564007 0.092907 0.571641 0.092907 0.571293 0.096995 0.261840 0.554623 0.268714 0.554623 0.564354 0.271548 0.564007 0.267458 0.571641 0.267458 0.571293 0.271546 
						0.337854 0.553685 0.344729 0.553685 0.036008 0.569035 0.035662 0.564946 0.043296 0.564946 0.042948 0.569033 0.289055 0.553685 0.295931 0.553685 0.284697 0.569035 0.284350 0.564946 0.291984 0.564946 0.291637 0.569033 0.037552 0.553685 0.044426 0.553685 0.564354 0.356946 0.564007 0.352857 0.571642 0.352857 0.571294 0.356943 0.552760 0.266520 0.559633 0.266520 0.564353 0.263101 0.564007 0.259012 0.571642 0.259012 0.571294 0.263099 0.026291 0.553685 0.033163 0.553685 0.564353 0.348499 0.564008 0.344411 0.571642 0.344411 0.571294 0.348497 0.553699 0.335965 0.560570 0.335965 0.104514 0.568096 0.104169 0.564008 0.111803 0.564008 0.111455 0.568094 0.554637 0.021585 0.561508 0.021585 0.562476 0.374777 0.562131 0.370688 0.569765 0.370688 0.569417 0.374774 0.555576 0.073200 0.562447 0.073200 0.561538 0.281870 0.561192 0.277781 0.568827 0.277781 0.568478 0.281868 0.555577 0.221474 0.562447 0.221474 0.560599 0.479883 0.560254 0.475794 0.567888 0.475794 0.567540 0.479880 0.048814 0.556500 0.055686 0.556500 0.561538 0.397300 0.561192 0.393210 0.568826 0.393210 0.568478 0.397298 0.566950 0.327519 0.566601 0.331607 0.559661 0.331609 0.559315 0.327519 
						0.318452 0.556500 0.311581 0.556500 0.020629 0.519080 0.023743 0.519368 0.023745 0.527256 0.020631 0.527369 0.527688 0.338628 0.524575 0.338742 0.524573 0.330451 0.527687 0.330740 0.521762 0.026395 0.524876 0.026684 0.524877 0.034571 0.521763 0.034684 0.530502 0.010172 0.527388 0.010286 0.527388 0.001995 0.530502 0.002284 0.533317 0.046772 0.530203 0.046885 0.530202 0.038594 0.533316 0.038883 0.509854 0.534764 0.506741 0.534878 0.506740 0.526586 0.509854 0.526875 0.522992 0.534764 0.519878 0.534878 0.519878 0.526586 0.522991 0.526875 0.036893 0.537347 0.033774 0.537560 0.033774 0.529285 0.036893 0.529475 0.535190 0.510073 0.532077 0.510362 0.532078 0.502070 0.535191 0.502184 0.535191 0.300800 0.532078 0.301088 0.532078 0.292796 0.535192 0.292911 0.533315 0.326137 0.530202 0.326426 0.530202 0.318135 0.533315 0.318249 0.322165 0.532595 0.319052 0.532884 0.319052 0.524593 0.322166 0.524707 0.010603 0.527902 0.007489 0.528191 0.007490 0.519901 0.010604 0.520014 0.527689 0.022079 0.524575 0.022368 0.524576 0.014078 0.527690 0.014191 0.526752 0.313935 0.523638 0.314224 0.523639 0.305935 0.526753 0.306048 0.520184 0.326135 0.517070 0.326424 
						0.517073 0.318135 0.520186 0.318248 0.446974 0.010188 0.443866 0.010306 0.443726 0.002001 0.446839 0.002280 0.529285 0.026672 0.532394 0.026389 0.532392 0.034700 0.529285 0.034591 0.010463 0.442527 0.007351 0.442806 0.007493 0.434502 0.010600 0.434620 0.537092 0.350600 0.533976 0.350812 0.533975 0.342534 0.537094 0.342723 0.517364 0.009891 0.514253 0.010178 0.514255 0.001878 0.517365 0.001993 0.010598 0.430620 0.007492 0.430741 0.007258 0.422431 0.010372 0.422703 0.023535 0.539261 0.020411 0.539441 0.020411 0.531162 0.023531 0.531364 0.433608 0.009916 0.430497 0.010189 0.430732 0.001878 0.433835 0.001999 0.535217 0.522335 0.532101 0.522547 0.532099 0.514270 0.535219 0.514458 0.010609 0.454998 0.007496 0.455111 0.007496 0.446817 0.010608 0.447105 0.504232 0.010173 0.501119 0.010287 0.501118 0.001994 0.504231 0.002282 0.514555 0.022373 0.511441 0.022486 0.511441 0.014194 0.514554 0.014482 0.010609 0.515995 0.007495 0.516109 0.007494 0.507817 0.010607 0.508106 0.522062 0.522564 0.518948 0.522677 0.518947 0.514387 0.522061 0.514676 0.015016 0.527169 0.015016 0.518962 0.020629 0.519080 0.020631 0.527369 0.518962 0.338543 0.518962 0.330334 
						0.524573 0.330451 0.524575 0.338742 0.521777 0.010087 0.521777 0.001878 0.527388 0.001995 0.527388 0.010286 0.524593 0.046686 0.524593 0.038477 0.530202 0.038594 0.530203 0.046885 0.501131 0.534679 0.501132 0.526470 0.506740 0.526586 0.506741 0.534878 0.514270 0.534679 0.514270 0.526470 0.519878 0.526586 0.519878 0.534878 0.028154 0.537539 0.028154 0.529347 0.033774 0.529285 0.033774 0.537560 0.526470 0.510479 0.526470 0.502269 0.532078 0.502070 0.532077 0.510362 0.526470 0.301205 0.526470 0.292995 0.532078 0.292796 0.532078 0.301088 0.524593 0.326543 0.524593 0.318333 0.530202 0.318135 0.530202 0.326426 0.313442 0.533001 0.313442 0.524792 0.319052 0.524593 0.319052 0.532884 0.001878 0.528308 0.001878 0.520100 0.007490 0.519901 0.007489 0.528191 0.518962 0.022485 0.518962 0.014277 0.524576 0.014078 0.524575 0.022368 0.518024 0.314341 0.518024 0.306134 0.523639 0.305935 0.523638 0.314224 0.511454 0.326541 0.511454 0.318334 0.517073 0.318135 0.517070 0.326424 0.438256 0.010096 0.438256 0.001878 0.443726 0.002001 0.443866 0.010306 0.537859 0.026278 0.537858 0.034505 0.532392 0.034700 0.532394 0.026389 0.001878 0.442930 0.001878 0.434713 
						0.007493 0.434502 0.007351 0.442806 0.528346 0.350792 0.528346 0.342597 0.533975 0.342534 0.533976 0.350812 0.508639 0.010292 0.508639 0.002074 0.514255 0.001878 0.514253 0.010178 0.001878 0.430523 0.001878 0.422302 0.007258 0.422431 0.007492 0.430741 0.015016 0.539381 0.015016 0.531184 0.020411 0.531162 0.020411 0.539441 0.425117 0.010318 0.425117 0.002097 0.430732 0.001878 0.430497 0.010189 0.526470 0.522527 0.526470 0.514332 0.532099 0.514270 0.532101 0.522547 0.001878 0.454913 0.001878 0.446702 0.007496 0.446817 0.007496 0.455111 0.495501 0.010089 0.495501 0.001878 0.501118 0.001994 0.501119 0.010287 0.505824 0.022288 0.505824 0.014078 0.511441 0.014194 0.511441 0.022486 0.001878 0.515910 0.001878 0.507701 0.007494 0.507817 0.007495 0.516109 0.513331 0.522478 0.513331 0.514270 0.518947 0.514387 0.518948 0.522677 0.516147 0.034484 0.516147 0.026278 0.521762 0.026395 0.521763 0.034684 0.267629 0.567758 0.259973 0.567759 0.259951 0.565884 0.267944 0.565884 0.572635 0.319114 0.564988 0.319115 0.564946 0.317196 0.572930 0.317196 0.572660 0.186829 0.565012 0.186830 0.564946 0.184875 0.572932 0.184875 0.572681 0.056415 0.565040 0.056416 
						0.564946 0.054431 0.572924 0.054431 0.572706 0.032036 0.565071 0.032037 0.564946 0.030031 0.572918 0.030031 0.340944 0.566959 0.333306 0.566960 0.333150 0.564946 0.341124 0.564946 0.572767 0.003890 0.565133 0.003891 0.564946 0.001878 0.572916 0.001878 0.572799 0.038602 0.565164 0.038601 0.564946 0.036600 0.572916 0.036600 0.572834 0.062978 0.565195 0.062978 0.564946 0.061000 0.572921 0.061000 0.572864 0.244067 0.565222 0.244067 0.564946 0.242120 0.572924 0.242120 0.572922 0.312528 0.565250 0.312528 0.564946 0.310627 0.572955 0.310627 0.572942 0.337822 0.565268 0.337821 0.564946 0.335965 0.572958 0.335965 0.565890 0.023462 0.573556 0.023462 0.573888 0.025273 0.565884 0.025273 0.573878 0.110624 0.566219 0.110623 0.565884 0.108861 0.573881 0.108861 0.009867 0.568537 0.002209 0.568536 0.001878 0.566823 0.009874 0.566823 0.573855 0.403376 0.566197 0.403324 0.565884 0.401656 0.573889 0.401656 0.124325 0.568506 0.116674 0.568502 0.116368 0.566823 0.124369 0.566823 0.574764 0.102946 0.567114 0.102997 0.566823 0.101353 0.574817 0.101353 0.574711 0.380698 0.567071 0.380699 0.566823 0.379134 0.574801 0.379134 0.574689 0.386307 0.567039 0.386307 
						0.566823 0.384764 0.574812 0.384764 0.574629 0.228735 0.566991 0.228642 0.566823 0.227105 0.574810 0.227105 0.574632 0.074836 0.566980 0.074832 0.566823 0.073200 0.574832 0.073200 0.574609 0.080383 0.566964 0.080477 0.566823 0.078831 0.574819 0.078831 0.574551 0.293428 0.566907 0.293432 0.566823 0.291858 0.574805 0.291858 0.574522 0.287828 0.566879 0.287828 0.566823 0.286227 0.574805 0.286227 0.574507 0.223111 0.566856 0.223112 0.566823 0.221474 0.574812 0.221474 0.227269 0.568503 0.219613 0.568503 0.219598 0.566823 0.227592 0.566823 0.573549 0.116218 0.565890 0.116219 0.565884 0.114492 0.573882 0.114492 0.573552 0.069344 0.565887 0.069345 0.565884 0.067569 0.573888 0.067569 0.573560 0.019655 0.565892 0.019656 0.565884 0.017832 0.573891 0.017832 
					</float_array>
					<technique_common>
						<accessor count="2986" offset="0" source="#meshId0-tex0-array" stride="2">
							<param name="S" type="float" />
							<param name="T" type="float" />
						</accessor>
					</technique_common>
				</source>
				<vertices id="meshId0-vertices">
					<input semantic="POSITION" source="#meshId0-positions" />
				</vertices>
				<polylist count="3476" material="defaultMaterial">
					<input offset="0" semantic="VERTEX" source="#meshId0-vertices" />
					<input offset="0" semantic="NORMAL" source="#meshId0-normals" />
					<input offset="0" semantic="TANGENT" source="#meshId0-tangents" />
					<input offset="0" semantic="BINORMAL" source="#meshId0-bitangents" />
					<input offset="0" semantic="TEXCOORD" source="#meshId0-tex0" set="0" />
					<vcount>
						3 3 3 3 3 3 3 3 3 3 3 3 3 3 3 3 3 3 3 3 3 3 3 3 3 3 3 3 3 3 3 3 3 3 3 3 3 3 3 3 3 3 3 3 3 3 3 3 3 3 3 3 3 3 3 3 3 3 3 3 3 3 3 3 
						3 3 3 3 3 3 3 3 3 3 3 3 3 3 3 3 3 3 3 3 3 3 3 3 3 3 3 3 3 3 3 3 3 3 3 3 3 3 3 3 3 3 3 3 3 3 3 3 3 3 3 3 3 3 3 3 3 3 3 3 3 3 3 3 
						3 3 3 3 3 3 3 3 3 3 3 3 3 3 3 3 3 3 3 3 3 3 3 3 3 3 3 3 3 3 3 3 3 3 3 3 3 3 3 3 3 3 3 3 3 3 3 3 3 3 3 3 3 3 3 3 3 3 3 3 3 3 3 3 
						3 3 3 3 3 3 3 3 3 3 3 3 3 3 3 3 3 3 3 3 3 3 3 3 3 3 3 3 3 3 3 3 3 3 3 3 3 3 3 3 3 3 3 3 3 3 3 3 3 3 3 3 3 3 3 3 3 3 3 3 3 3 3 3 
						3 3 3 3 3 3 3 3 3 3 3 3 3 3 3 3 3 3 3 3 3 3 3 3 3 3 3 3 3 3 3 3 3 3 3 3 3 3 3 3 3 3 3 3 3 3 3 3 3 3 3 3 3 3 3 3 3 3 3 3 3 3 3 3 
						3 3 3 3 3 3 3 3 3 3 3 3 3 3 3 3 3 3 3 3 3 3 3 3 3 3 3 3 3 3 3 3 3 3 3 3 3 3 3 3 3 3 3 3 3 3 3 3 3 3 3 3 3 3 3 3 3 3 3 3 3 3 3 3 
						3 3 3 3 3 3 3 3 3 3 3 3 3 3 3 3 3 3 3 3 3 3 3 3 3 3 3 3 3 3 3 3 3 3 3 3 3 3 3 3 3 3 3 3 3 3 3 3 3 3 3 3 3 3 3 3 3 3 3 3 3 3 3 3 
						3 3 3 3 3 3 3 3 3 3 3 3 3 3 3 3 3 3 3 3 3 3 3 3 3 3 3 3 3 3 3 3 3 3 3 3 3 3 3 3 3 3 3 3 3 3 3 3 3 3 3 3 3 3 3 3 3 3 3 3 3 3 3 3 
						3 3 3 3 3 3 3 3 3 3 3 3 3 3 3 3 3 3 3 3 3 3 3 3 3 3 3 3 3 3 3 3 3 3 3 3 3 3 3 3 3 3 3 3 3 3 3 3 3 3 3 3 3 3 3 3 3 3 3 3 3 3 3 3 
						3 3 3 3 3 3 3 3 3 3 3 3 3 3 3 3 3 3 3 3 3 3 3 3 3 3 3 3 3 3 3 3 3 3 3 3 3 3 3 3 3 3 3 3 3 3 3 3 3 3 3 3 3 3 3 3 3 3 3 3 3 3 3 3 
						3 3 3 3 3 3 3 3 3 3 3 3 3 3 3 3 3 3 3 3 3 3 3 3 3 3 3 3 3 3 3 3 3 3 3 3 3 3 3 3 3 3 3 3 3 3 3 3 3 3 3 3 3 3 3 3 3 3 3 3 3 3 3 3 
						3 3 3 3 3 3 3 3 3 3 3 3 3 3 3 3 3 3 3 3 3 3 3 3 3 3 3 3 3 3 3 3 3 3 3 3 3 3 3 3 3 3 3 3 3 3 3 3 3 3 3 3 3 3 3 3 3 3 3 3 3 3 3 3 
						3 3 3 3 3 3 3 3 3 3 3 3 3 3 3 3 3 3 3 3 3 3 3 3 3 3 3 3 3 3 3 3 3 3 3 3 3 3 3 3 3 3 3 3 3 3 3 3 3 3 3 3 3 3 3 3 3 3 3 3 3 3 3 3 
						3 3 3 3 3 3 3 3 3 3 3 3 3 3 3 3 3 3 3 3 3 3 3 3 3 3 3 3 3 3 3 3 3 3 3 3 3 3 3 3 3 3 3 3 3 3 3 3 3 3 3 3 3 3 3 3 3 3 3 3 3 3 3 3 
						3 3 3 3 3 3 3 3 3 3 3 3 3 3 3 3 3 3 3 3 3 3 3 3 3 3 3 3 3 3 3 3 3 3 3 3 3 3 3 3 3 3 3 3 3 3 3 3 3 3 3 3 3 3 3 3 3 3 3 3 3 3 3 3 
						3 3 3 3 3 3 3 3 3 3 3 3 3 3 3 3 3 3 3 3 3 3 3 3 3 3 3 3 3 3 3 3 3 3 3 3 3 3 3 3 3 3 3 3 3 3 3 3 3 3 3 3 3 3 3 3 3 3 3 3 3 3 3 3 
						3 3 3 3 3 3 3 3 3 3 3 3 3 3 3 3 3 3 3 3 3 3 3 3 3 3 3 3 3 3 3 3 3 3 3 3 3 3 3 3 3 3 3 3 3 3 3 3 3 3 3 3 3 3 3 3 3 3 3 3 3 3 3 3 
						3 3 3 3 3 3 3 3 3 3 3 3 3 3 3 3 3 3 3 3 3 3 3 3 3 3 3 3 3 3 3 3 3 3 3 3 3 3 3 3 3 3 3 3 3 3 3 3 3 3 3 3 3 3 3 3 3 3 3 3 3 3 3 3 
						3 3 3 3 3 3 3 3 3 3 3 3 3 3 3 3 3 3 3 3 3 3 3 3 3 3 3 3 3 3 3 3 3 3 3 3 3 3 3 3 3 3 3 3 3 3 3 3 3 3 3 3 3 3 3 3 3 3 3 3 3 3 3 3 
						3 3 3 3 3 3 3 3 3 3 3 3 3 3 3 3 3 3 3 3 3 3 3 3 3 3 3 3 3 3 3 3 3 3 3 3 3 3 3 3 3 3 3 3 3 3 3 3 3 3 3 3 3 3 3 3 3 3 3 3 3 3 3 3 
						3 3 3 3 3 3 3 3 3 3 3 3 3 3 3 3 3 3 3 3 3 3 3 3 3 3 3 3 3 3 3 3 3 3 3 3 3 3 3 3 3 3 3 3 3 3 3 3 3 3 3 3 3 3 3 3 3 3 3 3 3 3 3 3 
						3 3 3 3 3 3 3 3 3 3 3 3 3 3 3 3 3 3 3 3 3 3 3 3 3 3 3 3 3 3 3 3 3 3 3 3 3 3 3 3 3 3 3 3 3 3 3 3 3 3 3 3 3 3 3 3 3 3 3 3 3 3 3 3 
						3 3 3 3 3 3 3 3 3 3 3 3 3 3 3 3 3 3 3 3 3 3 3 3 3 3 3 3 3 3 3 3 3 3 3 3 3 3 3 3 3 3 3 3 3 3 3 3 3 3 3 3 3 3 3 3 3 3 3 3 3 3 3 3 
						3 3 3 3 3 3 3 3 3 3 3 3 3 3 3 3 3 3 3 3 3 3 3 3 3 3 3 3 3 3 3 3 3 3 3 3 3 3 3 3 3 3 3 3 3 3 3 3 3 3 3 3 3 3 3 3 3 3 3 3 3 3 3 3 
						3 3 3 3 3 3 3 3 3 3 3 3 3 3 3 3 3 3 3 3 3 3 3 3 3 3 3 3 3 3 3 3 3 3 3 3 3 3 3 3 3 3 3 3 3 3 3 3 3 3 3 3 3 3 3 3 3 3 3 3 3 3 3 3 
						3 3 3 3 3 3 3 3 3 3 3 3 3 3 3 3 3 3 3 3 3 3 3 3 3 3 3 3 3 3 3 3 3 3 3 3 3 3 3 3 3 3 3 3 3 3 3 3 3 3 3 3 3 3 3 3 3 3 3 3 3 3 3 3 
						3 3 3 3 3 3 3 3 3 3 3 3 3 3 3 3 3 3 3 3 3 3 3 3 3 3 3 3 3 3 3 3 3 3 3 3 3 3 3 3 3 3 3 3 3 3 3 3 3 3 3 3 3 3 3 3 3 3 3 3 3 3 3 3 
						3 3 3 3 3 3 3 3 3 3 3 3 3 3 3 3 3 3 3 3 3 3 3 3 3 3 3 3 3 3 3 3 3 3 3 3 3 3 3 3 3 3 3 3 3 3 3 3 3 3 3 3 3 3 3 3 3 3 3 3 3 3 3 3 
						3 3 3 3 3 3 3 3 3 3 3 3 3 3 3 3 3 3 3 3 3 3 3 3 3 3 3 3 3 3 3 3 3 3 3 3 3 3 3 3 3 3 3 3 3 3 3 3 3 3 3 3 3 3 3 3 3 3 3 3 3 3 3 3 
						3 3 3 3 3 3 3 3 3 3 3 3 3 3 3 3 3 3 3 3 3 3 3 3 3 3 3 3 3 3 3 3 3 3 3 3 3 3 3 3 3 3 3 3 3 3 3 3 3 3 3 3 3 3 3 3 3 3 3 3 3 3 3 3 
						3 3 3 3 3 3 3 3 3 3 3 3 3 3 3 3 3 3 3 3 3 3 3 3 3 3 3 3 3 3 3 3 3 3 3 3 3 3 3 3 3 3 3 3 3 3 3 3 3 3 3 3 3 3 3 3 3 3 3 3 3 3 3 3 
						3 3 3 3 3 3 3 3 3 3 3 3 3 3 3 3 3 3 3 3 3 3 3 3 3 3 3 3 3 3 3 3 3 3 3 3 3 3 3 3 3 3 3 3 3 3 3 3 3 3 3 3 3 3 3 3 3 3 3 3 3 3 3 3 
						3 3 3 3 3 3 3 3 3 3 3 3 3 3 3 3 3 3 3 3 3 3 3 3 3 3 3 3 3 3 3 3 3 3 3 3 3 3 3 3 3 3 3 3 3 3 3 3 3 3 3 3 3 3 3 3 3 3 3 3 3 3 3 3 
						3 3 3 3 3 3 3 3 3 3 3 3 3 3 3 3 3 3 3 3 3 3 3 3 3 3 3 3 3 3 3 3 3 3 3 3 3 3 3 3 3 3 3 3 3 3 3 3 3 3 3 3 3 3 3 3 3 3 3 3 3 3 3 3 
						3 3 3 3 3 3 3 3 3 3 3 3 3 3 3 3 3 3 3 3 3 3 3 3 3 3 3 3 3 3 3 3 3 3 3 3 3 3 3 3 3 3 3 3 3 3 3 3 3 3 3 3 3 3 3 3 3 3 3 3 3 3 3 3 
						3 3 3 3 3 3 3 3 3 3 3 3 3 3 3 3 3 3 3 3 3 3 3 3 3 3 3 3 3 3 3 3 3 3 3 3 3 3 3 3 3 3 3 3 3 3 3 3 3 3 3 3 3 3 3 3 3 3 3 3 3 3 3 3 
						3 3 3 3 3 3 3 3 3 3 3 3 3 3 3 3 3 3 3 3 3 3 3 3 3 3 3 3 3 3 3 3 3 3 3 3 3 3 3 3 3 3 3 3 3 3 3 3 3 3 3 3 3 3 3 3 3 3 3 3 3 3 3 3 
						3 3 3 3 3 3 3 3 3 3 3 3 3 3 3 3 3 3 3 3 3 3 3 3 3 3 3 3 3 3 3 3 3 3 3 3 3 3 3 3 3 3 3 3 3 3 3 3 3 3 3 3 3 3 3 3 3 3 3 3 3 3 3 3 
						3 3 3 3 3 3 3 3 3 3 3 3 3 3 3 3 3 3 3 3 3 3 3 3 3 3 3 3 3 3 3 3 3 3 3 3 3 3 3 3 3 3 3 3 3 3 3 3 3 3 3 3 3 3 3 3 3 3 3 3 3 3 3 3 
						3 3 3 3 3 3 3 3 3 3 3 3 3 3 3 3 3 3 3 3 3 3 3 3 3 3 3 3 3 3 3 3 3 3 3 3 3 3 3 3 3 3 3 3 3 3 3 3 3 3 3 3 3 3 3 3 3 3 3 3 3 3 3 3 
						3 3 3 3 3 3 3 3 3 3 3 3 3 3 3 3 3 3 3 3 3 3 3 3 3 3 3 3 3 3 3 3 3 3 3 3 3 3 3 3 3 3 3 3 3 3 3 3 3 3 3 3 3 3 3 3 3 3 3 3 3 3 3 3 
						3 3 3 3 3 3 3 3 3 3 3 3 3 3 3 3 3 3 3 3 3 3 3 3 3 3 3 3 3 3 3 3 3 3 3 3 3 3 3 3 3 3 3 3 3 3 3 3 3 3 3 3 3 3 3 3 3 3 3 3 3 3 3 3 
						3 3 3 3 3 3 3 3 3 3 3 3 3 3 3 3 3 3 3 3 3 3 3 3 3 3 3 3 3 3 3 3 3 3 3 3 3 3 3 3 3 3 3 3 3 3 3 3 3 3 3 3 3 3 3 3 3 3 3 3 3 3 3 3 
						3 3 3 3 3 3 3 3 3 3 3 3 3 3 3 3 3 3 3 3 3 3 3 3 3 3 3 3 3 3 3 3 3 3 3 3 3 3 3 3 3 3 3 3 3 3 3 3 3 3 3 3 3 3 3 3 3 3 3 3 3 3 3 3 
						3 3 3 3 3 3 3 3 3 3 3 3 3 3 3 3 3 3 3 3 3 3 3 3 3 3 3 3 3 3 3 3 3 3 3 3 3 3 3 3 3 3 3 3 3 3 3 3 3 3 3 3 3 3 3 3 3 3 3 3 3 3 3 3 
						3 3 3 3 3 3 3 3 3 3 3 3 3 3 3 3 3 3 3 3 3 3 3 3 3 3 3 3 3 3 3 3 3 3 3 3 3 3 3 3 3 3 3 3 3 3 3 3 3 3 3 3 3 3 3 3 3 3 3 3 3 3 3 3 
						3 3 3 3 3 3 3 3 3 3 3 3 3 3 3 3 3 3 3 3 3 3 3 3 3 3 3 3 3 3 3 3 3 3 3 3 3 3 3 3 3 3 3 3 3 3 3 3 3 3 3 3 3 3 3 3 3 3 3 3 3 3 3 3 
						3 3 3 3 3 3 3 3 3 3 3 3 3 3 3 3 3 3 3 3 3 3 3 3 3 3 3 3 3 3 3 3 3 3 3 3 3 3 3 3 3 3 3 3 3 3 3 3 3 3 3 3 3 3 3 3 3 3 3 3 3 3 3 3 
						3 3 3 3 3 3 3 3 3 3 3 3 3 3 3 3 3 3 3 3 3 3 3 3 3 3 3 3 3 3 3 3 3 3 3 3 3 3 3 3 3 3 3 3 3 3 3 3 3 3 3 3 3 3 3 3 3 3 3 3 3 3 3 3 
						3 3 3 3 3 3 3 3 3 3 3 3 3 3 3 3 3 3 3 3 3 3 3 3 3 3 3 3 3 3 3 3 3 3 3 3 3 3 3 3 3 3 3 3 3 3 3 3 3 3 3 3 3 3 3 3 3 3 3 3 3 3 3 3 
						3 3 3 3 3 3 3 3 3 3 3 3 3 3 3 3 3 3 3 3 3 3 3 3 3 3 3 3 3 3 3 3 3 3 3 3 3 3 3 3 3 3 3 3 3 3 3 3 3 3 3 3 3 3 3 3 3 3 3 3 3 3 3 3 
						3 3 3 3 3 3 3 3 3 3 3 3 3 3 3 3 3 3 3 3 3 3 3 3 3 3 3 3 3 3 3 3 3 3 3 3 3 3 3 3 3 3 3 3 3 3 3 3 3 3 3 3 3 3 3 3 3 3 3 3 3 3 3 3 
						3 3 3 3 3 3 3 3 3 3 3 3 3 3 3 3 3 3 3 3 3 3 3 3 3 3 3 3 3 3 3 3 3 3 3 3 3 3 3 3 3 3 3 3 3 3 3 3 3 3 3 3 3 3 3 3 3 3 3 3 3 3 3 3 
						3 3 3 3 3 3 3 3 3 3 3 3 3 3 3 3 3 3 3 3 3 3 3 3 3 3 3 3 3 3 3 3 3 3 3 3 3 3 3 3 3 3 3 3 3 3 3 3 3 3 3 3 3 3 3 3 3 3 3 3 3 3 3 3 
						3 3 3 3 3 3 3 3 3 3 3 3 3 3 3 3 3 3 3 3 
					</vcount>
					<p>
						3 0 1 1 2 3 5 3 2 2 4 5 7 5 4 4 6 7 9 7 6 6 8 9 11 9 8 8 10 11 13 11 10 10 12 13 15 13 12 12 14 15 17 15 14 14 16 17 19 17 16 16 18 19 21 19 18 18 20 21 23 21 20 20 22 23 25 23 22 22 24 25 27 25 24 24 26 27 29 27 26 26 28 29 31 29 28 28 30 31 33 31 30 30 32 33 35 33 32 32 34 35 37 35 34 34 36 37 39 37 36 36 38 39 41 39 38 38 40 41 43 41 40 40 42 43 45 43 42 42 44 45 47 45 44 44 46 47 49 47 46 46 48 49 51 49 48 48 50 51 53 51 50 50 52 53 55 53 52 52 54 55 57 55 54 54 56 57 59 57 56 56 58 59 61 59 58 58 60 61 2 1 62 62 63 2 4 2 63 63 64 4 
						6 4 64 64 65 6 8 6 65 65 66 8 10 8 66 66 67 10 12 10 67 67 68 12 14 12 68 68 69 14 16 14 69 69 70 16 18 16 70 70 71 18 20 18 71 71 72 20 22 20 72 72 73 22 24 22 73 73 74 24 26 24 74 74 75 26 28 26 75 75 76 28 30 28 76 76 77 30 32 30 77 77 78 32 34 32 78 78 79 34 36 34 79 79 80 36 38 36 80 80 81 38 40 38 81 81 82 40 42 40 82 82 83 42 44 42 83 83 84 44 46 44 84 84 85 46 48 46 85 85 86 48 50 48 86 86 87 50 52 50 87 87 88 52 54 52 88 88 89 54 56 54 89 89 90 56 58 56 90 90 91 58 60 58 91 91 92 60 63 62 93 93 94 63 64 63 94 94 95 64 65 64 95 95 96 65 66 65 96 96 97 66 
						67 66 97 97 98 67 68 67 98 98 99 68 69 68 99 99 100 69 70 69 100 100 101 70 71 70 101 101 102 71 72 71 102 102 103 72 73 72 103 103 104 73 74 73 104 104 105 74 75 74 105 105 106 75 76 75 106 106 107 76 77 76 107 107 108 77 78 77 108 108 109 78 79 78 109 109 110 79 80 79 110 110 111 80 81 80 111 111 112 81 82 81 112 112 113 82 83 82 113 113 114 83 84 83 114 114 115 84 85 84 115 115 116 85 86 85 116 116 117 86 87 86 117 117 118 87 88 87 118 118 119 88 89 88 119 119 120 89 90 89 120 120 121 90 91 90 121 121 122 91 92 91 122 122 123 92 94 93 124 124 125 94 95 94 125 125 126 95 96 95 126 126 127 96 97 96 127 127 128 97 98 97 128 128 129 98 99 98 129 129 130 99 
						100 99 130 130 131 100 101 100 131 131 132 101 102 101 132 132 133 102 103 102 133 133 134 103 104 103 134 134 135 104 105 104 135 135 136 105 106 105 136 136 137 106 107 106 137 137 138 107 108 107 138 138 139 108 109 108 139 139 140 109 110 109 140 140 141 110 111 110 141 141 142 111 112 111 142 142 143 112 113 112 143 143 144 113 114 113 144 144 145 114 115 114 145 145 146 115 116 115 146 146 147 116 117 116 147 147 148 117 118 117 148 148 149 118 119 118 149 149 150 119 120 119 150 150 151 120 121 120 151 151 152 121 122 121 152 152 153 122 123 122 153 153 154 123 125 124 155 155 156 125 126 125 156 156 157 126 127 126 157 157 158 127 128 127 158 158 159 128 129 128 159 159 160 129 130 129 160 160 161 130 131 130 161 161 162 131 132 131 162 162 163 132 
						133 132 163 163 164 133 134 133 164 164 165 134 135 134 165 165 166 135 136 135 166 166 167 136 137 136 167 167 168 137 138 137 168 168 169 138 139 138 169 169 170 139 140 139 170 170 171 140 141 140 171 171 172 141 142 141 172 172 173 142 143 142 173 173 174 143 144 143 174 174 175 144 145 144 175 175 176 145 146 145 176 176 177 146 147 146 177 177 178 147 148 147 178 178 179 148 149 148 179 179 180 149 150 149 180 180 181 150 151 150 181 181 182 151 152 151 182 182 183 152 153 152 183 183 184 153 154 153 184 184 185 154 156 155 186 186 187 156 157 156 187 187 188 157 158 157 188 188 189 158 159 158 189 189 190 159 160 159 190 190 191 160 161 160 191 191 192 161 162 161 192 192 193 162 163 162 193 193 194 163 164 163 194 194 195 164 165 164 195 195 196 165 
						166 165 196 196 197 166 167 166 197 197 198 167 168 167 198 198 199 168 169 168 199 199 200 169 170 169 200 200 201 170 171 170 201 201 202 171 172 171 202 202 203 172 173 172 203 203 204 173 174 173 204 204 205 174 175 174 205 205 206 175 176 175 206 206 207 176 177 176 207 207 208 177 178 177 208 208 209 178 179 178 209 209 210 179 180 179 210 210 211 180 181 180 211 211 212 181 182 181 212 212 213 182 183 182 213 213 214 183 184 183 214 214 215 184 185 184 215 215 216 185 187 186 217 217 218 187 188 187 218 218 219 188 189 188 219 219 220 189 190 189 220 220 221 190 191 190 221 221 222 191 192 191 222 222 223 192 193 192 223 223 224 193 194 193 224 224 225 194 195 194 225 225 226 195 196 195 226 226 227 196 197 196 227 227 228 197 198 197 228 228 229 198 
						199 198 229 229 230 199 200 199 230 230 231 200 201 200 231 231 232 201 202 201 232 232 233 202 203 202 233 233 234 203 204 203 234 234 235 204 205 204 235 235 236 205 206 205 236 236 237 206 207 206 237 237 238 207 208 207 238 238 239 208 209 208 239 239 240 209 210 209 240 240 241 210 211 210 241 241 242 211 212 211 242 242 243 212 213 212 243 243 244 213 214 213 244 244 245 214 215 214 245 245 246 215 216 215 246 246 247 216 218 217 248 248 249 218 219 218 249 249 250 219 220 219 250 250 251 220 221 220 251 251 252 221 222 221 252 252 253 222 223 222 253 253 254 223 224 223 254 254 255 224 225 224 255 255 256 225 226 225 256 256 257 226 227 226 257 257 258 227 228 227 258 258 259 228 229 228 259 259 260 229 230 229 260 260 261 230 231 230 261 261 262 231 
						232 231 262 262 263 232 233 232 263 263 264 233 234 233 264 264 265 234 235 234 265 265 266 235 236 235 266 266 267 236 237 236 267 267 268 237 238 237 268 268 269 238 239 238 269 269 270 239 240 239 270 270 271 240 241 240 271 271 272 241 242 241 272 272 273 242 243 242 273 273 274 243 244 243 274 274 275 244 245 244 275 275 276 245 246 245 276 276 277 246 247 246 277 277 278 247 249 248 279 279 280 249 250 249 280 280 281 250 251 250 281 281 282 251 252 251 282 282 283 252 253 252 283 283 284 253 254 253 284 284 285 254 255 254 285 285 286 255 256 255 286 286 287 256 257 256 287 287 288 257 258 257 288 288 289 258 259 258 289 289 290 259 260 259 290 290 291 260 261 260 291 291 292 261 262 261 292 292 293 262 263 262 293 293 294 263 264 263 294 294 295 264 
						265 264 295 295 296 265 266 265 296 296 297 266 267 266 297 297 298 267 268 267 298 298 299 268 269 268 299 299 300 269 270 269 300 300 301 270 271 270 301 301 302 271 272 271 302 302 303 272 273 272 303 303 304 273 274 273 304 304 305 274 275 274 305 305 306 275 276 275 306 306 307 276 277 276 307 307 308 277 278 277 308 308 309 278 280 279 310 310 311 280 281 280 311 311 312 281 282 281 312 312 313 282 283 282 313 313 314 283 284 283 314 314 315 284 285 284 315 315 316 285 286 285 316 316 317 286 287 286 317 317 318 287 288 287 318 318 319 288 289 288 319 319 320 289 290 289 320 320 321 290 291 290 321 321 322 291 292 291 322 322 323 292 293 292 323 323 324 293 294 293 324 324 325 294 295 294 325 325 326 295 296 295 326 326 327 296 297 296 327 327 328 297 
						298 297 328 328 329 298 299 298 329 329 330 299 300 299 330 330 331 300 301 300 331 331 332 301 302 301 332 332 333 302 303 302 333 333 334 303 304 303 334 334 335 304 305 304 335 335 336 305 306 305 336 336 337 306 307 306 337 337 338 307 308 307 338 338 339 308 309 308 339 339 340 309 311 310 341 341 342 311 312 311 342 342 343 312 313 312 343 343 344 313 314 313 344 344 345 314 315 314 345 345 346 315 316 315 346 346 347 316 317 316 347 347 348 317 318 317 348 348 349 318 319 318 349 349 350 319 320 319 350 350 351 320 321 320 351 351 352 321 322 321 352 352 353 322 323 322 353 353 354 323 324 323 354 354 355 324 325 324 355 355 356 325 326 325 356 356 357 326 327 326 357 357 358 327 328 327 358 358 359 328 329 328 359 359 360 329 330 329 360 360 361 330 
						331 330 361 361 362 331 332 331 362 362 363 332 333 332 363 363 364 333 334 333 364 364 365 334 335 334 365 365 366 335 336 335 366 366 367 336 337 336 367 367 368 337 338 337 368 368 369 338 339 338 369 369 370 339 340 339 370 370 371 340 342 341 372 372 373 342 343 342 373 373 374 343 344 343 374 374 375 344 345 344 375 375 376 345 346 345 376 376 377 346 347 346 377 377 378 347 348 347 378 378 379 348 349 348 379 379 380 349 350 349 380 380 381 350 351 350 381 381 382 351 352 351 382 382 383 352 353 352 383 383 384 353 354 353 384 384 385 354 355 354 385 385 386 355 356 355 386 386 387 356 357 356 387 387 388 357 358 357 388 388 389 358 359 358 389 389 390 359 360 359 390 390 391 360 361 360 391 391 392 361 362 361 392 392 393 362 363 362 393 393 394 363 
						364 363 394 394 395 364 365 364 395 395 396 365 366 365 396 396 397 366 367 366 397 397 398 367 368 367 398 398 399 368 369 368 399 399 400 369 370 369 400 400 401 370 371 370 401 401 402 371 373 372 403 403 404 373 374 373 404 404 405 374 375 374 405 405 406 375 376 375 406 406 407 376 377 376 407 407 408 377 378 377 408 408 409 378 379 378 409 409 410 379 380 379 410 410 411 380 381 380 411 411 412 381 382 381 412 412 413 382 383 382 413 413 414 383 384 383 414 414 415 384 385 384 415 415 416 385 386 385 416 416 417 386 387 386 417 417 418 387 388 387 418 418 419 388 389 388 419 419 420 389 390 389 420 420 421 390 391 390 421 421 422 391 392 391 422 422 423 392 393 392 423 423 424 393 394 393 424 424 425 394 395 394 425 425 426 395 396 395 426 426 427 396 
						397 396 427 427 428 397 398 397 428 428 429 398 399 398 429 429 430 399 400 399 430 430 431 400 401 400 431 431 432 401 402 401 432 432 433 402 404 403 434 434 435 404 405 404 435 435 436 405 406 405 436 436 437 406 407 406 437 437 438 407 408 407 438 438 439 408 409 408 439 439 440 409 410 409 440 440 441 410 411 410 441 441 442 411 412 411 442 442 443 412 413 412 443 443 444 413 414 413 444 444 445 414 415 414 445 445 446 415 416 415 446 446 447 416 417 416 447 447 448 417 418 417 448 448 449 418 419 418 449 449 450 419 420 419 450 450 451 420 421 420 451 451 452 421 422 421 452 452 453 422 423 422 453 453 454 423 424 423 454 454 455 424 425 424 455 455 456 425 426 425 456 456 457 426 427 426 457 457 458 427 428 427 458 458 459 428 429 428 459 459 460 429 
						430 429 460 460 461 430 431 430 461 461 462 431 432 431 462 462 463 432 433 432 463 463 464 433 435 434 465 465 466 435 436 435 466 466 467 436 437 436 467 467 468 437 438 437 468 468 469 438 439 438 469 469 470 439 440 439 470 470 471 440 441 440 471 471 472 441 442 441 472 472 473 442 443 442 473 473 474 443 444 443 474 474 475 444 445 444 475 475 476 445 446 445 476 476 477 446 447 446 477 477 478 447 448 447 478 478 479 448 449 448 479 479 480 449 450 449 480 480 481 450 451 450 481 481 482 451 452 451 482 482 483 452 453 452 483 483 484 453 454 453 484 484 485 454 455 454 485 485 486 455 456 455 486 486 487 456 457 456 487 487 488 457 458 457 488 488 489 458 459 458 489 489 490 459 460 459 490 490 491 460 461 460 491 491 492 461 462 461 492 492 493 462 
						463 462 493 493 494 463 464 463 494 494 495 464 466 465 496 496 497 466 467 466 497 497 498 467 468 467 498 498 499 468 469 468 499 499 500 469 470 469 500 500 501 470 471 470 501 501 502 471 472 471 502 502 503 472 473 472 503 503 504 473 474 473 504 504 505 474 475 474 505 505 506 475 476 475 506 506 507 476 477 476 507 507 508 477 478 477 508 508 509 478 479 478 509 509 510 479 480 479 510 510 511 480 481 480 511 511 512 481 482 481 512 512 513 482 483 482 513 513 514 483 484 483 514 514 515 484 485 484 515 515 516 485 486 485 516 516 517 486 487 486 517 517 518 487 488 487 518 518 519 488 489 488 519 519 520 489 490 489 520 520 521 490 491 490 521 521 522 491 492 491 522 522 523 492 493 492 523 523 524 493 494 493 524 524 525 494 495 494 525 525 526 495 
						497 496 527 527 528 497 498 497 528 528 529 498 499 498 529 529 530 499 500 499 530 530 531 500 501 500 531 531 532 501 502 501 532 532 533 502 503 502 533 533 534 503 504 503 534 534 535 504 505 504 535 535 536 505 506 505 536 536 537 506 507 506 537 537 538 507 508 507 538 538 539 508 509 508 539 539 540 509 510 509 540 540 541 510 511 510 541 541 542 511 512 511 542 542 543 512 513 512 543 543 544 513 514 513 544 544 545 514 515 514 545 545 546 515 516 515 546 546 547 516 517 516 547 547 548 517 518 517 548 548 549 518 519 518 549 549 550 519 520 519 550 550 551 520 521 520 551 551 552 521 522 521 552 552 553 522 523 522 553 553 554 523 524 523 554 554 555 524 525 524 555 555 556 525 526 525 556 556 557 526 528 527 558 558 559 528 529 528 559 559 560 529 
						530 529 560 560 561 530 531 530 561 561 562 531 532 531 562 562 563 532 533 532 563 563 564 533 534 533 564 564 565 534 535 534 565 565 566 535 536 535 566 566 567 536 537 536 567 567 568 537 538 537 568 568 569 538 539 538 569 569 570 539 540 539 570 570 571 540 541 540 571 571 572 541 542 541 572 572 573 542 543 542 573 573 574 543 544 543 574 574 575 544 545 544 575 575 576 545 546 545 576 576 577 546 547 546 577 577 578 547 548 547 578 578 579 548 549 548 579 579 580 549 550 549 580 580 581 550 551 550 581 581 582 551 552 551 582 582 583 552 553 552 583 583 584 553 554 553 584 584 585 554 555 554 585 585 586 555 556 555 586 586 587 556 557 556 587 587 588 557 559 558 589 589 590 559 560 559 590 590 591 560 561 560 591 591 592 561 562 561 592 592 593 562 
						563 562 593 593 594 563 564 563 594 594 595 564 565 564 595 595 596 565 566 565 596 596 597 566 567 566 597 597 598 567 568 567 598 598 599 568 569 568 599 599 600 569 570 569 600 600 601 570 571 570 601 601 602 571 572 571 602 602 603 572 573 572 603 603 604 573 574 573 604 604 605 574 575 574 605 605 606 575 576 575 606 606 607 576 577 576 607 607 608 577 578 577 608 608 609 578 579 578 609 609 610 579 580 579 610 610 611 580 581 580 611 611 612 581 582 581 612 612 613 582 583 582 613 613 614 583 584 583 614 614 615 584 585 584 615 615 616 585 586 585 616 616 617 586 587 586 617 617 618 587 588 587 618 618 619 588 623 620 621 621 622 623 627 624 625 625 626 627 631 628 629 629 630 631 635 632 633 633 634 635 639 636 637 637 638 639 643 640 641 641 642 643 
						647 644 645 645 646 647 651 648 649 649 650 651 655 652 653 653 654 655 659 656 657 657 658 659 663 660 661 661 662 663 667 664 665 665 666 667 671 668 669 669 670 671 675 672 673 673 674 675 679 676 677 677 678 679 683 680 681 681 682 683 687 684 685 685 686 687 691 688 689 689 690 691 695 692 693 693 694 695 699 696 697 697 698 699 703 700 701 701 702 703 707 704 705 705 706 707 711 708 709 709 710 711 715 712 713 713 714 715 719 716 717 717 718 719 723 720 721 721 722 723 727 724 725 725 726 727 731 728 729 729 730 731 735 732 733 733 734 735 739 736 737 737 738 739 743 740 741 741 742 743 747 744 745 745 746 747 751 748 749 749 750 751 755 752 753 753 754 755 759 756 757 757 758 759 763 760 761 761 762 763 767 764 765 765 766 767 771 768 769 769 770 771 
						775 772 773 773 774 775 779 776 777 777 778 779 783 780 781 781 782 783 787 784 785 785 786 787 791 788 789 789 790 791 795 792 793 793 794 795 799 796 797 797 798 799 803 800 801 801 802 803 807 804 805 805 806 807 811 808 809 809 810 811 815 812 813 813 814 815 819 816 817 817 818 819 823 820 821 821 822 823 827 824 825 825 826 827 831 828 829 829 830 831 835 832 833 833 834 835 839 836 837 837 838 839 843 840 841 841 842 843 847 844 845 845 846 847 851 848 849 849 850 851 855 852 853 853 854 855 859 856 857 857 858 859 863 860 861 861 862 863 867 864 865 865 866 867 871 868 869 869 870 871 875 872 873 873 874 875 879 876 877 877 878 879 883 880 881 881 882 883 887 884 885 885 886 887 891 888 889 889 890 891 895 892 893 893 894 895 899 896 897 897 898 899 
						903 900 901 901 902 903 907 904 905 905 906 907 911 908 909 909 910 911 915 912 913 913 914 915 919 916 917 917 918 919 923 920 921 921 922 923 927 924 925 925 926 927 931 928 929 929 930 931 935 932 933 933 934 935 939 936 937 937 938 939 943 940 941 941 942 943 947 944 945 945 946 947 951 948 949 949 950 951 955 952 953 953 954 955 959 956 957 957 958 959 963 960 961 961 962 963 967 964 965 965 966 967 971 968 969 969 970 971 975 972 973 973 974 975 979 976 977 977 978 979 1009 980 981 1009 981 982 1009 982 983 1009 983 984 1009 984 985 1009 985 986 1009 986 987 1009 987 988 1009 988 989 1009 989 990 1009 990 991 1009 991 992 1009 992 993 1009 993 994 1009 994 995 1009 995 996 1009 996 997 1009 997 998 1009 998 999 1009 999 1000 1009 1000 1001 1009 1001 1002 1009 1002 1003 1009 1003 1004 
						1009 1004 1005 1009 1005 1006 1009 1006 1007 1007 1008 1009 1013 1010 1011 1011 1012 1013 1015 1013 1012 1012 1014 1015 1017 1015 1014 1014 1016 1017 1019 1017 1016 1016 1018 1019 1021 1019 1018 1018 1020 1021 1023 1021 1020 1020 1022 1023 1025 1023 1022 1022 1024 1025 1027 1025 1024 1024 1026 1027 1029 1027 1026 1026 1028 1029 1031 1029 1028 1028 1030 1031 1033 1031 1030 1030 1032 1033 1035 1033 1032 1032 1034 1035 1037 1035 1034 1034 1036 1037 1039 1037 1036 1036 1038 1039 1041 1039 1038 1038 1040 1041 1043 1041 1040 1040 1042 1043 1045 1043 1042 1042 1044 1045 1047 1045 1044 1044 1046 1047 1049 1047 1046 1046 1048 1049 1051 1049 1048 1048 1050 1051 1053 1051 1050 1050 1052 1053 1055 1053 1052 1052 1054 1055 1057 1055 1054 1054 1056 1057 1059 1057 1056 1056 1058 1059 1061 1059 1058 1058 1060 1061 1063 1061 1060 1060 1062 1063 1065 1063 1062 1062 1064 1065 1067 1065 1064 1064 1066 1067 1069 1067 1066 1066 1068 1069 1071 1069 1068 1068 1070 1071 
						1073 1072 1010 1010 1013 1073 1074 1073 1013 1013 1015 1074 1075 1074 1015 1015 1017 1075 1076 1075 1017 1017 1019 1076 1077 1076 1019 1019 1021 1077 1078 1077 1021 1021 1023 1078 1079 1078 1023 1023 1025 1079 1080 1079 1025 1025 1027 1080 1081 1080 1027 1027 1029 1081 1082 1081 1029 1029 1031 1082 1083 1082 1031 1031 1033 1083 1084 1083 1033 1033 1035 1084 1085 1084 1035 1035 1037 1085 1086 1085 1037 1037 1039 1086 1087 1086 1039 1039 1041 1087 1088 1087 1041 1041 1043 1088 1089 1088 1043 1043 1045 1089 1090 1089 1045 1045 1047 1090 1091 1090 1047 1047 1049 1091 1092 1091 1049 1049 1051 1092 1093 1092 1051 1051 1053 1093 1094 1093 1053 1053 1055 1094 1095 1094 1055 1055 1057 1095 1096 1095 1057 1057 1059 1096 1097 1096 1059 1059 1061 1097 1098 1097 1061 1061 1063 1098 1099 1098 1063 1063 1065 1099 1100 1099 1065 1065 1067 1100 1101 1100 1067 1067 1069 1101 1102 1101 1069 1069 1071 1102 590 589 1072 1072 1073 590 591 590 1073 1073 1074 591 
						592 591 1074 1074 1075 592 593 592 1075 1075 1076 593 594 593 1076 1076 1077 594 595 594 1077 1077 1078 595 596 595 1078 1078 1079 596 597 596 1079 1079 1080 597 598 597 1080 1080 1081 598 599 598 1081 1081 1082 599 600 599 1082 1082 1083 600 601 600 1083 1083 1084 601 602 601 1084 1084 1085 602 603 602 1085 1085 1086 603 604 603 1086 1086 1087 604 605 604 1087 1087 1088 605 606 605 1088 1088 1089 606 607 606 1089 1089 1090 607 608 607 1090 1090 1091 608 609 608 1091 1091 1092 609 610 609 1092 1092 1093 610 611 610 1093 1093 1094 611 612 611 1094 1094 1095 612 613 612 1095 1095 1096 613 614 613 1096 1096 1097 614 615 614 1097 1097 1098 615 616 615 1098 1098 1099 616 617 616 1099 1099 1100 617 618 617 1100 1100 1101 618 619 618 1101 1101 1102 619 1106 1103 1104 1104 1105 1106 1105 1104 1107 1107 1108 1105 1108 1107 1109 1109 1110 1108 1110 1109 1111 1111 1112 1110 
						1112 1111 1113 1113 1114 1112 1114 1113 1115 1115 1116 1114 1116 1115 1117 1117 1118 1116 1118 1117 1119 1119 1120 1118 1120 1119 1121 1121 1122 1120 1122 1121 1123 1123 1124 1122 1124 1123 1125 1125 1126 1124 1126 1125 1127 1127 1128 1126 1128 1127 1129 1129 1130 1128 1130 1129 1131 1131 1132 1130 1132 1131 1133 1133 1134 1132 1134 1133 1135 1135 1136 1134 1136 1135 1137 1137 1138 1136 1138 1137 1139 1139 1140 1138 1140 1139 1141 1141 1142 1140 1142 1141 1143 1143 1144 1142 1144 1143 1145 1145 1146 1144 1146 1145 1147 1147 1148 1146 1148 1147 1149 1149 1150 1148 1150 1149 1151 1151 1152 1150 1152 1151 1153 1153 1154 1152 1154 1153 1155 1155 1156 1154 1156 1155 1157 1157 1158 1156 1158 1157 1159 1159 1160 1158 1160 1159 1161 1161 1162 1160 1162 1161 1163 1163 1164 1162 1166 1106 1105 1105 1165 1166 1165 1105 1108 1108 1167 1165 1167 1108 1110 1110 1168 1167 1168 1110 1112 1112 1169 1168 1169 1112 1114 1114 1170 1169 1170 1114 1116 1116 1171 1170 
						1171 1116 1118 1118 1172 1171 1172 1118 1120 1120 1173 1172 1173 1120 1122 1122 1174 1173 1174 1122 1124 1124 1175 1174 1175 1124 1126 1126 1176 1175 1176 1126 1128 1128 1177 1176 1177 1128 1130 1130 1178 1177 1178 1130 1132 1132 1179 1178 1179 1132 1134 1134 1180 1179 1180 1134 1136 1136 1181 1180 1181 1136 1138 1138 1182 1181 1182 1138 1140 1140 1183 1182 1183 1140 1142 1142 1184 1183 1184 1142 1144 1144 1185 1184 1185 1144 1146 1146 1186 1185 1186 1146 1148 1148 1187 1186 1187 1148 1150 1150 1188 1187 1188 1150 1152 1152 1189 1188 1189 1152 1154 1154 1190 1189 1190 1154 1156 1156 1191 1190 1191 1156 1158 1158 1192 1191 1192 1158 1160 1160 1193 1192 1193 1160 1162 1162 1194 1193 1194 1162 1164 1164 1195 1194 1197 1166 1165 1165 1196 1197 1196 1165 1167 1167 1198 1196 1198 1167 1168 1168 1199 1198 1199 1168 1169 1169 1200 1199 1200 1169 1170 1170 1201 1200 1201 1170 1171 1171 1202 1201 1202 1171 1172 1172 1203 1202 1203 1172 1173 1173 1204 1203 
						1204 1173 1174 1174 1205 1204 1205 1174 1175 1175 1206 1205 1206 1175 1176 1176 1207 1206 1207 1176 1177 1177 1208 1207 1208 1177 1178 1178 1209 1208 1209 1178 1179 1179 1210 1209 1210 1179 1180 1180 1211 1210 1211 1180 1181 1181 1212 1211 1212 1181 1182 1182 1213 1212 1213 1182 1183 1183 1214 1213 1214 1183 1184 1184 1215 1214 1215 1184 1185 1185 1216 1215 1216 1185 1186 1186 1217 1216 1217 1186 1187 1187 1218 1217 1218 1187 1188 1188 1219 1218 1219 1188 1189 1189 1220 1219 1220 1189 1190 1190 1221 1220 1221 1190 1191 1191 1222 1221 1222 1191 1192 1192 1223 1222 1223 1192 1193 1193 1224 1223 1224 1193 1194 1194 1225 1224 1225 1194 1195 1195 1226 1225 1228 1197 1196 1196 1227 1228 1227 1196 1198 1198 1229 1227 1229 1198 1199 1199 1230 1229 1230 1199 1200 1200 1231 1230 1231 1200 1201 1201 1232 1231 1232 1201 1202 1202 1233 1232 1233 1202 1203 1203 1234 1233 1234 1203 1204 1204 1235 1234 1235 1204 1205 1205 1236 1235 1236 1205 1206 1206 1237 1236 
						1237 1206 1207 1207 1238 1237 1238 1207 1208 1208 1239 1238 1239 1208 1209 1209 1240 1239 1240 1209 1210 1210 1241 1240 1241 1210 1211 1211 1242 1241 1242 1211 1212 1212 1243 1242 1243 1212 1213 1213 1244 1243 1244 1213 1214 1214 1245 1244 1245 1214 1215 1215 1246 1245 1246 1215 1216 1216 1247 1246 1247 1216 1217 1217 1248 1247 1248 1217 1218 1218 1249 1248 1249 1218 1219 1219 1250 1249 1250 1219 1220 1220 1251 1250 1251 1220 1221 1221 1252 1251 1252 1221 1222 1222 1253 1252 1253 1222 1223 1223 1254 1253 1254 1223 1224 1224 1255 1254 1255 1224 1225 1225 1256 1255 1256 1225 1226 1226 1257 1256 1259 1228 1227 1227 1258 1259 1258 1227 1229 1229 1260 1258 1260 1229 1230 1230 1261 1260 1261 1230 1231 1231 1262 1261 1262 1231 1232 1232 1263 1262 1263 1232 1233 1233 1264 1263 1264 1233 1234 1234 1265 1264 1265 1234 1235 1235 1266 1265 1266 1235 1236 1236 1267 1266 1267 1236 1237 1237 1268 1267 1268 1237 1238 1238 1269 1268 1269 1238 1239 1239 1270 1269 
						1270 1239 1240 1240 1271 1270 1271 1240 1241 1241 1272 1271 1272 1241 1242 1242 1273 1272 1273 1242 1243 1243 1274 1273 1274 1243 1244 1244 1275 1274 1275 1244 1245 1245 1276 1275 1276 1245 1246 1246 1277 1276 1277 1246 1247 1247 1278 1277 1278 1247 1248 1248 1279 1278 1279 1248 1249 1249 1280 1279 1280 1249 1250 1250 1281 1280 1281 1250 1251 1251 1282 1281 1282 1251 1252 1252 1283 1282 1283 1252 1253 1253 1284 1283 1284 1253 1254 1254 1285 1284 1285 1254 1255 1255 1286 1285 1286 1255 1256 1256 1287 1286 1287 1256 1257 1257 1288 1287 1290 1259 1258 1258 1289 1290 1289 1258 1260 1260 1291 1289 1291 1260 1261 1261 1292 1291 1292 1261 1262 1262 1293 1292 1293 1262 1263 1263 1294 1293 1294 1263 1264 1264 1295 1294 1295 1264 1265 1265 1296 1295 1296 1265 1266 1266 1297 1296 1297 1266 1267 1267 1298 1297 1298 1267 1268 1268 1299 1298 1299 1268 1269 1269 1300 1299 1300 1269 1270 1270 1301 1300 1301 1270 1271 1271 1302 1301 1302 1271 1272 1272 1303 1302 
						1303 1272 1273 1273 1304 1303 1304 1273 1274 1274 1305 1304 1305 1274 1275 1275 1306 1305 1306 1275 1276 1276 1307 1306 1307 1276 1277 1277 1308 1307 1308 1277 1278 1278 1309 1308 1309 1278 1279 1279 1310 1309 1310 1279 1280 1280 1311 1310 1311 1280 1281 1281 1312 1311 1312 1281 1282 1282 1313 1312 1313 1282 1283 1283 1314 1313 1314 1283 1284 1284 1315 1314 1315 1284 1285 1285 1316 1315 1316 1285 1286 1286 1317 1316 1317 1286 1287 1287 1318 1317 1318 1287 1288 1288 1319 1318 1321 1290 1289 1289 1320 1321 1320 1289 1291 1291 1322 1320 1322 1291 1292 1292 1323 1322 1323 1292 1293 1293 1324 1323 1324 1293 1294 1294 1325 1324 1325 1294 1295 1295 1326 1325 1326 1295 1296 1296 1327 1326 1327 1296 1297 1297 1328 1327 1328 1297 1298 1298 1329 1328 1329 1298 1299 1299 1330 1329 1330 1299 1300 1300 1331 1330 1331 1300 1301 1301 1332 1331 1332 1301 1302 1302 1333 1332 1333 1302 1303 1303 1334 1333 1334 1303 1304 1304 1335 1334 1335 1304 1305 1305 1336 1335 
						1336 1305 1306 1306 1337 1336 1337 1306 1307 1307 1338 1337 1338 1307 1308 1308 1339 1338 1339 1308 1309 1309 1340 1339 1340 1309 1310 1310 1341 1340 1341 1310 1311 1311 1342 1341 1342 1311 1312 1312 1343 1342 1343 1312 1313 1313 1344 1343 1344 1313 1314 1314 1345 1344 1345 1314 1315 1315 1346 1345 1346 1315 1316 1316 1347 1346 1347 1316 1317 1317 1348 1347 1348 1317 1318 1318 1349 1348 1349 1318 1319 1319 1350 1349 1352 1321 1320 1320 1351 1352 1351 1320 1322 1322 1353 1351 1353 1322 1323 1323 1354 1353 1354 1323 1324 1324 1355 1354 1355 1324 1325 1325 1356 1355 1356 1325 1326 1326 1357 1356 1357 1326 1327 1327 1358 1357 1358 1327 1328 1328 1359 1358 1359 1328 1329 1329 1360 1359 1360 1329 1330 1330 1361 1360 1361 1330 1331 1331 1362 1361 1362 1331 1332 1332 1363 1362 1363 1332 1333 1333 1364 1363 1364 1333 1334 1334 1365 1364 1365 1334 1335 1335 1366 1365 1366 1335 1336 1336 1367 1366 1367 1336 1337 1337 1368 1367 1368 1337 1338 1338 1369 1368 
						1369 1338 1339 1339 1370 1369 1370 1339 1340 1340 1371 1370 1371 1340 1341 1341 1372 1371 1372 1341 1342 1342 1373 1372 1373 1342 1343 1343 1374 1373 1374 1343 1344 1344 1375 1374 1375 1344 1345 1345 1376 1375 1376 1345 1346 1346 1377 1376 1377 1346 1347 1347 1378 1377 1378 1347 1348 1348 1379 1378 1379 1348 1349 1349 1380 1379 1380 1349 1350 1350 1381 1380 1383 1352 1351 1351 1382 1383 1382 1351 1353 1353 1384 1382 1384 1353 1354 1354 1385 1384 1385 1354 1355 1355 1386 1385 1386 1355 1356 1356 1387 1386 1387 1356 1357 1357 1388 1387 1388 1357 1358 1358 1389 1388 1389 1358 1359 1359 1390 1389 1390 1359 1360 1360 1391 1390 1391 1360 1361 1361 1392 1391 1392 1361 1362 1362 1393 1392 1393 1362 1363 1363 1394 1393 1394 1363 1364 1364 1395 1394 1395 1364 1365 1365 1396 1395 1396 1365 1366 1366 1397 1396 1397 1366 1367 1367 1398 1397 1398 1367 1368 1368 1399 1398 1399 1368 1369 1369 1400 1399 1400 1369 1370 1370 1401 1400 1401 1370 1371 1371 1402 1401 
						1402 1371 1372 1372 1403 1402 1403 1372 1373 1373 1404 1403 1404 1373 1374 1374 1405 1404 1405 1374 1375 1375 1406 1405 1406 1375 1376 1376 1407 1406 1407 1376 1377 1377 1408 1407 1408 1377 1378 1378 1409 1408 1409 1378 1379 1379 1410 1409 1410 1379 1380 1380 1411 1410 1411 1380 1381 1381 1412 1411 1414 1383 1382 1382 1413 1414 1413 1382 1384 1384 1415 1413 1415 1384 1385 1385 1416 1415 1416 1385 1386 1386 1417 1416 1417 1386 1387 1387 1418 1417 1418 1387 1388 1388 1419 1418 1419 1388 1389 1389 1420 1419 1420 1389 1390 1390 1421 1420 1421 1390 1391 1391 1422 1421 1422 1391 1392 1392 1423 1422 1423 1392 1393 1393 1424 1423 1424 1393 1394 1394 1425 1424 1425 1394 1395 1395 1426 1425 1426 1395 1396 1396 1427 1426 1427 1396 1397 1397 1428 1427 1428 1397 1398 1398 1429 1428 1429 1398 1399 1399 1430 1429 1430 1399 1400 1400 1431 1430 1431 1400 1401 1401 1432 1431 1432 1401 1402 1402 1433 1432 1433 1402 1403 1403 1434 1433 1434 1403 1404 1404 1435 1434 
						1435 1404 1405 1405 1436 1435 1436 1405 1406 1406 1437 1436 1437 1406 1407 1407 1438 1437 1438 1407 1408 1408 1439 1438 1439 1408 1409 1409 1440 1439 1440 1409 1410 1410 1441 1440 1441 1410 1411 1411 1442 1441 1442 1411 1412 1412 1443 1442 1445 1414 1413 1413 1444 1445 1444 1413 1415 1415 1446 1444 1446 1415 1416 1416 1447 1446 1447 1416 1417 1417 1448 1447 1448 1417 1418 1418 1449 1448 1449 1418 1419 1419 1450 1449 1450 1419 1420 1420 1451 1450 1451 1420 1421 1421 1452 1451 1452 1421 1422 1422 1453 1452 1453 1422 1423 1423 1454 1453 1454 1423 1424 1424 1455 1454 1455 1424 1425 1425 1456 1455 1456 1425 1426 1426 1457 1456 1457 1426 1427 1427 1458 1457 1458 1427 1428 1428 1459 1458 1459 1428 1429 1429 1460 1459 1460 1429 1430 1430 1461 1460 1461 1430 1431 1431 1462 1461 1462 1431 1432 1432 1463 1462 1463 1432 1433 1433 1464 1463 1464 1433 1434 1434 1465 1464 1465 1434 1435 1435 1466 1465 1466 1435 1436 1436 1467 1466 1467 1436 1437 1437 1468 1467 
						1468 1437 1438 1438 1469 1468 1469 1438 1439 1439 1470 1469 1470 1439 1440 1440 1471 1470 1471 1440 1441 1441 1472 1471 1472 1441 1442 1442 1473 1472 1473 1442 1443 1443 1474 1473 1476 1445 1444 1444 1475 1476 1475 1444 1446 1446 1477 1475 1477 1446 1447 1447 1478 1477 1478 1447 1448 1448 1479 1478 1479 1448 1449 1449 1480 1479 1480 1449 1450 1450 1481 1480 1481 1450 1451 1451 1482 1481 1482 1451 1452 1452 1483 1482 1483 1452 1453 1453 1484 1483 1484 1453 1454 1454 1485 1484 1485 1454 1455 1455 1486 1485 1486 1455 1456 1456 1487 1486 1487 1456 1457 1457 1488 1487 1488 1457 1458 1458 1489 1488 1489 1458 1459 1459 1490 1489 1490 1459 1460 1460 1491 1490 1491 1460 1461 1461 1492 1491 1492 1461 1462 1462 1493 1492 1493 1462 1463 1463 1494 1493 1494 1463 1464 1464 1495 1494 1495 1464 1465 1465 1496 1495 1496 1465 1466 1466 1497 1496 1497 1466 1467 1467 1498 1497 1498 1467 1468 1468 1499 1498 1499 1468 1469 1469 1500 1499 1500 1469 1470 1470 1501 1500 
						1501 1470 1471 1471 1502 1501 1502 1471 1472 1472 1503 1502 1503 1472 1473 1473 1504 1503 1504 1473 1474 1474 1505 1504 1507 1476 1475 1475 1506 1507 1506 1475 1477 1477 1508 1506 1508 1477 1478 1478 1509 1508 1509 1478 1479 1479 1510 1509 1510 1479 1480 1480 1511 1510 1511 1480 1481 1481 1512 1511 1512 1481 1482 1482 1513 1512 1513 1482 1483 1483 1514 1513 1514 1483 1484 1484 1515 1514 1515 1484 1485 1485 1516 1515 1516 1485 1486 1486 1517 1516 1517 1486 1487 1487 1518 1517 1518 1487 1488 1488 1519 1518 1519 1488 1489 1489 1520 1519 1520 1489 1490 1490 1521 1520 1521 1490 1491 1491 1522 1521 1522 1491 1492 1492 1523 1522 1523 1492 1493 1493 1524 1523 1524 1493 1494 1494 1525 1524 1525 1494 1495 1495 1526 1525 1526 1495 1496 1496 1527 1526 1527 1496 1497 1497 1528 1527 1528 1497 1498 1498 1529 1528 1529 1498 1499 1499 1530 1529 1530 1499 1500 1500 1531 1530 1531 1500 1501 1501 1532 1531 1532 1501 1502 1502 1533 1532 1533 1502 1503 1503 1534 1533 
						1534 1503 1504 1504 1535 1534 1535 1504 1505 1505 1536 1535 1538 1507 1506 1506 1537 1538 1537 1506 1508 1508 1539 1537 1539 1508 1509 1509 1540 1539 1540 1509 1510 1510 1541 1540 1541 1510 1511 1511 1542 1541 1542 1511 1512 1512 1543 1542 1543 1512 1513 1513 1544 1543 1544 1513 1514 1514 1545 1544 1545 1514 1515 1515 1546 1545 1546 1515 1516 1516 1547 1546 1547 1516 1517 1517 1548 1547 1548 1517 1518 1518 1549 1548 1549 1518 1519 1519 1550 1549 1550 1519 1520 1520 1551 1550 1551 1520 1521 1521 1552 1551 1552 1521 1522 1522 1553 1552 1553 1522 1523 1523 1554 1553 1554 1523 1524 1524 1555 1554 1555 1524 1525 1525 1556 1555 1556 1525 1526 1526 1557 1556 1557 1526 1527 1527 1558 1557 1558 1527 1528 1528 1559 1558 1559 1528 1529 1529 1560 1559 1560 1529 1530 1530 1561 1560 1561 1530 1531 1531 1562 1561 1562 1531 1532 1532 1563 1562 1563 1532 1533 1533 1564 1563 1564 1533 1534 1534 1565 1564 1565 1534 1535 1535 1566 1565 1566 1535 1536 1536 1567 1566 
						1569 1538 1537 1537 1568 1569 1568 1537 1539 1539 1570 1568 1570 1539 1540 1540 1571 1570 1571 1540 1541 1541 1572 1571 1572 1541 1542 1542 1573 1572 1573 1542 1543 1543 1574 1573 1574 1543 1544 1544 1575 1574 1575 1544 1545 1545 1576 1575 1576 1545 1546 1546 1577 1576 1577 1546 1547 1547 1578 1577 1578 1547 1548 1548 1579 1578 1579 1548 1549 1549 1580 1579 1580 1549 1550 1550 1581 1580 1581 1550 1551 1551 1582 1581 1582 1551 1552 1552 1583 1582 1583 1552 1553 1553 1584 1583 1584 1553 1554 1554 1585 1584 1585 1554 1555 1555 1586 1585 1586 1555 1556 1556 1587 1586 1587 1556 1557 1557 1588 1587 1588 1557 1558 1558 1589 1588 1589 1558 1559 1559 1590 1589 1590 1559 1560 1560 1591 1590 1591 1560 1561 1561 1592 1591 1592 1561 1562 1562 1593 1592 1593 1562 1563 1563 1594 1593 1594 1563 1564 1564 1595 1594 1595 1564 1565 1565 1596 1595 1596 1565 1566 1566 1597 1596 1597 1566 1567 1567 1598 1597 1600 1569 1568 1568 1599 1600 1599 1568 1570 1570 1601 1599 
						1601 1570 1571 1571 1602 1601 1602 1571 1572 1572 1603 1602 1603 1572 1573 1573 1604 1603 1604 1573 1574 1574 1605 1604 1605 1574 1575 1575 1606 1605 1606 1575 1576 1576 1607 1606 1607 1576 1577 1577 1608 1607 1608 1577 1578 1578 1609 1608 1609 1578 1579 1579 1610 1609 1610 1579 1580 1580 1611 1610 1611 1580 1581 1581 1612 1611 1612 1581 1582 1582 1613 1612 1613 1582 1583 1583 1614 1613 1614 1583 1584 1584 1615 1614 1615 1584 1585 1585 1616 1615 1616 1585 1586 1586 1617 1616 1617 1586 1587 1587 1618 1617 1618 1587 1588 1588 1619 1618 1619 1588 1589 1589 1620 1619 1620 1589 1590 1590 1621 1620 1621 1590 1591 1591 1622 1621 1622 1591 1592 1592 1623 1622 1623 1592 1593 1593 1624 1623 1624 1593 1594 1594 1625 1624 1625 1594 1595 1595 1626 1625 1626 1595 1596 1596 1627 1626 1627 1596 1597 1597 1628 1627 1628 1597 1598 1598 1629 1628 1631 1600 1599 1599 1630 1631 1630 1599 1601 1601 1632 1630 1632 1601 1602 1602 1633 1632 1633 1602 1603 1603 1634 1633 
						1634 1603 1604 1604 1635 1634 1635 1604 1605 1605 1636 1635 1636 1605 1606 1606 1637 1636 1637 1606 1607 1607 1638 1637 1638 1607 1608 1608 1639 1638 1639 1608 1609 1609 1640 1639 1640 1609 1610 1610 1641 1640 1641 1610 1611 1611 1642 1641 1642 1611 1612 1612 1643 1642 1643 1612 1613 1613 1644 1643 1644 1613 1614 1614 1645 1644 1645 1614 1615 1615 1646 1645 1646 1615 1616 1616 1647 1646 1647 1616 1617 1617 1648 1647 1648 1617 1618 1618 1649 1648 1649 1618 1619 1619 1650 1649 1650 1619 1620 1620 1651 1650 1651 1620 1621 1621 1652 1651 1652 1621 1622 1622 1653 1652 1653 1622 1623 1623 1654 1653 1654 1623 1624 1624 1655 1654 1655 1624 1625 1625 1656 1655 1656 1625 1626 1626 1657 1656 1657 1626 1627 1627 1658 1657 1658 1627 1628 1628 1659 1658 1659 1628 1629 1629 1660 1659 1662 1631 1630 1630 1661 1662 1661 1630 1632 1632 1663 1661 1663 1632 1633 1633 1664 1663 1664 1633 1634 1634 1665 1664 1665 1634 1635 1635 1666 1665 1666 1635 1636 1636 1667 1666 
						1667 1636 1637 1637 1668 1667 1668 1637 1638 1638 1669 1668 1669 1638 1639 1639 1670 1669 1670 1639 1640 1640 1671 1670 1671 1640 1641 1641 1672 1671 1672 1641 1642 1642 1673 1672 1673 1642 1643 1643 1674 1673 1674 1643 1644 1644 1675 1674 1675 1644 1645 1645 1676 1675 1676 1645 1646 1646 1677 1676 1677 1646 1647 1647 1678 1677 1678 1647 1648 1648 1679 1678 1679 1648 1649 1649 1680 1679 1680 1649 1650 1650 1681 1680 1681 1650 1651 1651 1682 1681 1682 1651 1652 1652 1683 1682 1683 1652 1653 1653 1684 1683 1684 1653 1654 1654 1685 1684 1685 1654 1655 1655 1686 1685 1686 1655 1656 1656 1687 1686 1687 1656 1657 1657 1688 1687 1688 1657 1658 1658 1689 1688 1689 1658 1659 1659 1690 1689 1690 1659 1660 1660 1691 1690 1693 1662 1661 1661 1692 1693 1692 1661 1663 1663 1694 1692 1694 1663 1664 1664 1695 1694 1695 1664 1665 1665 1696 1695 1696 1665 1666 1666 1697 1696 1697 1666 1667 1667 1698 1697 1698 1667 1668 1668 1699 1698 1699 1668 1669 1669 1700 1699 
						1700 1669 1670 1670 1701 1700 1701 1670 1671 1671 1702 1701 1702 1671 1672 1672 1703 1702 1703 1672 1673 1673 1704 1703 1704 1673 1674 1674 1705 1704 1705 1674 1675 1675 1706 1705 1706 1675 1676 1676 1707 1706 1707 1676 1677 1677 1708 1707 1708 1677 1678 1678 1709 1708 1709 1678 1679 1679 1710 1709 1710 1679 1680 1680 1711 1710 1711 1680 1681 1681 1712 1711 1712 1681 1682 1682 1713 1712 1713 1682 1683 1683 1714 1713 1714 1683 1684 1684 1715 1714 1715 1684 1685 1685 1716 1715 1716 1685 1686 1686 1717 1716 1717 1686 1687 1687 1718 1717 1718 1687 1688 1688 1719 1718 1719 1688 1689 1689 1720 1719 1720 1689 1690 1690 1721 1720 1721 1690 1691 1691 1722 1721 1726 1723 1724 1724 1725 1726 1730 1727 1728 1728 1729 1730 1734 1731 1732 1732 1733 1734 1738 1735 1736 1736 1737 1738 1742 1739 1740 1740 1741 1742 1746 1743 1744 1744 1745 1746 1750 1747 1748 1748 1749 1750 1754 1751 1752 1752 1753 1754 1758 1755 1756 1756 1757 1758 1762 1759 1760 1760 1761 1762 
						1766 1763 1764 1764 1765 1766 1770 1767 1768 1768 1769 1770 1774 1771 1772 1772 1773 1774 1778 1775 1776 1776 1777 1778 1782 1779 1780 1780 1781 1782 1786 1783 1784 1784 1785 1786 1790 1787 1788 1788 1789 1790 1794 1791 1792 1792 1793 1794 1798 1795 1796 1796 1797 1798 1802 1799 1800 1800 1801 1802 1806 1803 1804 1804 1805 1806 1810 1807 1808 1808 1809 1810 1814 1811 1812 1812 1813 1814 1818 1815 1816 1816 1817 1818 1822 1819 1820 1820 1821 1822 1826 1823 1824 1824 1825 1826 1830 1827 1828 1828 1829 1830 1834 1831 1832 1832 1833 1834 1838 1835 1836 1836 1837 1838 1842 1839 1840 1840 1841 1842 1846 1843 1844 1844 1845 1846 1850 1847 1848 1848 1849 1850 1854 1851 1852 1852 1853 1854 1858 1855 1856 1856 1857 1858 1862 1859 1860 1860 1861 1862 1866 1863 1864 1864 1865 1866 1870 1867 1868 1868 1869 1870 1874 1871 1872 1872 1873 1874 1878 1875 1876 1876 1877 1878 1882 1879 1880 1880 1881 1882 1886 1883 1884 1884 1885 1886 1890 1887 1888 1888 1889 1890 
						1894 1891 1892 1892 1893 1894 1898 1895 1896 1896 1897 1898 1902 1899 1900 1900 1901 1902 1906 1903 1904 1904 1905 1906 1910 1907 1908 1908 1909 1910 1914 1911 1912 1912 1913 1914 1918 1915 1916 1916 1917 1918 1922 1919 1920 1920 1921 1922 1926 1923 1924 1924 1925 1926 1930 1927 1928 1928 1929 1930 1934 1931 1932 1932 1933 1934 1938 1935 1936 1936 1937 1938 1942 1939 1940 1940 1941 1942 1946 1943 1944 1944 1945 1946 1950 1947 1948 1948 1949 1950 1954 1951 1952 1952 1953 1954 1958 1955 1956 1956 1957 1958 1962 1959 1960 1960 1961 1962 1966 1963 1964 1964 1965 1966 1970 1967 1968 1968 1969 1970 1974 1971 1972 1972 1973 1974 1978 1975 1976 1976 1977 1978 1982 1979 1980 1980 1981 1982 1986 1983 1984 1984 1985 1986 1990 1987 1988 1988 1989 1990 1994 1991 1992 1992 1993 1994 1998 1995 1996 1996 1997 1998 2002 1999 2000 2000 2001 2002 2006 2003 2004 2004 2005 2006 2010 2007 2008 2008 2009 2010 2014 2011 2012 2012 2013 2014 2018 2015 2016 2016 2017 2018 
						2022 2019 2020 2020 2021 2022 2026 2023 2024 2024 2025 2026 2030 2027 2028 2028 2029 2030 2034 2031 2032 2032 2033 2034 2038 2035 2036 2036 2037 2038 2042 2039 2040 2040 2041 2042 2046 2043 2044 2044 2045 2046 2050 2047 2048 2048 2049 2050 2054 2051 2052 2052 2053 2054 2058 2055 2056 2056 2057 2058 2062 2059 2060 2060 2061 2062 2066 2063 2064 2064 2065 2066 2070 2067 2068 2068 2069 2070 2100 2071 2072 2100 2072 2073 2100 2073 2074 2100 2074 2075 2100 2075 2076 2100 2076 2077 2100 2077 2078 2100 2078 2079 2100 2079 2080 2100 2080 2081 2100 2081 2082 2100 2082 2083 2100 2083 2084 2100 2084 2085 2100 2085 2086 2100 2086 2087 2100 2087 2088 2100 2088 2089 2100 2089 2090 2100 2090 2091 2100 2091 2092 2100 2092 2093 2100 2093 2094 2100 2094 2095 2100 2095 2096 2100 2096 2097 2100 2097 2098 2098 2099 2100 2104 2101 2102 2102 2103 2104 2108 2105 2106 2106 2107 2108 2112 2109 2110 2110 2111 2112 2116 2113 2114 2114 2115 2116 2115 2114 2117 2117 2118 2115 
						2118 2117 2119 2119 2120 2118 2120 2119 2121 2121 2122 2120 2122 2121 2123 2123 2124 2122 2124 2123 2125 2125 2126 2124 2126 2125 2127 2127 2128 2126 2128 2127 2129 2129 2130 2128 2130 2129 2131 2131 2132 2130 2132 2131 2133 2133 2134 2132 2134 2133 2135 2135 2136 2134 2136 2135 2137 2137 2138 2136 2138 2137 2139 2139 2140 2138 2140 2139 2141 2141 2142 2140 2142 2141 2143 2143 2144 2142 2144 2143 2145 2145 2146 2144 2146 2145 2147 2147 2148 2146 2148 2147 2149 2149 2150 2148 2150 2149 2151 2151 2152 2150 2152 2151 2153 2153 2154 2152 2154 2153 2155 2155 2156 2154 2156 2155 2157 2157 2158 2156 2158 2157 2159 2159 2160 2158 2160 2159 2161 2161 2162 2160 2162 2161 2163 2163 2164 2162 2164 2163 2165 2165 2166 2164 2166 2165 2167 2167 2168 2166 2168 2167 2169 2169 2170 2168 2170 2169 2171 2171 2172 2170 2172 2171 2173 2173 2174 2172 2113 2175 2176 2176 2114 2113 2114 2176 2177 2177 2117 2114 2117 2177 2178 2178 2119 2117 2119 2178 2179 2179 2121 2119 
						2121 2179 2180 2180 2123 2121 2123 2180 2181 2181 2125 2123 2125 2181 2182 2182 2127 2125 2127 2182 2183 2183 2129 2127 2129 2183 2184 2184 2131 2129 2131 2184 2185 2185 2133 2131 2133 2185 2186 2186 2135 2133 2135 2186 2187 2187 2137 2135 2137 2187 2188 2188 2139 2137 2139 2188 2189 2189 2141 2139 2141 2189 2190 2190 2143 2141 2143 2190 2191 2191 2145 2143 2145 2191 2192 2192 2147 2145 2147 2192 2193 2193 2149 2147 2149 2193 2194 2194 2151 2149 2151 2194 2195 2195 2153 2151 2153 2195 2196 2196 2155 2153 2155 2196 2197 2197 2157 2155 2157 2197 2198 2198 2159 2157 2159 2198 2199 2199 2161 2159 2161 2199 2200 2200 2163 2161 2163 2200 2201 2201 2165 2163 2165 2201 2202 2202 2167 2165 2167 2202 2203 2203 2169 2167 2169 2203 2204 2204 2171 2169 2171 2204 2205 2205 2173 2171 2175 1693 1692 1692 2176 2175 2176 1692 1694 1694 2177 2176 2177 1694 1695 1695 2178 2177 2178 1695 1696 1696 2179 2178 2179 1696 1697 1697 2180 2179 2180 1697 1698 1698 2181 2180 
						2181 1698 1699 1699 2182 2181 2182 1699 1700 1700 2183 2182 2183 1700 1701 1701 2184 2183 2184 1701 1702 1702 2185 2184 2185 1702 1703 1703 2186 2185 2186 1703 1704 1704 2187 2186 2187 1704 1705 1705 2188 2187 2188 1705 1706 1706 2189 2188 2189 1706 1707 1707 2190 2189 2190 1707 1708 1708 2191 2190 2191 1708 1709 1709 2192 2191 2192 1709 1710 1710 2193 2192 2193 1710 1711 1711 2194 2193 2194 1711 1712 1712 2195 2194 2195 1712 1713 1713 2196 2195 2196 1713 1714 1714 2197 2196 2197 1714 1715 1715 2198 2197 2198 1715 1716 1716 2199 2198 2199 1716 1717 1717 2200 2199 2200 1717 1718 1718 2201 2200 2201 1718 1719 1719 2202 2201 2202 1719 1720 1720 2203 2202 2203 1720 1721 1721 2204 2203 2204 1721 1722 1722 2205 2204 2209 2206 2207 2207 2208 2209 2213 2210 2211 2211 2212 2213 2217 2214 2215 2215 2216 2217 2221 2218 2219 2219 2220 2221 2225 2222 2223 2223 2224 2225 2229 2226 2227 2227 2228 2229 2233 2230 2231 2231 2232 2233 2237 2234 2235 2235 2236 2237 
						2241 2238 2239 2239 2240 2241 2245 2242 2243 2243 2244 2245 2249 2246 2247 2247 2248 2249 2253 2250 2251 2251 2252 2253 2257 2254 2255 2255 2256 2257 2261 2258 2259 2259 2260 2261 2265 2262 2263 2263 2264 2265 2269 2266 2267 2267 2268 2269 2273 2270 2271 2271 2272 2273 2277 2274 2275 2275 2276 2277 2281 2278 2279 2279 2280 2281 2285 2282 2283 2283 2284 2285 2289 2286 2287 2287 2288 2289 2293 2290 2291 2291 2292 2293 2297 2294 2295 2295 2296 2297 2301 2298 2299 2299 2300 2301 2305 2302 2303 2303 2304 2305 2309 2306 2307 2307 2308 2309 2313 2310 2311 2311 2312 2313 2317 2314 2315 2315 2316 2317 2321 2318 2319 2319 2320 2321 2325 2322 2323 2323 2324 2325 2329 2326 2327 2327 2328 2329 2333 2330 2331 2331 2332 2333 2337 2334 2335 2335 2336 2337 2341 2338 2339 2339 2340 2341 2345 2342 2343 2343 2344 2345 2349 2346 2347 2347 2348 2349 2353 2350 2351 2351 2352 2353 2357 2354 2355 2355 2356 2357 2361 2358 2359 2359 2360 2361 2365 2362 2363 2363 2364 2365 
						2369 2366 2367 2367 2368 2369 2373 2370 2371 2371 2372 2373 2377 2374 2375 2375 2376 2377 2381 2378 2379 2379 2380 2381 2385 2382 2383 2383 2384 2385 2389 2386 2387 2387 2388 2389 2393 2390 2391 2391 2392 2393 2397 2394 2395 2395 2396 2397 2401 2398 2399 2399 2400 2401 2405 2402 2403 2403 2404 2405 2409 2406 2407 2407 2408 2409 2413 2410 2411 2411 2412 2413 2417 2414 2415 2415 2416 2417 2421 2418 2419 2419 2420 2421 2425 2422 2423 2423 2424 2425 2429 2426 2427 2427 2428 2429 2433 2430 2431 2431 2432 2433 2437 2434 2435 2435 2436 2437 2441 2438 2439 2439 2440 2441 2445 2442 2443 2443 2444 2445 2332 2331 2446 2446 2447 2332 2451 2448 2449 2449 2450 2451 2455 2452 2453 2453 2454 2455 2457 2456 2328 2328 2327 2457 2336 2335 2458 2458 2459 2336 2463 2460 2461 2461 2462 2463 2340 2339 2464 2464 2465 2340 2469 2466 2467 2467 2468 2469 2344 2343 2470 2470 2471 2344 2475 2472 2473 2473 2474 2475 2348 2347 2476 2476 2477 2348 2481 2478 2479 2479 2480 2481 
						2352 2351 2482 2482 2483 2352 2487 2484 2485 2485 2486 2487 2356 2355 2488 2488 2489 2356 2493 2490 2491 2491 2492 2493 2360 2359 2494 2494 2495 2360 2499 2496 2497 2497 2498 2499 2364 2363 2500 2500 2501 2364 2505 2502 2503 2503 2504 2505 2368 2367 2506 2506 2507 2368 2511 2508 2509 2509 2510 2511 2372 2371 2512 2512 2513 2372 2517 2514 2515 2515 2516 2517 2376 2375 2518 2518 2519 2376 2523 2520 2521 2521 2522 2523 2380 2379 2524 2524 2525 2380 2529 2526 2527 2527 2528 2529 2384 2383 2530 2530 2531 2384 2535 2532 2533 2533 2534 2535 2388 2387 2536 2536 2537 2388 2541 2538 2539 2539 2540 2541 2392 2391 2542 2542 2543 2392 2547 2544 2545 2545 2546 2547 2396 2395 2548 2548 2549 2396 2553 2550 2551 2551 2552 2553 2400 2399 2554 2554 2555 2400 2559 2556 2557 2557 2558 2559 2404 2403 2560 2560 2561 2404 2565 2562 2563 2563 2564 2565 2408 2407 2566 2566 2567 2408 2571 2568 2569 2569 2570 2571 2412 2411 2572 2572 2573 2412 2577 2574 2575 2575 2576 2577 
						2416 2415 2578 2578 2579 2416 2583 2580 2581 2581 2582 2583 2420 2419 2584 2584 2585 2420 2589 2586 2587 2587 2588 2589 2424 2423 2590 2590 2591 2424 2595 2592 2593 2593 2594 2595 2428 2427 2596 2596 2597 2428 2601 2598 2599 2599 2600 2601 2432 2431 2602 2602 2603 2432 2607 2604 2605 2605 2606 2607 2436 2435 2608 2608 2609 2436 2613 2610 2611 2611 2612 2613 2440 2439 2614 2614 2615 2440 2619 2616 2617 2617 2618 2619 2623 2620 2621 2621 2622 2623 2625 2624 2444 2444 2443 2625 2629 2626 2627 2627 2628 2629 2633 2630 2631 2631 2632 2633 2637 2634 2635 2635 2636 2637 2641 2638 2639 2639 2640 2641 2645 2642 2643 2643 2644 2645 2649 2646 2647 2647 2648 2649 2653 2650 2651 2651 2652 2653 2657 2654 2655 2655 2656 2657 2661 2658 2659 2659 2660 2661 2665 2662 2663 2663 2664 2665 2669 2666 2667 2667 2668 2669 2673 2670 2671 2671 2672 2673 2677 2674 2675 2675 2676 2677 2681 2678 2679 2679 2680 2681 2685 2682 2683 2683 2684 2685 2689 2686 2687 2687 2688 2689 
						2693 2690 2691 2691 2692 2693 2697 2694 2695 2695 2696 2697 2701 2698 2699 2699 2700 2701 2705 2702 2703 2703 2704 2705 2709 2706 2707 2707 2708 2709 2713 2710 2711 2711 2712 2713 2717 2714 2715 2715 2716 2717 2721 2718 2719 2719 2720 2721 2725 2722 2723 2723 2724 2725 2729 2726 2727 2727 2728 2729 2733 2730 2731 2731 2732 2733 2737 2734 2735 2735 2736 2737 2741 2738 2739 2739 2740 2741 2745 2742 2743 2743 2744 2745 2749 2746 2747 2747 2748 2749 2753 2750 2751 2751 2752 2753 2757 2754 2755 2755 2756 2757 2761 2758 2759 2759 2760 2761 2765 2762 2763 2763 2764 2765 2769 2766 2767 2767 2768 2769 2773 2770 2771 2771 2772 2773 2777 2774 2775 2775 2776 2777 2781 2778 2779 2779 2780 2781 2785 2782 2783 2783 2784 2785 2789 2786 2787 2787 2788 2789 2793 2790 2791 2791 2792 2793 2797 2794 2795 2795 2796 2797 2801 2798 2799 2799 2800 2801 2805 2802 2803 2803 2804 2805 2809 2806 2807 2807 2808 2809 2813 2810 2811 2811 2812 2813 2817 2814 2815 2815 2816 2817 
						2821 2818 2819 2819 2820 2821 2825 2822 2823 2823 2824 2825 2829 2826 2827 2827 2828 2829 2833 2830 2831 2831 2832 2833 2837 2834 2835 2835 2836 2837 2841 2838 2839 2839 2840 2841 2845 2842 2843 2843 2844 2845 2849 2846 2847 2847 2848 2849 2853 2850 2851 2851 2852 2853 2857 2854 2855 2855 2856 2857 2861 2858 2859 2859 2860 2861 2865 2862 2863 2863 2864 2865 2869 2866 2867 2867 2868 2869 2873 2870 2871 2871 2872 2873 2877 2874 2875 2875 2876 2877 2881 2878 2879 2879 2880 2881 2885 2882 2883 2883 2884 2885 2889 2886 2887 2887 2888 2889 2893 2890 2891 2891 2892 2893 2897 2894 2895 2895 2896 2897 2901 2898 2899 2899 2900 2901 2905 2902 2903 2903 2904 2905 2909 2906 2907 2907 2908 2909 2913 2910 2911 2911 2912 2913 2917 2914 2915 2915 2916 2917 2921 2918 2919 2919 2920 2921 2925 2922 2923 2923 2924 2925 2929 2926 2927 2927 2928 2929 2933 2930 2931 2931 2932 2933 2937 2934 2935 2935 2936 2937 2941 2938 2939 2939 2940 2941 2945 2942 2943 2943 2944 2945 
						2949 2946 2947 2947 2948 2949 2953 2950 2951 2951 2952 2953 2957 2954 2955 2955 2956 2957 2961 2958 2959 2959 2960 2961 2965 2962 2963 2963 2964 2965 2969 2966 2967 2967 2968 2969 2973 2970 2971 2971 2972 2973 2977 2974 2975 2975 2976 2977 2981 2978 2979 2979 2980 2981 2985 2982 2983 2983 2984 2985 
					</p>
				</polylist>
			</mesh>
		</geometry>
	</library_geometries>
	<library_visual_scenes>
		<visual_scene id="flask.obj" name="flask.obj">
			<node id="default" name="default">
				<matrix>1.000000 0.000000 0.000000 0.000000 0.000000 1.000000 0.000000 0.000000 0.000000 0.000000 1.000000 0.000000 0.000000 0.000000 0.000000 1.000000</matrix>
			</node>
			<node id="pSphere3" name="pSphere3">
				<matrix>1.000000 0.000000 0.000000 0.000000 0.000000 1.000000 0.000000 0.000000 0.000000 0.000000 1.000000 0.000000 0.000000 0.000000 0.000000 1.000000</matrix>
				<instance_geometry url="#meshId0">
					<bind_material>
						<technique_common>
							<instance_material symbol="defaultMaterial" target="#glass" />
						</technique_common>
					</bind_material>
				</instance_geometry>
			</node>
		</visual_scene>
	</library_visual_scenes>
	<scene>
		<instance_visual_scene url="#flask.obj" />
	</scene>
</COLLADA>
